"","date_time","mean_temp","mean_level"
"1",2024-10-01,8.6535,9.472325
"2",2024-10-01 01:00:00,8.61275,9.471675
"3",2024-10-01 02:00:00,8.587,9.47015
"4",2024-10-01 03:00:00,8.56875,9.46895
"5",2024-10-01 04:00:00,8.54625,9.4683
"6",2024-10-01 05:00:00,8.5115,9.469375
"7",2024-10-01 06:00:00,8.484,9.46995
"8",2024-10-01 07:00:00,8.47,9.470675
"9",2024-10-01 08:00:00,8.536,9.473375
"10",2024-10-01 09:00:00,8.73925,9.47695
"11",2024-10-01 10:00:00,8.957,9.48045
"12",2024-10-01 11:00:00,9.1415,9.481025
"13",2024-10-01 12:00:00,9.33025,9.4829
"14",2024-10-01 13:00:00,9.435,9.48035
"15",2024-10-01 14:00:00,9.45125,9.4746
"16",2024-10-01 15:00:00,9.3835,9.4678
"17",2024-10-01 16:00:00,9.26775,9.46245
"18",2024-10-01 17:00:00,9.15325,9.45855
"19",2024-10-01 18:00:00,9.01825,9.45605
"20",2024-10-01 19:00:00,8.9125,9.455
"21",2024-10-01 20:00:00,8.83625,9.456825
"22",2024-10-01 21:00:00,8.77625,9.459
"23",2024-10-01 22:00:00,8.7345,9.458775
"24",2024-10-01 23:00:00,8.70525,9.458075
"25",2024-10-02,8.677,9.456325
"26",2024-10-02 01:00:00,8.66375,9.455075
"27",2024-10-02 02:00:00,8.646,9.453
"28",2024-10-02 03:00:00,8.6335,9.4515
"29",2024-10-02 04:00:00,8.586,9.45065
"30",2024-10-02 05:00:00,8.53825,9.4494
"31",2024-10-02 06:00:00,8.52425,9.44935
"32",2024-10-02 07:00:00,8.51675,9.45035
"33",2024-10-02 08:00:00,8.592,9.4518
"34",2024-10-02 09:00:00,8.778,9.4554
"35",2024-10-02 10:00:00,8.99275,9.45855
"36",2024-10-02 11:00:00,9.17575,9.45915
"37",2024-10-02 12:00:00,9.36875,9.45605
"38",2024-10-02 13:00:00,9.48725,9.448525
"39",2024-10-02 14:00:00,9.5135,9.44055
"40",2024-10-02 15:00:00,9.44675,9.432325
"41",2024-10-02 16:00:00,9.319,9.4261
"42",2024-10-02 17:00:00,9.248,9.422125
"43",2024-10-02 18:00:00,9.14975,9.419525
"44",2024-10-02 19:00:00,9.0345,9.418275
"45",2024-10-02 20:00:00,8.9885,9.4195
"46",2024-10-02 21:00:00,8.92875,9.42265
"47",2024-10-02 22:00:00,8.849,9.42365
"48",2024-10-02 23:00:00,8.7945,9.42275
"49",2024-10-03,8.7535,9.421325
"50",2024-10-03 01:00:00,8.71525,9.420875
"51",2024-10-03 02:00:00,8.6905,9.419575
"52",2024-10-03 03:00:00,8.6535,9.4181
"53",2024-10-03 04:00:00,8.634,9.4157
"54",2024-10-03 05:00:00,8.62625,9.414225
"55",2024-10-03 06:00:00,8.5945,9.413275
"56",2024-10-03 07:00:00,8.56875,9.413725
"57",2024-10-03 08:00:00,8.613,9.415675
"58",2024-10-03 09:00:00,8.792,9.42
"59",2024-10-03 10:00:00,8.9885,9.42215
"60",2024-10-03 11:00:00,9.1775,9.42185
"61",2024-10-03 12:00:00,9.35,9.416925
"62",2024-10-03 13:00:00,9.4445,9.40565
"63",2024-10-03 14:00:00,9.44775,9.38815
"64",2024-10-03 15:00:00,9.395,9.380975
"65",2024-10-03 16:00:00,9.289,9.37605
"66",2024-10-03 17:00:00,9.17,9.372125
"67",2024-10-03 18:00:00,9.0425,9.371625
"68",2024-10-03 19:00:00,8.9525,9.3721
"69",2024-10-03 20:00:00,8.8815,9.375575
"70",2024-10-03 21:00:00,8.83825,9.380225
"71",2024-10-03 22:00:00,8.813,9.383925
"72",2024-10-03 23:00:00,8.7925,9.384925
"73",2024-10-04,8.77675,9.383725
"74",2024-10-04 01:00:00,8.752,9.3837
"75",2024-10-04 02:00:00,8.73925,9.385
"76",2024-10-04 03:00:00,8.7345,9.383675
"77",2024-10-04 04:00:00,8.69975,9.3837
"78",2024-10-04 05:00:00,8.66875,9.384
"79",2024-10-04 06:00:00,8.65225,9.385825
"80",2024-10-04 07:00:00,8.6335,9.390075
"81",2024-10-04 08:00:00,8.68375,9.395
"82",2024-10-04 09:00:00,8.84525,9.402875
"83",2024-10-04 10:00:00,9.03775,9.415075
"84",2024-10-04 11:00:00,9.22675,9.417825
"85",2024-10-04 12:00:00,9.425,9.4218
"86",2024-10-04 13:00:00,9.527,9.4224
"87",2024-10-04 14:00:00,9.57775,9.42195
"88",2024-10-04 15:00:00,9.52525,9.42275
"89",2024-10-04 16:00:00,9.3855,9.421525
"90",2024-10-04 17:00:00,9.212,9.4201
"91",2024-10-04 18:00:00,9.0235,9.41805
"92",2024-10-04 19:00:00,8.88775,9.41755
"93",2024-10-04 20:00:00,8.797,9.419575
"94",2024-10-04 21:00:00,8.745,9.422875
"95",2024-10-04 22:00:00,8.6905,9.427675
"96",2024-10-04 23:00:00,8.6395,9.43355
"97",2024-10-05,8.60475,9.439825
"98",2024-10-05 01:00:00,8.568,9.444625
"99",2024-10-05 02:00:00,8.544,9.4519
"100",2024-10-05 03:00:00,8.5455,9.45265
"101",2024-10-05 04:00:00,8.5095,9.45285
"102",2024-10-05 05:00:00,8.466,9.45365
"103",2024-10-05 06:00:00,8.4375,9.45865
"104",2024-10-05 07:00:00,8.44125,9.4642
"105",2024-10-05 08:00:00,8.515,9.467725
"106",2024-10-05 09:00:00,8.698,9.473075
"107",2024-10-05 10:00:00,8.906,9.478475
"108",2024-10-05 11:00:00,9.08575,9.481475
"109",2024-10-05 12:00:00,9.27375,9.48115
"110",2024-10-05 13:00:00,9.378,9.478275
"111",2024-10-05 14:00:00,9.39875,9.47215
"112",2024-10-05 15:00:00,9.3425,9.467
"113",2024-10-05 16:00:00,9.249,9.462675
"114",2024-10-05 17:00:00,9.1405,9.46
"115",2024-10-05 18:00:00,9.01375,9.45755
"116",2024-10-05 19:00:00,8.9235,9.457025
"117",2024-10-05 20:00:00,8.86575,9.4581
"118",2024-10-05 21:00:00,8.81525,9.4611
"119",2024-10-05 22:00:00,8.775,9.4627
"120",2024-10-05 23:00:00,8.743,9.46365
"121",2024-10-06,8.715,9.46395
"122",2024-10-06 01:00:00,8.696,9.463075
"123",2024-10-06 02:00:00,8.6685,9.462625
"124",2024-10-06 03:00:00,8.6275,9.46205
"125",2024-10-06 04:00:00,8.59425,9.4612
"126",2024-10-06 05:00:00,8.5715,9.462725
"127",2024-10-06 06:00:00,8.53025,9.464625
"128",2024-10-06 07:00:00,8.5245,9.466525
"129",2024-10-06 08:00:00,8.57975,9.46925
"130",2024-10-06 09:00:00,8.75625,9.474125
"131",2024-10-06 10:00:00,8.96275,9.478175
"132",2024-10-06 11:00:00,9.1415,9.479675
"133",2024-10-06 12:00:00,9.33375,9.4809
"134",2024-10-06 13:00:00,9.428,9.4789
"135",2024-10-06 14:00:00,9.4525,9.474675
"136",2024-10-06 15:00:00,9.386,9.4697
"137",2024-10-06 16:00:00,9.28625,9.465475
"138",2024-10-06 17:00:00,9.1825,9.4614
"139",2024-10-06 18:00:00,9.06275,9.458025
"140",2024-10-06 19:00:00,8.95425,9.457375
"141",2024-10-06 20:00:00,8.89,9.4577
"142",2024-10-06 21:00:00,8.83025,9.45805
"143",2024-10-06 22:00:00,8.7935,9.45865
"144",2024-10-06 23:00:00,8.771,9.4588
"145",2024-10-07,8.74175,9.457775
"146",2024-10-07 01:00:00,8.72225,9.456525
"147",2024-10-07 02:00:00,8.69875,9.4544
"148",2024-10-07 03:00:00,8.66625,9.452425
"149",2024-10-07 04:00:00,8.632,9.449975
"150",2024-10-07 05:00:00,8.615,9.44885
"151",2024-10-07 06:00:00,8.6045,9.447925
"152",2024-10-07 07:00:00,8.58475,9.447125
"153",2024-10-07 08:00:00,8.62,9.448775
"154",2024-10-07 09:00:00,8.79075,9.451825
"155",2024-10-07 10:00:00,8.98925,9.455775
"156",2024-10-07 11:00:00,9.1595,9.454975
"157",2024-10-07 12:00:00,9.34975,9.4551
"158",2024-10-07 13:00:00,9.42375,9.44865
"159",2024-10-07 14:00:00,9.4465,9.44095
"160",2024-10-07 15:00:00,9.389,9.43465
"161",2024-10-07 16:00:00,9.27575,9.42825
"162",2024-10-07 17:00:00,9.157,9.424025
"163",2024-10-07 18:00:00,9.03225,9.421625
"164",2024-10-07 19:00:00,8.9385,9.421275
"165",2024-10-07 20:00:00,8.8995,9.422725
"166",2024-10-07 21:00:00,8.83725,9.424175
"167",2024-10-07 22:00:00,8.7875,9.424125
"168",2024-10-07 23:00:00,8.751,9.42345
"169",2024-10-08,8.72875,9.422525
"170",2024-10-08 01:00:00,8.702,9.421625
"171",2024-10-08 02:00:00,8.685,9.4214
"172",2024-10-08 03:00:00,8.65375,9.420375
"173",2024-10-08 04:00:00,8.6125,9.4203
"174",2024-10-08 05:00:00,8.5825,9.421275
"175",2024-10-08 06:00:00,8.554,9.421375
"176",2024-10-08 07:00:00,8.52475,9.4206
"177",2024-10-08 08:00:00,8.5785,9.42125
"178",2024-10-08 09:00:00,8.75475,9.426525
"179",2024-10-08 10:00:00,8.96125,9.430375
"180",2024-10-08 11:00:00,9.139,9.431525
"181",2024-10-08 12:00:00,9.33925,9.430525
"182",2024-10-08 13:00:00,9.43375,9.42495
"183",2024-10-08 14:00:00,9.43825,9.4162
"184",2024-10-08 15:00:00,9.36975,9.41075
"185",2024-10-08 16:00:00,9.26775,9.406125
"186",2024-10-08 17:00:00,9.1555,9.4041
"187",2024-10-08 18:00:00,9.0245,9.403075
"188",2024-10-08 19:00:00,8.95625,9.40455
"189",2024-10-08 20:00:00,8.91025,9.40735
"190",2024-10-08 21:00:00,8.82475,9.409925
"191",2024-10-08 22:00:00,8.763,9.4143
"192",2024-10-08 23:00:00,8.7295,9.41755
"193",2024-10-09,8.715,9.4189
"194",2024-10-09 01:00:00,8.68375,9.419075
"195",2024-10-09 02:00:00,8.66425,9.4197
"196",2024-10-09 03:00:00,8.639,9.4197
"197",2024-10-09 04:00:00,8.62025,9.419375
"198",2024-10-09 05:00:00,8.60075,9.419925
"199",2024-10-09 06:00:00,8.58025,9.42145
"200",2024-10-09 07:00:00,8.56125,9.423025
"201",2024-10-09 08:00:00,8.607,9.426825
"202",2024-10-09 09:00:00,8.78,9.43205
"203",2024-10-09 10:00:00,8.9855,9.436575
"204",2024-10-09 11:00:00,9.15475,9.437825
"205",2024-10-09 12:00:00,9.35925,9.4393
"206",2024-10-09 13:00:00,9.44775,9.4369
"207",2024-10-09 14:00:00,9.45175,9.432425
"208",2024-10-09 15:00:00,9.40425,9.429625
"209",2024-10-09 16:00:00,9.27825,9.426375
"210",2024-10-09 17:00:00,9.163,9.424
"211",2024-10-09 18:00:00,9.069,9.423825
"212",2024-10-09 19:00:00,8.95925,9.42465
"213",2024-10-09 20:00:00,8.918,9.425025
"214",2024-10-09 21:00:00,8.87375,9.425475
"215",2024-10-09 22:00:00,8.81775,9.427575
"216",2024-10-09 23:00:00,8.78075,9.428075
"217",2024-10-10,8.783,9.429275
"218",2024-10-10 01:00:00,8.788,9.42915
"219",2024-10-10 02:00:00,8.778,9.428925
"220",2024-10-10 03:00:00,8.761,9.4269
"221",2024-10-10 04:00:00,8.72825,9.425125
"222",2024-10-10 05:00:00,8.71975,9.426275
"223",2024-10-10 06:00:00,8.72575,9.427425
"224",2024-10-10 07:00:00,8.7265,9.42955
"225",2024-10-10 08:00:00,8.7555,9.433875
"226",2024-10-10 09:00:00,8.86675,9.43475
"227",2024-10-10 10:00:00,8.94875,9.43515
"228",2024-10-10 11:00:00,9.158,9.433025
"229",2024-10-10 12:00:00,9.358,9.4345
"230",2024-10-10 13:00:00,9.4235,9.431125
"231",2024-10-10 14:00:00,9.44,9.428075
"232",2024-10-10 15:00:00,9.391,9.4245
"233",2024-10-10 16:00:00,9.27625,9.41955
"234",2024-10-10 17:00:00,9.1285,9.4161
"235",2024-10-10 18:00:00,8.9925,9.414725
"236",2024-10-10 19:00:00,8.893,9.4163
"237",2024-10-10 20:00:00,8.831,9.4179
"238",2024-10-10 21:00:00,8.78925,9.418225
"239",2024-10-10 22:00:00,8.76725,9.418675
"240",2024-10-10 23:00:00,8.74075,9.420825
"241",2024-10-11,8.71425,9.420625
"242",2024-10-11 01:00:00,8.6995,9.42105
"243",2024-10-11 02:00:00,8.68375,9.4204
"244",2024-10-11 03:00:00,8.66725,9.418775
"245",2024-10-11 04:00:00,8.65375,9.418225
"246",2024-10-11 05:00:00,8.639,9.418475
"247",2024-10-11 06:00:00,8.63975,9.4207
"248",2024-10-11 07:00:00,8.66925,9.42655
"249",2024-10-11 08:00:00,8.70975,9.428475
"250",2024-10-11 09:00:00,8.83125,9.4296
"251",2024-10-11 10:00:00,8.96,9.43005
"252",2024-10-11 11:00:00,9.08475,9.4284
"253",2024-10-11 12:00:00,9.16575,9.425475
"254",2024-10-11 13:00:00,9.21025,9.42215
"255",2024-10-11 14:00:00,9.23025,9.418275
"256",2024-10-11 15:00:00,9.277,9.41545
"257",2024-10-11 16:00:00,9.261,9.414
"258",2024-10-11 17:00:00,9.199,9.4118
"259",2024-10-11 18:00:00,9.091,9.411525
"260",2024-10-11 19:00:00,8.963,9.4121
"261",2024-10-11 20:00:00,8.94875,9.412375
"262",2024-10-11 21:00:00,8.928,9.414975
"263",2024-10-11 22:00:00,8.877,9.417875
"264",2024-10-11 23:00:00,8.833,9.4189
"265",2024-10-12,8.83875,9.421425
"266",2024-10-12 01:00:00,8.88575,9.424425
"267",2024-10-12 02:00:00,8.906,9.42395
"268",2024-10-12 03:00:00,8.92125,9.424825
"269",2024-10-12 04:00:00,8.89625,9.42205
"270",2024-10-12 05:00:00,8.88975,9.4267
"271",2024-10-12 06:00:00,8.862,9.4293
"272",2024-10-12 07:00:00,8.8345,9.433125
"273",2024-10-12 08:00:00,8.8645,9.4382
"274",2024-10-12 09:00:00,8.948,9.4445
"275",2024-10-12 10:00:00,9.052,9.4472
"276",2024-10-12 11:00:00,9.19475,9.447575
"277",2024-10-12 12:00:00,9.3135,9.450325
"278",2024-10-12 13:00:00,9.3565,9.449025
"279",2024-10-12 14:00:00,9.384,9.4472
"280",2024-10-12 15:00:00,9.3275,9.44465
"281",2024-10-12 16:00:00,9.1785,9.442425
"282",2024-10-12 17:00:00,9.0535,9.44285
"283",2024-10-12 18:00:00,8.9075,9.448275
"284",2024-10-12 19:00:00,8.83175,9.452175
"285",2024-10-12 20:00:00,8.79175,9.4531
"286",2024-10-12 21:00:00,8.7345,9.4569
"287",2024-10-12 22:00:00,8.70475,9.45765
"288",2024-10-12 23:00:00,8.70075,9.459275
"289",2024-10-13,8.67925,9.460225
"290",2024-10-13 01:00:00,8.65025,9.464525
"291",2024-10-13 02:00:00,8.61475,9.4645
"292",2024-10-13 03:00:00,8.59475,9.463125
"293",2024-10-13 04:00:00,8.56575,9.46305
"294",2024-10-13 05:00:00,8.5415,9.461775
"295",2024-10-13 06:00:00,8.52925,9.4611
"296",2024-10-13 07:00:00,8.50675,9.46375
"297",2024-10-13 08:00:00,8.54275,9.466075
"298",2024-10-13 09:00:00,8.71825,9.469875
"299",2024-10-13 10:00:00,8.932,9.47165
"300",2024-10-13 11:00:00,9.10475,9.470825
"301",2024-10-13 12:00:00,9.283,9.4707
"302",2024-10-13 13:00:00,9.362,9.467425
"303",2024-10-13 14:00:00,9.3655,9.46035
"304",2024-10-13 15:00:00,9.29125,9.45315
"305",2024-10-13 16:00:00,9.17875,9.45125
"306",2024-10-13 17:00:00,9.056,9.447425
"307",2024-10-13 18:00:00,8.9345,9.44555
"308",2024-10-13 19:00:00,8.852,9.44605
"309",2024-10-13 20:00:00,8.81125,9.4485
"310",2024-10-13 21:00:00,8.784,9.450625
"311",2024-10-13 22:00:00,8.75575,9.45185
"312",2024-10-13 23:00:00,8.7285,9.450525
"313",2024-10-14,8.70425,9.4496
"314",2024-10-14 01:00:00,8.68475,9.448825
"315",2024-10-14 02:00:00,8.657,9.449425
"316",2024-10-14 03:00:00,8.62,9.4499
"317",2024-10-14 04:00:00,8.595,9.450775
"318",2024-10-14 05:00:00,8.576,9.453
"319",2024-10-14 06:00:00,8.5535,9.454175
"320",2024-10-14 07:00:00,8.53375,9.454325
"321",2024-10-14 08:00:00,8.56825,9.460025
"322",2024-10-14 09:00:00,8.74775,9.464275
"323",2024-10-14 10:00:00,8.9615,9.46425
"324",2024-10-14 11:00:00,9.12925,9.466175
"325",2024-10-14 12:00:00,9.3005,9.46595
"326",2024-10-14 13:00:00,9.39875,9.463
"327",2024-10-14 14:00:00,9.4015,9.45845
"328",2024-10-14 15:00:00,9.33175,9.456
"329",2024-10-14 16:00:00,9.2075,9.452125
"330",2024-10-14 17:00:00,9.07975,9.448175
"331",2024-10-14 18:00:00,8.95175,9.445125
"332",2024-10-14 19:00:00,8.85775,9.444225
"333",2024-10-14 20:00:00,8.7995,9.4435
"334",2024-10-14 21:00:00,8.75975,9.444725
"335",2024-10-14 22:00:00,8.73625,9.4463
"336",2024-10-14 23:00:00,8.71,9.448325
"337",2024-10-15,8.689,9.4471
"338",2024-10-15 01:00:00,8.676,9.44505
"339",2024-10-15 02:00:00,8.6585,9.44515
"340",2024-10-15 03:00:00,8.62625,9.44455
"341",2024-10-15 04:00:00,8.6155,9.4444
"342",2024-10-15 05:00:00,8.6245,9.4447
"343",2024-10-15 06:00:00,8.59125,9.4457
"344",2024-10-15 07:00:00,8.57925,9.442425
"345",2024-10-15 08:00:00,8.61025,9.444475
"346",2024-10-15 09:00:00,8.762,9.44565
"347",2024-10-15 10:00:00,8.95975,9.4468
"348",2024-10-15 11:00:00,9.1175,9.4471
"349",2024-10-15 12:00:00,9.28575,9.44685
"350",2024-10-15 13:00:00,9.3795,9.44285
"351",2024-10-15 14:00:00,9.49075,9.437525
"352",2024-10-15 15:00:00,9.3965,9.4303
"353",2024-10-15 16:00:00,9.28125,9.425925
"354",2024-10-15 17:00:00,9.15675,9.42235
"355",2024-10-15 18:00:00,9.082,9.42295
"356",2024-10-15 19:00:00,8.9905,9.423275
"357",2024-10-15 20:00:00,8.98125,9.425475
"358",2024-10-15 21:00:00,8.9545,9.426375
"359",2024-10-15 22:00:00,8.95375,9.43
"360",2024-10-15 23:00:00,8.9485,9.432825
"361",2024-10-16,8.908,9.4309
"362",2024-10-16 01:00:00,8.88225,9.42915
"363",2024-10-16 02:00:00,8.877,9.427625
"364",2024-10-16 03:00:00,8.87475,9.425725
"365",2024-10-16 04:00:00,8.88075,9.424675
"366",2024-10-16 05:00:00,8.88325,9.423625
"367",2024-10-16 06:00:00,8.87525,9.42485
"368",2024-10-16 07:00:00,8.87,9.425575
"369",2024-10-16 08:00:00,8.86475,9.423475
"370",2024-10-16 09:00:00,8.89975,9.42545
"371",2024-10-16 10:00:00,8.54433333333333,9.4214
"372",2024-10-16 11:00:00,8.529,9.420725
"373",2024-10-16 12:00:00,8.56675,9.42065
"374",2024-10-16 13:00:00,8.5815,9.42095
"375",2024-10-16 14:00:00,8.73325,9.42195
"376",2024-10-16 15:00:00,8.6375,9.41995
"377",2024-10-16 16:00:00,8.59175,9.418175
"378",2024-10-16 17:00:00,8.5325,9.4192
"379",2024-10-16 18:00:00,8.4255,9.414675
"380",2024-10-16 19:00:00,8.309,9.412625
"381",2024-10-16 20:00:00,8.2785,9.41485
"382",2024-10-16 21:00:00,8.3005,9.4146
"383",2024-10-16 22:00:00,8.302,9.4138
"384",2024-10-16 23:00:00,8.298,9.411575
"385",2024-10-17,8.287,9.4095
"386",2024-10-17 01:00:00,8.28625,9.407475
"387",2024-10-17 02:00:00,8.267,9.40545
"388",2024-10-17 03:00:00,8.26475,9.4036
"389",2024-10-17 04:00:00,8.22775,9.40395
"390",2024-10-17 05:00:00,8.1335,9.40345
"391",2024-10-17 06:00:00,8.09425,9.405225
"392",2024-10-17 07:00:00,8.07825,9.4078
"393",2024-10-17 08:00:00,8.07175,9.410725
"394",2024-10-17 09:00:00,8.17425,9.415725
"395",2024-10-17 10:00:00,8.233,9.421875
"396",2024-10-17 11:00:00,8.34725,9.42725
"397",2024-10-17 12:00:00,8.38425,9.428625
"398",2024-10-17 13:00:00,8.3495,9.43045
"399",2024-10-17 14:00:00,8.42375,9.434
"400",2024-10-17 15:00:00,8.4105,9.436075
"401",2024-10-17 16:00:00,8.28525,9.43825
"402",2024-10-17 17:00:00,8.189,9.442725
"403",2024-10-17 18:00:00,8.11475,9.447225
"404",2024-10-17 19:00:00,8.05475,9.453875
"405",2024-10-17 20:00:00,8.00175,9.462775
"406",2024-10-17 21:00:00,7.9265,9.467
"407",2024-10-17 22:00:00,7.86125,9.47075
"408",2024-10-17 23:00:00,7.811,9.4731
"409",2024-10-18,7.7655,9.476925
"410",2024-10-18 01:00:00,7.727,9.47965
"411",2024-10-18 02:00:00,7.70475,9.481275
"412",2024-10-18 03:00:00,7.68025,9.4816
"413",2024-10-18 04:00:00,7.668,9.48155
"414",2024-10-18 05:00:00,7.66475,9.487275
"415",2024-10-18 06:00:00,7.6455,9.49335
"416",2024-10-18 07:00:00,7.6245,9.49765
"417",2024-10-18 08:00:00,7.6415,9.505725
"418",2024-10-18 09:00:00,7.79475,9.510975
"419",2024-10-18 10:00:00,8.01775,9.518175
"420",2024-10-18 11:00:00,8.20825,9.521475
"421",2024-10-18 12:00:00,8.378,9.520875
"422",2024-10-18 13:00:00,8.47975,9.5185
"423",2024-10-18 14:00:00,8.522,9.514375
"424",2024-10-18 15:00:00,8.49675,9.512575
"425",2024-10-18 16:00:00,8.42475,9.51175
"426",2024-10-18 17:00:00,8.326,9.510575
"427",2024-10-18 18:00:00,8.22075,9.511975
"428",2024-10-18 19:00:00,8.12775,9.51495
"429",2024-10-18 20:00:00,8.0675,9.51625
"430",2024-10-18 21:00:00,8.04175,9.51885
"431",2024-10-18 22:00:00,8.02625,9.5203
"432",2024-10-18 23:00:00,8.0045,9.52095
"433",2024-10-19,7.9785,9.520575
"434",2024-10-19 01:00:00,7.96425,9.51935
"435",2024-10-19 02:00:00,7.95025,9.518975
"436",2024-10-19 03:00:00,7.92375,9.519875
"437",2024-10-19 04:00:00,7.88675,9.519275
"438",2024-10-19 05:00:00,7.86625,9.520175
"439",2024-10-19 06:00:00,7.86225,9.52315
"440",2024-10-19 07:00:00,7.84775,9.523775
"441",2024-10-19 08:00:00,7.86175,9.526425
"442",2024-10-19 09:00:00,8.01825,9.531675
"443",2024-10-19 10:00:00,8.22625,9.534925
"444",2024-10-19 11:00:00,8.40375,9.5333
"445",2024-10-19 12:00:00,8.57,9.528525
"446",2024-10-19 13:00:00,8.6635,9.520575
"447",2024-10-19 14:00:00,8.693,9.510775
"448",2024-10-19 15:00:00,8.656,9.5033
"449",2024-10-19 16:00:00,8.5685,9.4995
"450",2024-10-19 17:00:00,8.46725,9.491825
"451",2024-10-19 18:00:00,8.36725,9.488925
"452",2024-10-19 19:00:00,8.29225,9.488725
"453",2024-10-19 20:00:00,8.252,9.488875
"454",2024-10-19 21:00:00,8.226,9.486275
"455",2024-10-19 22:00:00,8.18975,9.48525
"456",2024-10-19 23:00:00,8.16525,9.48295
"457",2024-10-20,8.1505,9.48
"458",2024-10-20 01:00:00,8.129,9.475825
"459",2024-10-20 02:00:00,8.10675,9.473375
"460",2024-10-20 03:00:00,8.07875,9.47075
"461",2024-10-20 04:00:00,8.06225,9.46695
"462",2024-10-20 05:00:00,8.041,9.4646
"463",2024-10-20 06:00:00,8.02125,9.464125
"464",2024-10-20 07:00:00,8.00475,9.4631
"465",2024-10-20 08:00:00,8.0475,9.466425
"466",2024-10-20 09:00:00,8.19825,9.469775
"467",2024-10-20 10:00:00,8.36575,9.470775
"468",2024-10-20 11:00:00,8.5155,9.469325
"469",2024-10-20 12:00:00,8.65475,9.46175
"470",2024-10-20 13:00:00,8.73125,9.455025
"471",2024-10-20 14:00:00,8.809,9.44675
"472",2024-10-20 15:00:00,8.718,9.438025
"473",2024-10-20 16:00:00,8.62425,9.4346
"474",2024-10-20 17:00:00,8.54325,9.432825
"475",2024-10-20 18:00:00,8.44625,9.4318
"476",2024-10-20 19:00:00,8.39275,9.43345
"477",2024-10-20 20:00:00,8.366,9.4328
"478",2024-10-20 21:00:00,8.34675,9.4329
"479",2024-10-20 22:00:00,8.331,9.4325
"480",2024-10-20 23:00:00,8.3235,9.4329
"481",2024-10-21,8.30525,9.429375
"482",2024-10-21 01:00:00,8.30125,9.427325
"483",2024-10-21 02:00:00,8.30125,9.427925
"484",2024-10-21 03:00:00,8.28375,9.42405
"485",2024-10-21 04:00:00,8.292,9.4255
"486",2024-10-21 05:00:00,8.27825,9.424975
"487",2024-10-21 06:00:00,8.3075,9.4359
"488",2024-10-21 07:00:00,8.29725,9.4398
"489",2024-10-21 08:00:00,8.2955,9.444875
"490",2024-10-21 09:00:00,8.322,9.450775
"491",2024-10-21 10:00:00,8.386,9.45395
"492",2024-10-21 11:00:00,8.459,9.454375
"493",2024-10-21 12:00:00,8.619,9.454975
"494",2024-10-21 13:00:00,8.689,9.4529
"495",2024-10-21 14:00:00,8.66,9.45115
"496",2024-10-21 15:00:00,8.64425,9.4511
"497",2024-10-21 16:00:00,8.558,9.45155
"498",2024-10-21 17:00:00,8.463,9.451875
"499",2024-10-21 18:00:00,8.31775,9.4511
"500",2024-10-21 19:00:00,8.217,9.45275
"501",2024-10-21 20:00:00,8.14975,9.4536
"502",2024-10-21 21:00:00,8.072,9.4585
"503",2024-10-21 22:00:00,7.993,9.462975
"504",2024-10-21 23:00:00,7.97275,9.4653
"505",2024-10-22,8.00775,9.46545
"506",2024-10-22 01:00:00,8.001,9.46485
"507",2024-10-22 02:00:00,7.95725,9.4644
"508",2024-10-22 03:00:00,7.94,9.46305
"509",2024-10-22 04:00:00,7.976,9.46315
"510",2024-10-22 05:00:00,7.977,9.463275
"511",2024-10-22 06:00:00,7.96925,9.46505
"512",2024-10-22 07:00:00,7.981,9.468025
"513",2024-10-22 08:00:00,8.012,9.471
"514",2024-10-22 09:00:00,8.153,9.47575
"515",2024-10-22 10:00:00,8.3125,9.479725
"516",2024-10-22 11:00:00,8.392,9.47975
"517",2024-10-22 12:00:00,8.48025,9.478
"518",2024-10-22 13:00:00,8.484,9.4758
"519",2024-10-22 14:00:00,8.48075,9.4703
"520",2024-10-22 15:00:00,8.48475,9.4695
"521",2024-10-22 16:00:00,8.4585,9.468175
"522",2024-10-22 17:00:00,8.38775,9.46645
"523",2024-10-22 18:00:00,8.30325,9.4677
"524",2024-10-22 19:00:00,8.24775,9.467025
"525",2024-10-22 20:00:00,8.2205,9.46715
"526",2024-10-22 21:00:00,8.21575,9.467425
"527",2024-10-22 22:00:00,8.18925,9.468175
"528",2024-10-22 23:00:00,8.15125,9.467975
"529",2024-10-23,8.12075,9.467725
"530",2024-10-23 01:00:00,8.1035,9.467175
"531",2024-10-23 02:00:00,8.02975,9.4676
"532",2024-10-23 03:00:00,7.96975,9.469775
"533",2024-10-23 04:00:00,8.012,9.468175
"534",2024-10-23 05:00:00,8.05725,9.46815
"535",2024-10-23 06:00:00,8.0095,9.466275
"536",2024-10-23 07:00:00,7.9595,9.467175
"537",2024-10-23 08:00:00,8.00875,9.4714
"538",2024-10-23 09:00:00,8.13675,9.4768
"539",2024-10-23 10:00:00,8.18825,9.478825
"540",2024-10-23 11:00:00,8.211,9.481075
"541",2024-10-23 12:00:00,8.25825,9.4868
"542",2024-10-23 13:00:00,8.2565,9.49415
"543",2024-10-23 14:00:00,8.1875,9.497875
"544",2024-10-23 15:00:00,8.2995,9.498525
"545",2024-10-23 16:00:00,8.31525,9.4984
"546",2024-10-23 17:00:00,8.2155,9.49565
"547",2024-10-23 18:00:00,8.0765,9.495275
"548",2024-10-23 19:00:00,7.9765,9.499925
"549",2024-10-23 20:00:00,7.90825,9.505025
"550",2024-10-23 21:00:00,7.864,9.50325
"551",2024-10-23 22:00:00,7.8415,9.50025
"552",2024-10-23 23:00:00,7.74675,9.50075
"553",2024-10-24,7.68775,9.50325
"554",2024-10-24 01:00:00,7.66225,9.50245
"555",2024-10-24 02:00:00,7.642,9.501475
"556",2024-10-24 03:00:00,7.6495,9.5017
"557",2024-10-24 04:00:00,7.615,9.4985
"558",2024-10-24 05:00:00,7.57225,9.49435
"559",2024-10-24 06:00:00,7.59925,9.49355
"560",2024-10-24 07:00:00,7.6035,9.492275
"561",2024-10-24 08:00:00,7.62,9.491575
"562",2024-10-24 09:00:00,7.77225,9.493975
"563",2024-10-24 10:00:00,8.00975,9.4952
"564",2024-10-24 11:00:00,8.18325,9.494825
"565",2024-10-24 12:00:00,8.30575,9.490175
"566",2024-10-24 13:00:00,8.4005,9.477875
"567",2024-10-24 14:00:00,8.4395,9.466675
"568",2024-10-24 15:00:00,8.4095,9.4572
"569",2024-10-24 16:00:00,8.3365,9.450125
"570",2024-10-24 17:00:00,8.25,9.444425
"571",2024-10-24 18:00:00,8.1285,9.442125
"572",2024-10-24 19:00:00,7.99825,9.442575
"573",2024-10-24 20:00:00,7.92025,9.44165
"574",2024-10-24 21:00:00,7.881,9.44115
"575",2024-10-24 22:00:00,7.854,9.44095
"576",2024-10-24 23:00:00,7.82775,9.4403
"577",2024-10-25,7.801,9.438175
"578",2024-10-25 01:00:00,7.76425,9.43935
"579",2024-10-25 02:00:00,7.734,9.440275
"580",2024-10-25 03:00:00,7.69825,9.43895
"581",2024-10-25 04:00:00,7.6725,9.436375
"582",2024-10-25 05:00:00,7.70075,9.4349
"583",2024-10-25 06:00:00,7.74825,9.4341
"584",2024-10-25 07:00:00,7.777,9.433475
"585",2024-10-25 08:00:00,7.8455,9.435525
"586",2024-10-25 09:00:00,7.95275,9.441175
"587",2024-10-25 10:00:00,8.072,9.44155
"588",2024-10-25 11:00:00,8.19675,9.440775
"589",2024-10-25 12:00:00,8.3475,9.4385
"590",2024-10-25 13:00:00,8.4885,9.426425
"591",2024-10-25 14:00:00,8.55125,9.4163
"592",2024-10-25 15:00:00,8.549,9.410875
"593",2024-10-25 16:00:00,8.4655,9.4052
"594",2024-10-25 17:00:00,8.375,9.403975
"595",2024-10-25 18:00:00,8.3465,9.407475
"596",2024-10-25 19:00:00,8.32525,9.416
"597",2024-10-25 20:00:00,8.28775,9.42025
"598",2024-10-25 21:00:00,8.29125,9.4256
"599",2024-10-25 22:00:00,8.28875,9.43045
"600",2024-10-25 23:00:00,8.26175,9.433925
"601",2024-10-26,8.228,9.43715
"602",2024-10-26 01:00:00,8.16925,9.438025
"603",2024-10-26 02:00:00,8.123,9.438225
"604",2024-10-26 03:00:00,8.0805,9.4391
"605",2024-10-26 04:00:00,8.037,9.438225
"606",2024-10-26 05:00:00,8.0095,9.4391
"607",2024-10-26 06:00:00,8.00425,9.44105
"608",2024-10-26 07:00:00,7.9995,9.4446
"609",2024-10-26 08:00:00,8.02375,9.449375
"610",2024-10-26 09:00:00,8.1515,9.45535
"611",2024-10-26 10:00:00,8.35425,9.458175
"612",2024-10-26 11:00:00,8.53575,9.458375
"613",2024-10-26 12:00:00,8.70275,9.4542
"614",2024-10-26 13:00:00,8.87075,9.44525
"615",2024-10-26 14:00:00,8.9435,9.438525
"616",2024-10-26 15:00:00,8.87175,9.4328
"617",2024-10-26 16:00:00,8.7535,9.4311
"618",2024-10-26 17:00:00,8.64275,9.428
"619",2024-10-26 18:00:00,8.526,9.425375
"620",2024-10-26 19:00:00,8.45625,9.426475
"621",2024-10-26 20:00:00,8.40225,9.42745
"622",2024-10-26 21:00:00,8.40625,9.42825
"623",2024-10-26 22:00:00,8.399,9.427275
"624",2024-10-26 23:00:00,8.39575,9.42605
"625",2024-10-27,8.4115,9.424625
"626",2024-10-27 01:00:00,8.43475,9.41985
"627",2024-10-27 02:00:00,8.4455,9.420125
"628",2024-10-27 03:00:00,8.4165,9.4169
"629",2024-10-27 04:00:00,8.39575,9.413125
"630",2024-10-27 05:00:00,8.39825,9.4139
"631",2024-10-27 06:00:00,8.395,9.416125
"632",2024-10-27 07:00:00,8.3535,9.414925
"633",2024-10-27 08:00:00,8.3635,9.415875
"634",2024-10-27 09:00:00,8.42675,9.41845
"635",2024-10-27 10:00:00,8.498,9.418
"636",2024-10-27 11:00:00,8.47525,9.424125
"637",2024-10-27 12:00:00,8.46125,9.427825
"638",2024-10-27 13:00:00,8.46575,9.4244
"639",2024-10-27 14:00:00,8.4655,9.4208
"640",2024-10-27 15:00:00,8.448,9.4202
"641",2024-10-27 16:00:00,8.394,9.420325
"642",2024-10-27 17:00:00,8.349,9.420075
"643",2024-10-27 18:00:00,8.29375,9.422025
"644",2024-10-27 19:00:00,8.22225,9.423025
"645",2024-10-27 20:00:00,8.10925,9.42335
"646",2024-10-27 21:00:00,8.047,9.4209
"647",2024-10-27 22:00:00,8.0095,9.4215
"648",2024-10-27 23:00:00,7.9455,9.41995
"649",2024-10-28,7.927,9.419875
"650",2024-10-28 01:00:00,7.9715,9.4196
"651",2024-10-28 02:00:00,8.0055,9.41755
"652",2024-10-28 03:00:00,8.0175,9.414575
"653",2024-10-28 04:00:00,8.00675,9.413725
"654",2024-10-28 05:00:00,8.00375,9.412425
"655",2024-10-28 06:00:00,7.98425,9.412025
"656",2024-10-28 07:00:00,7.97075,9.4117
"657",2024-10-28 08:00:00,7.99425,9.4144
"658",2024-10-28 09:00:00,8.06775,9.4207
"659",2024-10-28 10:00:00,8.0915,9.423575
"660",2024-10-28 11:00:00,8.24275,9.424075
"661",2024-10-28 12:00:00,8.3445,9.423225
"662",2024-10-28 13:00:00,8.326,9.42105
"663",2024-10-28 14:00:00,8.27,9.418425
"664",2024-10-28 15:00:00,8.316,9.41575
"665",2024-10-28 16:00:00,8.24225,9.416075
"666",2024-10-28 17:00:00,8.1525,9.415325
"667",2024-10-28 18:00:00,8.11375,9.4171
"668",2024-10-28 19:00:00,8.1065,9.419675
"669",2024-10-28 20:00:00,8.074,9.421575
"670",2024-10-28 21:00:00,8.026,9.421525
"671",2024-10-28 22:00:00,8.0045,9.422725
"672",2024-10-28 23:00:00,8.03875,9.42525
"673",2024-10-29,7.9745,9.422725
"674",2024-10-29 01:00:00,7.95475,9.4254
"675",2024-10-29 02:00:00,7.96775,9.4271
"676",2024-10-29 03:00:00,7.92875,9.42575
"677",2024-10-29 04:00:00,7.859,9.42425
"678",2024-10-29 05:00:00,7.88025,9.427825
"679",2024-10-29 06:00:00,7.90725,9.432025
"680",2024-10-29 07:00:00,7.9005,9.43475
"681",2024-10-29 08:00:00,7.904,9.43955
"682",2024-10-29 09:00:00,8.01925,9.445175
"683",2024-10-29 10:00:00,8.174,9.4491
"684",2024-10-29 11:00:00,8.3045,9.451125
"685",2024-10-29 12:00:00,8.43675,9.451175
"686",2024-10-29 13:00:00,8.41825,9.447225
"687",2024-10-29 14:00:00,8.44775,9.44335
"688",2024-10-29 15:00:00,8.384,9.439275
"689",2024-10-29 16:00:00,8.285,9.43235
"690",2024-10-29 17:00:00,8.18625,9.4295
"691",2024-10-29 18:00:00,8.04575,9.42905
"692",2024-10-29 19:00:00,7.918,9.428025
"693",2024-10-29 20:00:00,7.85825,9.425925
"694",2024-10-29 21:00:00,7.8055,9.42515
"695",2024-10-29 22:00:00,7.77725,9.425125
"696",2024-10-29 23:00:00,7.7755,9.4223
"697",2024-10-30,7.7435,9.4222
"698",2024-10-30 01:00:00,7.7075,9.41995
"699",2024-10-30 02:00:00,7.73775,9.42135
"700",2024-10-30 03:00:00,7.76425,9.42015
"701",2024-10-30 04:00:00,7.7415,9.416875
"702",2024-10-30 05:00:00,7.75375,9.4157
"703",2024-10-30 06:00:00,7.809,9.4152
"704",2024-10-30 07:00:00,7.84425,9.4164
"705",2024-10-30 08:00:00,7.86975,9.419275
"706",2024-10-30 09:00:00,7.9695,9.4222
"707",2024-10-30 10:00:00,8.10675,9.4213
"708",2024-10-30 11:00:00,8.28475,9.4149
"709",2024-10-30 12:00:00,8.4175,9.4052
"710",2024-10-30 13:00:00,8.40775,9.3983
"711",2024-10-30 14:00:00,8.38725,9.393775
"712",2024-10-30 15:00:00,8.2335,9.399325
"713",2024-10-30 16:00:00,8.1825,9.397625
"714",2024-10-30 17:00:00,8.15425,9.40215
"715",2024-10-30 18:00:00,8.0765,9.404075
"716",2024-10-30 19:00:00,8.079,9.4103
"717",2024-10-30 20:00:00,8.064,9.4153
"718",2024-10-30 21:00:00,8.036,9.416825
"719",2024-10-30 22:00:00,8.012,9.417775
"720",2024-10-30 23:00:00,8.0015,9.416325
"721",2024-10-31,7.95275,9.41405
"722",2024-10-31 01:00:00,7.87325,9.413175
"723",2024-10-31 02:00:00,7.8345,9.411325
"724",2024-10-31 03:00:00,7.795,9.410675
"725",2024-10-31 04:00:00,7.766,9.40955
"726",2024-10-31 05:00:00,7.7535,9.41
"727",2024-10-31 06:00:00,7.78725,9.4112
"728",2024-10-31 07:00:00,7.8365,9.4129
"729",2024-10-31 08:00:00,7.86825,9.414425
"730",2024-10-31 09:00:00,7.9615,9.4189
"731",2024-10-31 10:00:00,8.0965,9.42145
"732",2024-10-31 11:00:00,8.224,9.4255
"733",2024-10-31 12:00:00,8.34075,9.4264
"734",2024-10-31 13:00:00,8.4315,9.4251
"735",2024-10-31 14:00:00,8.445,9.422675
"736",2024-10-31 15:00:00,8.3395,9.421275
"737",2024-10-31 16:00:00,8.31925,9.4211
"738",2024-10-31 17:00:00,8.25075,9.419225
"739",2024-10-31 18:00:00,8.191,9.4207
"740",2024-10-31 19:00:00,8.151,9.421475
"741",2024-10-31 20:00:00,8.14725,9.42215
"742",2024-10-31 21:00:00,8.1275,9.42135
"743",2024-10-31 22:00:00,8.087,9.4174
"744",2024-10-31 23:00:00,8.026,9.4181
"745",2024-11-01,8.0235,9.417525
"746",2024-11-01 01:00:00,8.06675,9.415625
"747",2024-11-01 02:00:00,8.0915,9.415075
"748",2024-11-01 03:00:00,8.094,9.413325
"749",2024-11-01 04:00:00,8.08375,9.409275
"750",2024-11-01 05:00:00,8.057,9.402375
"751",2024-11-01 06:00:00,8.0285,9.3977
"752",2024-11-01 07:00:00,8.06225,9.392825
"753",2024-11-01 08:00:00,8.08075,9.3844
"754",2024-11-01 09:00:00,8.132,9.3796
"755",2024-11-01 10:00:00,8.172,9.378425
"756",2024-11-01 11:00:00,8.278,9.3734
"757",2024-11-01 12:00:00,8.252,9.369675
"758",2024-11-01 13:00:00,8.226,9.3587
"759",2024-11-01 14:00:00,8.226,9.353525
"760",2024-11-01 15:00:00,8.188,9.3469
"761",2024-11-01 16:00:00,8.18425,9.348025
"762",2024-11-01 17:00:00,8.148,9.347275
"763",2024-11-01 18:00:00,8.11625,9.348775
"764",2024-11-01 19:00:00,8.113,9.348325
"765",2024-11-01 20:00:00,8.112,9.351975
"766",2024-11-01 21:00:00,8.05875,9.362625
"767",2024-11-01 22:00:00,8.01125,9.36715
"768",2024-11-01 23:00:00,8.03575,9.36775
"769",2024-11-02,8.049,9.3669
"770",2024-11-02 01:00:00,8.048,9.368475
"771",2024-11-02 02:00:00,7.96125,9.371325
"772",2024-11-02 03:00:00,7.89,9.375375
"773",2024-11-02 04:00:00,7.92175,9.3773
"774",2024-11-02 05:00:00,7.98525,9.37975
"775",2024-11-02 06:00:00,7.98275,9.381675
"776",2024-11-02 07:00:00,8.00875,9.387975
"777",2024-11-02 08:00:00,8.02725,9.3955
"778",2024-11-02 09:00:00,8.05575,9.398475
"779",2024-11-02 10:00:00,8.20075,9.40135
"780",2024-11-02 11:00:00,8.293,9.406375
"781",2024-11-02 12:00:00,8.44275,9.408525
"782",2024-11-02 13:00:00,8.463,9.4071
"783",2024-11-02 14:00:00,8.4425,9.405475
"784",2024-11-02 15:00:00,8.36125,9.40355
"785",2024-11-02 16:00:00,8.292,9.40165
"786",2024-11-02 17:00:00,8.24125,9.399975
"787",2024-11-02 18:00:00,8.195,9.399275
"788",2024-11-02 19:00:00,8.16975,9.401775
"789",2024-11-02 20:00:00,8.16425,9.40545
"790",2024-11-02 21:00:00,8.15575,9.407075
"791",2024-11-02 22:00:00,8.15375,9.409825
"792",2024-11-02 23:00:00,8.1465,9.411725
"793",2024-11-03,8.13725,9.41355
"794",2024-11-03 01:00:00,8.135,9.4173
"795",2024-11-03 01:00:00,8.1345,9.41945
"796",2024-11-03 02:00:00,8.12275,9.42305
"797",2024-11-03 03:00:00,8.1165,9.431725
"798",2024-11-03 04:00:00,8.09475,9.438425
"799",2024-11-03 05:00:00,8.07,9.447525
"800",2024-11-03 06:00:00,8.07725,9.45625
"801",2024-11-03 07:00:00,8.05625,9.463725
"802",2024-11-03 08:00:00,8.02725,9.471875
"803",2024-11-03 09:00:00,8.09675,9.481225
"804",2024-11-03 10:00:00,8.202,9.485225
"805",2024-11-03 11:00:00,8.25975,9.487375
"806",2024-11-03 12:00:00,8.32075,9.48895
"807",2024-11-03 13:00:00,8.46,9.4896
"808",2024-11-03 14:00:00,8.4515,9.49
"809",2024-11-03 15:00:00,8.363,9.489375
"810",2024-11-03 16:00:00,8.2515,9.4885
"811",2024-11-03 17:00:00,8.157,9.49275
"812",2024-11-03 18:00:00,8.06825,9.495175
"813",2024-11-03 19:00:00,8.0165,9.496875
"814",2024-11-03 20:00:00,7.98075,9.499425
"815",2024-11-03 21:00:00,7.91975,9.504475
"816",2024-11-03 22:00:00,7.8515,9.508275
"817",2024-11-03 23:00:00,7.8025,9.508925
"818",2024-11-04,7.7745,9.509525
"819",2024-11-04 01:00:00,7.774,9.5094
"820",2024-11-04 02:00:00,7.782,9.510775
"821",2024-11-04 03:00:00,7.80625,9.509975
"822",2024-11-04 04:00:00,7.78825,9.5093
"823",2024-11-04 05:00:00,7.76025,9.50935
"824",2024-11-04 06:00:00,7.7675,9.516525
"825",2024-11-04 07:00:00,7.8215,9.515125
"826",2024-11-04 08:00:00,7.8445,9.515375
"827",2024-11-04 09:00:00,7.94375,9.51885
"828",2024-11-04 10:00:00,8.0995,9.519375
"829",2024-11-04 11:00:00,8.19025,9.519125
"830",2024-11-04 12:00:00,8.33275,9.514075
"831",2024-11-04 13:00:00,8.41425,9.5086
"832",2024-11-04 14:00:00,8.44725,9.504125
"833",2024-11-04 15:00:00,8.3715,9.5008
"834",2024-11-04 16:00:00,8.349,9.496625
"835",2024-11-04 17:00:00,8.346,9.4935
"836",2024-11-04 18:00:00,8.23725,9.4917
"837",2024-11-04 19:00:00,8.08825,9.490825
"838",2024-11-04 20:00:00,8.02475,9.493675
"839",2024-11-04 21:00:00,8.0025,9.497025
"840",2024-11-04 22:00:00,7.99825,9.496825
"841",2024-11-04 23:00:00,8.0055,9.49565
"842",2024-11-05,8.0125,9.497425
"843",2024-11-05 01:00:00,7.992,9.5002
"844",2024-11-05 02:00:00,7.96075,9.50175
"845",2024-11-05 03:00:00,7.9305,9.501775
"846",2024-11-05 04:00:00,7.94575,9.50225
"847",2024-11-05 05:00:00,7.91825,9.5043
"848",2024-11-05 06:00:00,7.8715,9.506
"849",2024-11-05 07:00:00,7.8515,9.5066
"850",2024-11-05 08:00:00,7.7995,9.509175
"851",2024-11-05 09:00:00,7.87325,9.51175
"852",2024-11-05 10:00:00,8.029,9.514975
"853",2024-11-05 11:00:00,8.168,9.5147
"854",2024-11-05 12:00:00,8.3175,9.513425
"855",2024-11-05 13:00:00,8.3945,9.509575
"856",2024-11-05 14:00:00,8.464,9.5037
"857",2024-11-05 15:00:00,8.418,9.501625
"858",2024-11-05 16:00:00,8.30025,9.500675
"859",2024-11-05 17:00:00,8.13425,9.4979
"860",2024-11-05 18:00:00,8.00675,9.497875
"861",2024-11-05 19:00:00,7.97975,9.49915
"862",2024-11-05 20:00:00,7.978,9.4993
"863",2024-11-05 21:00:00,7.9275,9.49875
"864",2024-11-05 22:00:00,7.8685,9.499175
"865",2024-11-05 23:00:00,7.80075,9.497825
"866",2024-11-06,7.76825,9.497025
"867",2024-11-06 01:00:00,7.7635,9.4952
"868",2024-11-06 02:00:00,7.7535,9.494675
"869",2024-11-06 03:00:00,7.74,9.493525
"870",2024-11-06 04:00:00,7.71875,9.491625
"871",2024-11-06 05:00:00,7.718,9.4925
"872",2024-11-06 06:00:00,7.68975,9.494325
"873",2024-11-06 07:00:00,7.6765,9.494825
"874",2024-11-06 08:00:00,7.67975,9.501
"875",2024-11-06 09:00:00,7.762,9.50735
"876",2024-11-06 10:00:00,7.959,9.50895
"877",2024-11-06 11:00:00,8.15675,9.5078
"878",2024-11-06 12:00:00,8.31225,9.50575
"879",2024-11-06 13:00:00,8.39575,9.504825
"880",2024-11-06 14:00:00,8.41925,9.500225
"881",2024-11-06 15:00:00,8.37675,9.494875
"882",2024-11-06 16:00:00,8.28925,9.4917
"883",2024-11-06 17:00:00,8.1915,9.4899
"884",2024-11-06 18:00:00,8.0755,9.49115
"885",2024-11-06 19:00:00,7.992,9.49515
"886",2024-11-06 20:00:00,7.923,9.496
"887",2024-11-06 21:00:00,7.85275,9.495925
"888",2024-11-06 22:00:00,7.82625,9.496925
"889",2024-11-06 23:00:00,7.797,9.497425
"890",2024-11-07,7.7815,9.496025
"891",2024-11-07 01:00:00,7.75725,9.496825
"892",2024-11-07 02:00:00,7.7325,9.497075
"893",2024-11-07 03:00:00,7.7195,9.4969
"894",2024-11-07 04:00:00,7.69525,9.49545
"895",2024-11-07 05:00:00,7.68075,9.495775
"896",2024-11-07 06:00:00,7.66225,9.49695
"897",2024-11-07 07:00:00,7.64575,9.49975
"898",2024-11-07 08:00:00,7.64825,9.50405
"899",2024-11-07 09:00:00,7.74675,9.510225
"900",2024-11-07 10:00:00,7.95725,9.514825
"901",2024-11-07 11:00:00,8.16925,9.51795
"902",2024-11-07 12:00:00,8.31925,9.5163
"903",2024-11-07 13:00:00,8.41675,9.510925
"904",2024-11-07 14:00:00,8.44775,9.506875
"905",2024-11-07 15:00:00,8.40625,9.504725
"906",2024-11-07 16:00:00,8.30825,9.503
"907",2024-11-07 17:00:00,8.21325,9.500325
"908",2024-11-07 18:00:00,8.079,9.49945
"909",2024-11-07 19:00:00,7.98875,9.499825
"910",2024-11-07 20:00:00,7.93125,9.4998
"911",2024-11-07 21:00:00,7.8925,9.499525
"912",2024-11-07 22:00:00,7.85275,9.500875
"913",2024-11-07 23:00:00,7.83425,9.501125
"914",2024-11-08,7.7945,9.4988
"915",2024-11-08 01:00:00,7.77025,9.4965
"916",2024-11-08 02:00:00,7.75925,9.495075
"917",2024-11-08 03:00:00,7.74075,9.4939
"918",2024-11-08 04:00:00,7.71025,9.49225
"919",2024-11-08 05:00:00,7.69175,9.49055
"920",2024-11-08 06:00:00,7.694,9.4894
"921",2024-11-08 07:00:00,7.6825,9.489175
"922",2024-11-08 08:00:00,7.68225,9.48975
"923",2024-11-08 09:00:00,7.7855,9.49195
"924",2024-11-08 10:00:00,7.99975,9.492675
"925",2024-11-08 11:00:00,8.213,9.491975
"926",2024-11-08 12:00:00,8.37575,9.485925
"927",2024-11-08 13:00:00,8.48875,9.4772
"928",2024-11-08 14:00:00,8.53,9.46835
"929",2024-11-08 15:00:00,8.487,9.461825
"930",2024-11-08 16:00:00,8.38425,9.45675
"931",2024-11-08 17:00:00,8.2915,9.451975
"932",2024-11-08 18:00:00,8.1725,9.45035
"933",2024-11-08 19:00:00,8.07975,9.44985
"934",2024-11-08 20:00:00,8.02625,9.4481
"935",2024-11-08 21:00:00,7.98575,9.446275
"936",2024-11-08 22:00:00,7.94625,9.44675
"937",2024-11-08 23:00:00,7.927,9.446925
"938",2024-11-09,7.91725,9.443
"939",2024-11-09 01:00:00,7.872,9.4411
"940",2024-11-09 02:00:00,7.8505,9.4382
"941",2024-11-09 03:00:00,7.8395,9.437825
"942",2024-11-09 04:00:00,7.80825,9.4351
"943",2024-11-09 05:00:00,7.79175,9.43225
"944",2024-11-09 06:00:00,7.7735,9.43075
"945",2024-11-09 07:00:00,7.79275,9.4292
"946",2024-11-09 08:00:00,7.81525,9.433825
"947",2024-11-09 09:00:00,7.82525,9.4364
"948",2024-11-09 10:00:00,7.967,9.437425
"949",2024-11-09 11:00:00,8.20475,9.4295
"950",2024-11-09 12:00:00,8.36475,9.42575
"951",2024-11-09 13:00:00,8.4765,9.4184
"952",2024-11-09 14:00:00,8.5115,9.414275
"953",2024-11-09 15:00:00,8.4375,9.4139
"954",2024-11-09 16:00:00,8.4,9.414325
"955",2024-11-09 17:00:00,8.32575,9.413425
"956",2024-11-09 18:00:00,8.2645,9.413075
"957",2024-11-09 19:00:00,8.214,9.414075
"958",2024-11-09 20:00:00,8.1795,9.416375
"959",2024-11-09 21:00:00,8.139,9.4162
"960",2024-11-09 22:00:00,8.092,9.417675
"961",2024-11-09 23:00:00,8.12425,9.41775
"962",2024-11-10,8.13425,9.420975
"963",2024-11-10 01:00:00,8.1295,9.419
"964",2024-11-10 02:00:00,8.1315,9.41835
"965",2024-11-10 03:00:00,8.14425,9.41915
"966",2024-11-10 04:00:00,8.1465,9.416
"967",2024-11-10 05:00:00,8.141,9.41725
"968",2024-11-10 06:00:00,8.13625,9.416225
"969",2024-11-10 07:00:00,8.0735,9.417375
"970",2024-11-10 08:00:00,8.08825,9.4183
"971",2024-11-10 09:00:00,8.1155,9.4212
"972",2024-11-10 10:00:00,8.2215,9.4262
"973",2024-11-10 11:00:00,8.42325,9.42695
"974",2024-11-10 12:00:00,8.583,9.42245
"975",2024-11-10 13:00:00,8.62625,9.415775
"976",2024-11-10 14:00:00,8.63025,9.409125
"977",2024-11-10 15:00:00,8.52475,9.404375
"978",2024-11-10 16:00:00,8.40225,9.401775
"979",2024-11-10 17:00:00,8.294,9.4017
"980",2024-11-10 18:00:00,8.1765,9.40115
"981",2024-11-10 19:00:00,8.11975,9.396475
"982",2024-11-10 20:00:00,8.10175,9.39205
"983",2024-11-10 21:00:00,8.06,9.387475
"984",2024-11-10 22:00:00,8.04225,9.386775
"985",2024-11-10 23:00:00,8.04125,9.383125
"986",2024-11-11,8.056,9.3826
"987",2024-11-11 01:00:00,8.0895,9.3757
"988",2024-11-11 02:00:00,8.10275,9.37065
"989",2024-11-11 03:00:00,8.13625,9.366775
"990",2024-11-11 04:00:00,8.19075,9.3598
"991",2024-11-11 05:00:00,8.2155,9.345025
"992",2024-11-11 06:00:00,8.228,9.3518
"993",2024-11-11 07:00:00,8.2035,9.36155
"994",2024-11-11 08:00:00,8.1505,9.365425
"995",2024-11-11 09:00:00,8.13625,9.374725
"996",2024-11-11 10:00:00,8.151,9.379175
"997",2024-11-11 11:00:00,8.163,9.3896
"998",2024-11-11 12:00:00,8.14875,9.39475
"999",2024-11-11 13:00:00,8.249,9.398975
"1000",2024-11-11 14:00:00,8.41775,9.40135
"1001",2024-11-11 15:00:00,8.39125,9.401775
"1002",2024-11-11 16:00:00,8.28425,9.4023
"1003",2024-11-11 17:00:00,8.215,9.40575
"1004",2024-11-11 18:00:00,8.1225,9.410875
"1005",2024-11-11 19:00:00,8.1105,9.41895
"1006",2024-11-11 20:00:00,8.10825,9.426325
"1007",2024-11-11 21:00:00,8.09075,9.43265
"1008",2024-11-11 22:00:00,8.078,9.43835
"1009",2024-11-11 23:00:00,8.079,9.4436
"1010",2024-11-12,8.07725,9.4504
"1011",2024-11-12 01:00:00,8.0765,9.4553
"1012",2024-11-12 02:00:00,8.06375,9.457025
"1013",2024-11-12 03:00:00,8.04375,9.46
"1014",2024-11-12 04:00:00,8.039,9.4654
"1015",2024-11-12 05:00:00,8.0355,9.466075
"1016",2024-11-12 06:00:00,7.993,9.47195
"1017",2024-11-12 07:00:00,7.977,9.4753
"1018",2024-11-12 08:00:00,7.98675,9.4771
"1019",2024-11-12 09:00:00,8.006,9.481175
"1020",2024-11-12 10:00:00,8.0985,9.4843
"1021",2024-11-12 11:00:00,8.23525,9.487725
"1022",2024-11-12 12:00:00,8.38925,9.48995
"1023",2024-11-12 13:00:00,8.48025,9.4831
"1024",2024-11-12 14:00:00,8.46175,9.477925
"1025",2024-11-12 15:00:00,8.4245,9.4714
"1026",2024-11-12 16:00:00,8.33575,9.467675
"1027",2024-11-12 17:00:00,8.25225,9.46495
"1028",2024-11-12 18:00:00,8.185,9.4587
"1029",2024-11-12 19:00:00,8.139,9.45765
"1030",2024-11-12 20:00:00,8.123,9.45515
"1031",2024-11-12 21:00:00,8.11625,9.455075
"1032",2024-11-12 22:00:00,8.129,9.451575
"1033",2024-11-12 23:00:00,8.1305,9.44485
"1034",2024-11-13,8.135,9.438425
"1035",2024-11-13 01:00:00,8.13225,9.4342
"1036",2024-11-13 02:00:00,8.0935,9.429475
"1037",2024-11-13 03:00:00,8.0555,9.42905
"1038",2024-11-13 04:00:00,8.046,9.424725
"1039",2024-11-13 05:00:00,8.0145,9.414725
"1040",2024-11-13 06:00:00,7.9835,9.409175
"1041",2024-11-13 07:00:00,7.9805,9.403425
"1042",2024-11-13 08:00:00,7.991,9.39655
"1043",2024-11-13 09:00:00,8.026,9.382225
"1044",2024-11-13 10:00:00,8.04075,9.388425
"1045",2024-11-13 11:00:00,8.035,9.388475
"1046",2024-11-13 12:00:00,8.06925,9.3757
"1047",2024-11-13 13:00:00,8.088,9.380225
"1048",2024-11-13 14:00:00,8.00725,9.3897
"1049",2024-11-13 15:00:00,7.991,9.390025
"1050",2024-11-13 16:00:00,8.181,9.387825
"1051",2024-11-13 17:00:00,8.16525,9.388925
"1052",2024-11-13 18:00:00,8.08725,9.39655
"1053",2024-11-13 19:00:00,8.063,9.400925
"1054",2024-11-13 20:00:00,8.0085,9.40335
"1055",2024-11-13 21:00:00,7.9675,9.40535
"1056",2024-11-13 22:00:00,7.9835,9.4126
"1057",2024-11-13 23:00:00,7.9945,9.4175
"1058",2024-11-14,7.99175,9.42035
"1059",2024-11-14 01:00:00,8.02925,9.424375
"1060",2024-11-14 02:00:00,8.0525,9.4261
"1061",2024-11-14 03:00:00,8.04675,9.42525
"1062",2024-11-14 04:00:00,8.04125,9.424075
"1063",2024-11-14 05:00:00,8.04475,9.42245
"1064",2024-11-14 06:00:00,8.03225,9.4226
"1065",2024-11-14 07:00:00,7.99425,9.422125
"1066",2024-11-14 08:00:00,8,9.423225
"1067",2024-11-14 09:00:00,8.08,9.4254
"1068",2024-11-14 10:00:00,8.179,9.42825
"1069",2024-11-14 11:00:00,8.1285,9.4287
"1070",2024-11-14 12:00:00,8.08625,9.4261
"1071",2024-11-14 13:00:00,8.11225,9.4237
"1072",2024-11-14 14:00:00,8.21275,9.42275
"1073",2024-11-14 15:00:00,8.333,9.420425
"1074",2024-11-14 16:00:00,8.237,9.417625
"1075",2024-11-14 17:00:00,8.083,9.414225
"1076",2024-11-14 18:00:00,7.97025,9.411025
"1077",2024-11-14 19:00:00,7.88625,9.408925
"1078",2024-11-14 20:00:00,7.864,9.409125
"1079",2024-11-14 21:00:00,7.87425,9.409425
"1080",2024-11-14 22:00:00,7.94225,9.411525
"1081",2024-11-14 23:00:00,7.976,9.41025
"1082",2024-11-15,7.96375,9.4079
"1083",2024-11-15 01:00:00,7.90675,9.4053
"1084",2024-11-15 02:00:00,7.85725,9.403725
"1085",2024-11-15 03:00:00,7.85,9.404525
"1086",2024-11-15 04:00:00,7.86975,9.40485
"1087",2024-11-15 05:00:00,7.89725,9.4054
"1088",2024-11-15 06:00:00,7.90975,9.405975
"1089",2024-11-15 07:00:00,7.92275,9.407425
"1090",2024-11-15 08:00:00,7.934,9.41025
"1091",2024-11-15 09:00:00,7.9635,9.413525
"1092",2024-11-15 10:00:00,8.031,9.41785
"1093",2024-11-15 11:00:00,8.07525,9.422375
"1094",2024-11-15 12:00:00,8.0875,9.42425
"1095",2024-11-15 13:00:00,8.21125,9.424775
"1096",2024-11-15 14:00:00,8.21775,9.424675
"1097",2024-11-15 15:00:00,8.116,9.424825
"1098",2024-11-15 16:00:00,8.06225,9.428175
"1099",2024-11-15 17:00:00,7.9815,9.434325
"1100",2024-11-15 18:00:00,7.9245,9.43735
"1101",2024-11-15 19:00:00,7.8665,9.44265
"1102",2024-11-15 20:00:00,7.82425,9.448225
"1103",2024-11-15 21:00:00,7.80225,9.450825
"1104",2024-11-15 22:00:00,7.80075,9.450175
"1105",2024-11-15 23:00:00,7.75825,9.4519
"1106",2024-11-16,7.68475,9.454075
"1107",2024-11-16 01:00:00,7.63325,9.45575
"1108",2024-11-16 02:00:00,7.61675,9.456825
"1109",2024-11-16 03:00:00,7.61075,9.456375
"1110",2024-11-16 04:00:00,7.57175,9.454375
"1111",2024-11-16 05:00:00,7.53325,9.45485
"1112",2024-11-16 06:00:00,7.51425,9.45515
"1113",2024-11-16 07:00:00,7.5275,9.455025
"1114",2024-11-16 08:00:00,7.54175,9.458425
"1115",2024-11-16 09:00:00,7.64825,9.4634
"1116",2024-11-16 10:00:00,7.81,9.467875
"1117",2024-11-16 11:00:00,7.94025,9.4709
"1118",2024-11-16 12:00:00,8.06175,9.470525
"1119",2024-11-16 13:00:00,8.1675,9.466275
"1120",2024-11-16 14:00:00,8.2005,9.46285
"1121",2024-11-16 15:00:00,8.16625,9.45965
"1122",2024-11-16 16:00:00,8.137,9.460075
"1123",2024-11-16 17:00:00,8.07575,9.457025
"1124",2024-11-16 18:00:00,8.005,9.453625
"1125",2024-11-16 19:00:00,7.9525,9.45205
"1126",2024-11-16 20:00:00,7.96725,9.45205
"1127",2024-11-16 21:00:00,7.9825,9.452975
"1128",2024-11-16 22:00:00,7.98825,9.453025
"1129",2024-11-16 23:00:00,7.979,9.45265
"1130",2024-11-17,7.96825,9.45335
"1131",2024-11-17 01:00:00,7.957,9.45185
"1132",2024-11-17 02:00:00,7.95675,9.4481
"1133",2024-11-17 03:00:00,7.96075,9.4448
"1134",2024-11-17 04:00:00,7.96675,9.441525
"1135",2024-11-17 05:00:00,7.97325,9.43425
"1136",2024-11-17 06:00:00,7.9775,9.43265
"1137",2024-11-17 07:00:00,7.9755,9.4259
"1138",2024-11-17 08:00:00,7.978,9.4233
"1139",2024-11-17 09:00:00,8.00775,9.42125
"1140",2024-11-17 10:00:00,8.08675,9.417675
"1141",2024-11-17 11:00:00,8.17425,9.416
"1142",2024-11-17 12:00:00,8.2575,9.41005
"1143",2024-11-17 13:00:00,8.304,9.3929
"1144",2024-11-17 14:00:00,8.37675,9.3807
"1145",2024-11-17 15:00:00,8.4115,9.37355
"1146",2024-11-17 16:00:00,8.27925,9.378725
"1147",2024-11-17 17:00:00,8.2085,9.3758
"1148",2024-11-17 18:00:00,8.142,9.3808
"1149",2024-11-17 19:00:00,8.06775,9.386875
"1150",2024-11-17 20:00:00,7.98175,9.391225
"1151",2024-11-17 21:00:00,7.928,9.396475
"1152",2024-11-17 22:00:00,7.91375,9.404825
"1153",2024-11-17 23:00:00,7.92075,9.412325
"1154",2024-11-18,7.919,9.41545
"1155",2024-11-18 01:00:00,7.8765,9.416875
"1156",2024-11-18 02:00:00,7.85925,9.417825
"1157",2024-11-18 03:00:00,7.87375,9.419925
"1158",2024-11-18 04:00:00,7.876,9.42175
"1159",2024-11-18 05:00:00,7.85475,9.425925
"1160",2024-11-18 06:00:00,7.8255,9.4293
"1161",2024-11-18 07:00:00,7.768,9.430475
"1162",2024-11-18 08:00:00,7.74125,9.435325
"1163",2024-11-18 09:00:00,7.82625,9.443725
"1164",2024-11-18 10:00:00,7.997,9.4509
"1165",2024-11-18 11:00:00,8.09425,9.455325
"1166",2024-11-18 12:00:00,8.2025,9.456175
"1167",2024-11-18 13:00:00,8.22675,9.454075
"1168",2024-11-18 14:00:00,8.2185,9.450125
"1169",2024-11-18 15:00:00,8.208,9.447825
"1170",2024-11-18 16:00:00,8.1455,9.44795
"1171",2024-11-18 17:00:00,8.0285,9.4465
"1172",2024-11-18 18:00:00,7.934,9.444975
"1173",2024-11-18 19:00:00,7.82325,9.44465
"1174",2024-11-18 20:00:00,7.82475,9.445225
"1175",2024-11-18 21:00:00,7.74025,9.444575
"1176",2024-11-18 22:00:00,7.68675,9.44445
"1177",2024-11-18 23:00:00,7.66525,9.4442
"1178",2024-11-19,7.6735,9.445775
"1179",2024-11-19 01:00:00,7.70125,9.4447
"1180",2024-11-19 02:00:00,7.6915,9.4423
"1181",2024-11-19 03:00:00,7.6875,9.441075
"1182",2024-11-19 04:00:00,7.69025,9.4379
"1183",2024-11-19 05:00:00,7.71175,9.435875
"1184",2024-11-19 06:00:00,7.7005,9.431475
"1185",2024-11-19 07:00:00,7.72875,9.42975
"1186",2024-11-19 08:00:00,7.7745,9.4294
"1187",2024-11-19 09:00:00,7.827,9.4303
"1188",2024-11-19 10:00:00,7.914,9.431375
"1189",2024-11-19 11:00:00,7.93675,9.42845
"1190",2024-11-19 12:00:00,7.98125,9.4192
"1191",2024-11-19 13:00:00,7.9725,9.40485
"1192",2024-11-19 14:00:00,7.97675,9.3911
"1193",2024-11-19 15:00:00,7.95325,9.38165
"1194",2024-11-19 16:00:00,7.841,9.378975
"1195",2024-11-19 17:00:00,7.74325,9.37525
"1196",2024-11-19 18:00:00,7.704,9.369175
"1197",2024-11-19 19:00:00,7.70225,9.365675
"1198",2024-11-19 20:00:00,7.681,9.357075
"1199",2024-11-19 21:00:00,7.6165,9.3479
"1200",2024-11-19 22:00:00,7.56275,9.351975
"1201",2024-11-19 23:00:00,7.64825,9.352225
"1202",2024-11-20,7.64,9.349075
"1203",2024-11-20 01:00:00,7.5775,9.345575
"1204",2024-11-20 02:00:00,7.5655,9.341875
"1205",2024-11-20 03:00:00,7.579,9.345175
"1206",2024-11-20 04:00:00,7.62,9.352625
"1207",2024-11-20 05:00:00,7.62225,9.353925
"1208",2024-11-20 06:00:00,7.641,9.356425
"1209",2024-11-20 07:00:00,7.65625,9.360425
"1210",2024-11-20 08:00:00,7.6715,9.36135
"1211",2024-11-20 09:00:00,7.64375,9.37135
"1212",2024-11-20 10:00:00,7.67,9.380075
"1213",2024-11-20 11:00:00,7.748,9.378975
"1214",2024-11-20 12:00:00,7.81425,9.37655
"1215",2024-11-20 13:00:00,7.8655,9.37415
"1216",2024-11-20 14:00:00,7.95175,9.37505
"1217",2024-11-20 15:00:00,7.952,9.369175
"1218",2024-11-20 16:00:00,7.8805,9.36635
"1219",2024-11-20 17:00:00,7.85225,9.368975
"1220",2024-11-20 18:00:00,7.89275,9.36465
"1221",2024-11-20 19:00:00,7.86675,9.371475
"1222",2024-11-20 20:00:00,7.86975,9.383375
"1223",2024-11-20 21:00:00,7.82225,9.38015
"1224",2024-11-20 22:00:00,7.884,9.383875
"1225",2024-11-20 23:00:00,7.93825,9.3846
"1226",2024-11-21,7.95875,9.38445
"1227",2024-11-21 01:00:00,7.958,9.38435
"1228",2024-11-21 02:00:00,7.90425,9.381025
"1229",2024-11-21 03:00:00,7.912,9.38175
"1230",2024-11-21 04:00:00,7.92075,9.3824
"1231",2024-11-21 05:00:00,7.90925,9.385875
"1232",2024-11-21 06:00:00,7.906,9.379175
"1233",2024-11-21 07:00:00,7.924,9.38125
"1234",2024-11-21 08:00:00,7.92625,9.383075
"1235",2024-11-21 09:00:00,7.96175,9.3861
"1236",2024-11-21 10:00:00,7.993,9.39
"1237",2024-11-21 11:00:00,8.00875,9.3925
"1238",2024-11-21 12:00:00,8.057,9.392375
"1239",2024-11-21 13:00:00,8.09975,9.3906
"1240",2024-11-21 14:00:00,8.061,9.387475
"1241",2024-11-21 15:00:00,8.058,9.386225
"1242",2024-11-21 16:00:00,8.1005,9.388375
"1243",2024-11-21 17:00:00,8.1035,9.387475
"1244",2024-11-21 18:00:00,8.09925,9.3869
"1245",2024-11-21 19:00:00,8.116,9.383225
"1246",2024-11-21 20:00:00,8.1385,9.37875
"1247",2024-11-21 21:00:00,8.1605,9.374475
"1248",2024-11-21 22:00:00,8.17775,9.3703
"1249",2024-11-21 23:00:00,8.18425,9.3622
"1250",2024-11-22,8.21775,9.358975
"1251",2024-11-22 01:00:00,8.2325,9.353875
"1252",2024-11-22 02:00:00,8.233,9.3484
"1253",2024-11-22 03:00:00,8.24925,9.344625
"1254",2024-11-22 04:00:00,8.26875,9.3358
"1255",2024-11-22 05:00:00,8.28525,9.33
"1256",2024-11-22 06:00:00,8.2775,9.3285
"1257",2024-11-22 07:00:00,8.29225,9.325975
"1258",2024-11-22 08:00:00,8.30975,9.32755
"1259",2024-11-22 09:00:00,8.3495,9.3355
"1260",2024-11-22 10:00:00,8.4105,9.3417
"1261",2024-11-22 11:00:00,8.4335,9.347225
"1262",2024-11-22 12:00:00,8.4585,9.34265
"1263",2024-11-22 13:00:00,8.6395,9.3384
"1264",2024-11-22 14:00:00,8.641,9.337425
"1265",2024-11-22 15:00:00,8.557,9.335725
"1266",2024-11-22 16:00:00,8.46,9.335525
"1267",2024-11-22 17:00:00,8.36975,9.332525
"1268",2024-11-22 18:00:00,8.275,9.33385
"1269",2024-11-22 19:00:00,8.18475,9.329925
"1270",2024-11-22 20:00:00,8.1105,9.3292
"1271",2024-11-22 21:00:00,8.09625,9.329375
"1272",2024-11-22 22:00:00,8.11575,9.33135
"1273",2024-11-22 23:00:00,8.1225,9.32955
"1274",2024-11-23,8.11425,9.332975
"1275",2024-11-23 01:00:00,8.10675,9.332325
"1276",2024-11-23 02:00:00,8.05475,9.3283
"1277",2024-11-23 03:00:00,7.92425,9.327675
"1278",2024-11-23 04:00:00,7.841,9.326725
"1279",2024-11-23 05:00:00,7.899,9.331125
"1280",2024-11-23 06:00:00,7.9775,9.335525
"1281",2024-11-23 07:00:00,8.00475,9.338525
"1282",2024-11-23 08:00:00,8.01125,9.342225
"1283",2024-11-23 09:00:00,7.99325,9.3451
"1284",2024-11-23 10:00:00,8.07125,9.350925
"1285",2024-11-23 11:00:00,8.272,9.357975
"1286",2024-11-23 12:00:00,8.379,9.359775
"1287",2024-11-23 13:00:00,8.35275,9.35915
"1288",2024-11-23 14:00:00,8.325,9.357975
"1289",2024-11-23 15:00:00,8.28675,9.359925
"1290",2024-11-23 16:00:00,8.12825,9.3601
"1291",2024-11-23 17:00:00,8.049,9.360275
"1292",2024-11-23 18:00:00,7.912,9.358425
"1293",2024-11-23 19:00:00,7.7945,9.361925
"1294",2024-11-23 20:00:00,7.7365,9.365125
"1295",2024-11-23 21:00:00,7.7085,9.3681
"1296",2024-11-23 22:00:00,7.69175,9.369275
"1297",2024-11-23 23:00:00,7.66225,9.37015
"1298",2024-11-24,7.648,9.37145
"1299",2024-11-24 01:00:00,7.6285,9.3727
"1300",2024-11-24 02:00:00,7.6165,9.373425
"1301",2024-11-24 03:00:00,7.60775,9.374675
"1302",2024-11-24 04:00:00,7.60475,9.3764
"1303",2024-11-24 05:00:00,7.605,9.376075
"1304",2024-11-24 06:00:00,7.60575,9.3763
"1305",2024-11-24 07:00:00,7.59975,9.3785
"1306",2024-11-24 08:00:00,7.5945,9.380925
"1307",2024-11-24 09:00:00,7.67375,9.384
"1308",2024-11-24 10:00:00,7.8805,9.39055
"1309",2024-11-24 11:00:00,8.0585,9.39595
"1310",2024-11-24 12:00:00,8.2095,9.39615
"1311",2024-11-24 13:00:00,8.30025,9.3925
"1312",2024-11-24 14:00:00,8.28225,9.390775
"1313",2024-11-24 15:00:00,8.1765,9.385075
"1314",2024-11-24 16:00:00,8.026,9.382
"1315",2024-11-24 17:00:00,7.889,9.382275
"1316",2024-11-24 18:00:00,7.84325,9.383625
"1317",2024-11-24 19:00:00,7.8755,9.3837
"1318",2024-11-24 20:00:00,7.89575,9.3844
"1319",2024-11-24 21:00:00,7.8995,9.386975
"1320",2024-11-24 22:00:00,7.9165,9.3904
"1321",2024-11-24 23:00:00,7.948,9.394025
"1322",2024-11-25,7.985,9.39565
"1323",2024-11-25 01:00:00,7.99475,9.39655
"1324",2024-11-25 02:00:00,7.99475,9.3971
"1325",2024-11-25 03:00:00,8.018,9.3966
"1326",2024-11-25 04:00:00,8.0285,9.39515
"1327",2024-11-25 05:00:00,8.02025,9.393725
"1328",2024-11-25 06:00:00,8.05075,9.393425
"1329",2024-11-25 07:00:00,8.04575,9.39445
"1330",2024-11-25 08:00:00,8.0255,9.3937
"1331",2024-11-25 09:00:00,8.06375,9.39635
"1332",2024-11-25 10:00:00,8.12925,9.3975
"1333",2024-11-25 11:00:00,8.23925,9.399775
"1334",2024-11-25 12:00:00,8.329,9.39885
"1335",2024-11-25 13:00:00,8.3955,9.396925
"1336",2024-11-25 14:00:00,8.5205,9.394025
"1337",2024-11-25 15:00:00,8.37475,9.391225
"1338",2024-11-25 16:00:00,8.279,9.391825
"1339",2024-11-25 17:00:00,8.21325,9.391
"1340",2024-11-25 18:00:00,8.14775,9.39
"1341",2024-11-25 19:00:00,8.10825,9.388025
"1342",2024-11-25 20:00:00,8.0915,9.3879
"1343",2024-11-25 21:00:00,8.0595,9.38825
"1344",2024-11-25 22:00:00,7.986,9.389325
"1345",2024-11-25 23:00:00,7.98425,9.39285
"1346",2024-11-26,8.019,9.39625
"1347",2024-11-26 01:00:00,8.0085,9.39765
"1348",2024-11-26 02:00:00,7.98175,9.396825
"1349",2024-11-26 03:00:00,7.987,9.397675
"1350",2024-11-26 04:00:00,7.993,9.401225
"1351",2024-11-26 05:00:00,7.98775,9.405575
"1352",2024-11-26 06:00:00,7.9935,9.412675
"1353",2024-11-26 07:00:00,7.96525,9.417375
"1354",2024-11-26 08:00:00,7.95225,9.423625
"1355",2024-11-26 09:00:00,7.978,9.432375
"1356",2024-11-26 10:00:00,8.1065,9.439775
"1357",2024-11-26 11:00:00,8.1785,9.44425
"1358",2024-11-26 12:00:00,8.33425,9.447775
"1359",2024-11-26 13:00:00,8.039,9.4463
"1360",2024-11-26 14:00:00,8.21875,9.4519
"1361",2024-11-26 15:00:00,8.20325,9.452375
"1362",2024-11-26 16:00:00,8.1035,9.45495
"1363",2024-11-26 17:00:00,7.98475,9.4576
"1364",2024-11-26 18:00:00,7.87525,9.459375
"1365",2024-11-26 19:00:00,7.77875,9.46635
"1366",2024-11-26 20:00:00,7.7065,9.471475
"1367",2024-11-26 21:00:00,7.674,9.480675
"1368",2024-11-26 22:00:00,7.64325,9.483875
"1369",2024-11-26 23:00:00,7.613,9.490175
"1370",2024-11-27,7.58875,9.495675
"1371",2024-11-27 01:00:00,7.56275,9.49745
"1372",2024-11-27 02:00:00,7.54175,9.498275
"1373",2024-11-27 03:00:00,7.49925,9.50035
"1374",2024-11-27 04:00:00,7.46975,9.5001
"1375",2024-11-27 05:00:00,7.44275,9.498525
"1376",2024-11-27 06:00:00,7.42325,9.49865
"1377",2024-11-27 07:00:00,7.40925,9.498275
"1378",2024-11-27 08:00:00,7.39725,9.500575
"1379",2024-11-27 09:00:00,7.446,9.505225
"1380",2024-11-27 10:00:00,7.6135,9.51
"1381",2024-11-27 11:00:00,7.805,9.51245
"1382",2024-11-27 12:00:00,7.991,9.512475
"1383",2024-11-27 13:00:00,8.126,9.50725
"1384",2024-11-27 14:00:00,8.2775,9.501475
"1385",2024-11-27 15:00:00,8.113,9.495175
"1386",2024-11-27 16:00:00,7.98275,9.493175
"1387",2024-11-27 17:00:00,7.8675,9.492025
"1388",2024-11-27 18:00:00,7.733,9.4918
"1389",2024-11-27 19:00:00,7.648,9.492125
"1390",2024-11-27 20:00:00,7.605,9.493125
"1391",2024-11-27 21:00:00,7.569,9.49335
"1392",2024-11-27 22:00:00,7.545,9.49565
"1393",2024-11-27 23:00:00,7.5335,9.496875
"1394",2024-11-28,7.62125,9.49995
"1395",2024-11-28 01:00:00,7.7205,9.5006
"1396",2024-11-28 02:00:00,7.74975,9.49925
"1397",2024-11-28 03:00:00,7.7535,9.500375
"1398",2024-11-28 04:00:00,7.75025,9.499725
"1399",2024-11-28 05:00:00,7.7415,9.49945
"1400",2024-11-28 06:00:00,7.73925,9.500425
"1401",2024-11-28 07:00:00,7.7455,9.50075
"1402",2024-11-28 08:00:00,7.7395,9.50085
"1403",2024-11-28 09:00:00,7.7475,9.501975
"1404",2024-11-28 10:00:00,7.78825,9.502
"1405",2024-11-28 11:00:00,7.83775,9.501775
"1406",2024-11-28 12:00:00,7.85725,9.499525
"1407",2024-11-28 13:00:00,7.89575,9.49515
"1408",2024-11-28 14:00:00,7.94975,9.49175
"1409",2024-11-28 15:00:00,7.98475,9.488125
"1410",2024-11-28 16:00:00,7.94025,9.4851
"1411",2024-11-28 17:00:00,7.84825,9.4857
"1412",2024-11-28 18:00:00,7.69325,9.484475
"1413",2024-11-28 19:00:00,7.58525,9.4825
"1414",2024-11-28 20:00:00,7.53275,9.481975
"1415",2024-11-28 21:00:00,7.489,9.482625
"1416",2024-11-28 22:00:00,7.45575,9.483075
"1417",2024-11-28 23:00:00,7.4245,9.483275
"1418",2024-11-29,7.40125,9.48495
"1419",2024-11-29 01:00:00,7.37225,9.484075
"1420",2024-11-29 02:00:00,7.36425,9.4834
"1421",2024-11-29 03:00:00,7.35825,9.4861
"1422",2024-11-29 04:00:00,7.328,9.485
"1423",2024-11-29 05:00:00,7.31475,9.484725
"1424",2024-11-29 06:00:00,7.3905,9.4862
"1425",2024-11-29 07:00:00,7.50225,9.49065
"1426",2024-11-29 08:00:00,7.55425,9.495
"1427",2024-11-29 09:00:00,7.57575,9.495525
"1428",2024-11-29 10:00:00,7.61575,9.499075
"1429",2024-11-29 11:00:00,7.68875,9.5039
"1430",2024-11-29 12:00:00,7.76875,9.504075
"1431",2024-11-29 13:00:00,7.76425,9.50045
"1432",2024-11-29 14:00:00,7.774,9.496525
"1433",2024-11-29 15:00:00,7.75325,9.49355
"1434",2024-11-29 16:00:00,7.72025,9.493075
"1435",2024-11-29 17:00:00,7.669,9.49315
"1436",2024-11-29 18:00:00,7.63225,9.49145
"1437",2024-11-29 19:00:00,7.61175,9.492925
"1438",2024-11-29 20:00:00,7.60675,9.494775
"1439",2024-11-29 21:00:00,7.61275,9.4952
"1440",2024-11-29 22:00:00,7.59425,9.4958
"1441",2024-11-29 23:00:00,7.598,9.49775
"1442",2024-11-30,7.58875,9.499025
"1443",2024-11-30 01:00:00,7.578,9.49875
"1444",2024-11-30 02:00:00,7.5515,9.49905
"1445",2024-11-30 03:00:00,7.53675,9.498975
"1446",2024-11-30 04:00:00,7.5305,9.4986
"1447",2024-11-30 05:00:00,7.50975,9.497775
"1448",2024-11-30 06:00:00,7.51225,9.496925
"1449",2024-11-30 07:00:00,7.49525,9.49805
"1450",2024-11-30 08:00:00,7.5055,9.49885
"1451",2024-11-30 09:00:00,7.516,9.501525
"1452",2024-11-30 10:00:00,7.57475,9.505825
"1453",2024-11-30 11:00:00,7.6275,9.507825
"1454",2024-11-30 12:00:00,7.66725,9.50705
"1455",2024-11-30 13:00:00,7.7065,9.505775
"1456",2024-11-30 14:00:00,7.7425,9.5025
"1457",2024-11-30 15:00:00,7.724,9.499325
"1458",2024-11-30 16:00:00,7.69825,9.49795
"1459",2024-11-30 17:00:00,7.63925,9.496975
"1460",2024-11-30 18:00:00,7.608,9.49855
"1461",2024-11-30 19:00:00,7.5915,9.49955
"1462",2024-11-30 20:00:00,7.581,9.50025
"1463",2024-11-30 21:00:00,7.5685,9.5015
"1464",2024-11-30 22:00:00,7.56525,9.5045
"1465",2024-11-30 23:00:00,7.551,9.505275
"1466",2024-12-01,7.53825,9.5062
"1467",2024-12-01 01:00:00,7.524,9.50625
"1468",2024-12-01 02:00:00,7.51525,9.505775
"1469",2024-12-01 03:00:00,7.49825,9.507725
"1470",2024-12-01 04:00:00,7.4965,9.5083
"1471",2024-12-01 05:00:00,7.495,9.507875
"1472",2024-12-01 06:00:00,7.49125,9.508325
"1473",2024-12-01 07:00:00,7.47275,9.50955
"1474",2024-12-01 08:00:00,7.47625,9.512875
"1475",2024-12-01 09:00:00,7.4765,9.518025
"1476",2024-12-01 10:00:00,7.50425,9.522075
"1477",2024-12-01 11:00:00,7.56875,9.52445
"1478",2024-12-01 12:00:00,7.62325,9.522875
"1479",2024-12-01 13:00:00,7.683,9.51965
"1480",2024-12-01 14:00:00,7.73875,9.517675
"1481",2024-12-01 15:00:00,7.7545,9.5149
"1482",2024-12-01 16:00:00,7.694,9.513575
"1483",2024-12-01 17:00:00,7.65425,9.51385
"1484",2024-12-01 18:00:00,7.626,9.51315
"1485",2024-12-01 19:00:00,7.61,9.51315
"1486",2024-12-01 20:00:00,7.59425,9.5137
"1487",2024-12-01 21:00:00,7.60275,9.514675
"1488",2024-12-01 22:00:00,7.5925,9.515425
"1489",2024-12-01 23:00:00,7.59175,9.5162
"1490",2024-12-02,7.58375,9.516825
"1491",2024-12-02 01:00:00,7.578,9.516425
"1492",2024-12-02 02:00:00,7.58125,9.517
"1493",2024-12-02 03:00:00,7.57075,9.517025
"1494",2024-12-02 04:00:00,7.56275,9.516675
"1495",2024-12-02 05:00:00,7.54375,9.51655
"1496",2024-12-02 06:00:00,7.514,9.5164
"1497",2024-12-02 07:00:00,7.47125,9.516375
"1498",2024-12-02 08:00:00,7.458,9.51885
"1499",2024-12-02 09:00:00,7.5225,9.524225
"1500",2024-12-02 10:00:00,7.603,9.529175
"1501",2024-12-02 11:00:00,7.736,9.53285
"1502",2024-12-02 12:00:00,7.86275,9.531825
"1503",2024-12-02 13:00:00,7.955,9.528675
"1504",2024-12-02 14:00:00,8.039,9.524
"1505",2024-12-02 15:00:00,8.01875,9.521
"1506",2024-12-02 16:00:00,7.93775,9.5194
"1507",2024-12-02 17:00:00,7.84725,9.5192
"1508",2024-12-02 18:00:00,7.74075,9.51755
"1509",2024-12-02 19:00:00,7.68025,9.516925
"1510",2024-12-02 20:00:00,7.64625,9.517075
"1511",2024-12-02 21:00:00,7.60825,9.51625
"1512",2024-12-02 22:00:00,7.57825,9.51535
"1513",2024-12-02 23:00:00,7.56175,9.5144
"1514",2024-12-03,7.5455,9.514525
"1515",2024-12-03 01:00:00,7.53525,9.51245
"1516",2024-12-03 02:00:00,7.5215,9.5109
"1517",2024-12-03 03:00:00,7.49525,9.510425
"1518",2024-12-03 04:00:00,7.48025,9.5096
"1519",2024-12-03 05:00:00,7.495,9.507725
"1520",2024-12-03 06:00:00,7.4895,9.508325
"1521",2024-12-03 07:00:00,7.4695,9.508625
"1522",2024-12-03 08:00:00,7.4485,9.5096
"1523",2024-12-03 09:00:00,7.4815,9.512475
"1524",2024-12-03 10:00:00,7.61425,9.51665
"1525",2024-12-03 11:00:00,7.80875,9.520625
"1526",2024-12-03 12:00:00,7.998,9.5201
"1527",2024-12-03 13:00:00,8.12575,9.51575
"1528",2024-12-03 14:00:00,8.209,9.5124
"1529",2024-12-03 15:00:00,8.1565,9.50955
"1530",2024-12-03 16:00:00,8.07425,9.508675
"1531",2024-12-03 17:00:00,7.97075,9.5079
"1532",2024-12-03 18:00:00,7.82675,9.5066
"1533",2024-12-03 19:00:00,7.74725,9.507075
"1534",2024-12-03 20:00:00,7.714,9.50825
"1535",2024-12-03 21:00:00,7.69475,9.50925
"1536",2024-12-03 22:00:00,7.675,9.510675
"1537",2024-12-03 23:00:00,7.65075,9.5124
"1538",2024-12-04,7.6295,9.515225
"1539",2024-12-04 01:00:00,7.61275,9.516475
"1540",2024-12-04 02:00:00,7.5965,9.516025
"1541",2024-12-04 03:00:00,7.5975,9.515575
"1542",2024-12-04 04:00:00,7.57775,9.514875
"1543",2024-12-04 05:00:00,7.56375,9.514425
"1544",2024-12-04 06:00:00,7.541,9.516375
"1545",2024-12-04 07:00:00,7.52075,9.5179
"1546",2024-12-04 08:00:00,7.51675,9.51835
"1547",2024-12-04 09:00:00,7.5615,9.5213
"1548",2024-12-04 10:00:00,7.7245,9.52735
"1549",2024-12-04 11:00:00,7.93,9.532125
"1550",2024-12-04 12:00:00,8.12575,9.53265
"1551",2024-12-04 13:00:00,8.2395,9.52895
"1552",2024-12-04 14:00:00,8.3125,9.52485
"1553",2024-12-04 15:00:00,8.2575,9.5189
"1554",2024-12-04 16:00:00,8.155,9.5135
"1555",2024-12-04 17:00:00,8.03875,9.511825
"1556",2024-12-04 18:00:00,7.89125,9.511625
"1557",2024-12-04 19:00:00,7.80825,9.5139
"1558",2024-12-04 20:00:00,7.76875,9.5165
"1559",2024-12-04 21:00:00,7.76125,9.51695
"1560",2024-12-04 22:00:00,7.74525,9.5167
"1561",2024-12-04 23:00:00,7.722,9.51565
"1562",2024-12-05,7.698,9.5168
"1563",2024-12-05 01:00:00,7.693,9.517325
"1564",2024-12-05 02:00:00,7.698,9.518475
"1565",2024-12-05 03:00:00,7.7065,9.51725
"1566",2024-12-05 04:00:00,7.726,9.5174
"1567",2024-12-05 05:00:00,7.76,9.519575
"1568",2024-12-05 06:00:00,7.778,9.521075
"1569",2024-12-05 07:00:00,7.73725,9.5244
"1570",2024-12-05 08:00:00,7.7005,9.528125
"1571",2024-12-05 09:00:00,7.82,9.534
"1572",2024-12-05 10:00:00,7.92625,9.5372
"1573",2024-12-05 11:00:00,8.04475,9.541525
"1574",2024-12-05 12:00:00,8.1925,9.540975
"1575",2024-12-05 13:00:00,8.30075,9.536175
"1576",2024-12-05 14:00:00,8.3835,9.52905
"1577",2024-12-05 15:00:00,8.32925,9.52325
"1578",2024-12-05 16:00:00,8.2325,9.52075
"1579",2024-12-05 17:00:00,8.12175,9.525325
"1580",2024-12-05 18:00:00,7.9815,9.526725
"1581",2024-12-05 19:00:00,7.90125,9.527775
"1582",2024-12-05 20:00:00,7.866,9.527525
"1583",2024-12-05 21:00:00,7.832,9.529575
"1584",2024-12-05 22:00:00,7.79625,9.531825
"1585",2024-12-05 23:00:00,7.7905,9.536975
"1586",2024-12-06,7.7815,9.5361
"1587",2024-12-06 01:00:00,7.75675,9.53445
"1588",2024-12-06 02:00:00,7.735,9.531325
"1589",2024-12-06 03:00:00,7.7325,9.538075
"1590",2024-12-06 04:00:00,7.74075,9.537075
"1591",2024-12-06 05:00:00,7.73075,9.53685
"1592",2024-12-06 06:00:00,7.71625,9.53355
"1593",2024-12-06 07:00:00,7.69775,9.536375
"1594",2024-12-06 08:00:00,7.66725,9.54235
"1595",2024-12-06 09:00:00,7.69375,9.54515
"1596",2024-12-06 10:00:00,7.8515,9.5491
"1597",2024-12-06 11:00:00,8.052,9.552475
"1598",2024-12-06 12:00:00,8.2185,9.548375
"1599",2024-12-06 13:00:00,8.33525,9.541925
"1600",2024-12-06 14:00:00,8.373,9.5383
"1601",2024-12-06 15:00:00,8.3425,9.5368
"1602",2024-12-06 16:00:00,8.2865,9.535475
"1603",2024-12-06 17:00:00,8.17775,9.53415
"1604",2024-12-06 18:00:00,8.00025,9.53125
"1605",2024-12-06 19:00:00,7.90125,9.527175
"1606",2024-12-06 20:00:00,7.893,9.5275
"1607",2024-12-06 21:00:00,7.86875,9.5286
"1608",2024-12-06 22:00:00,7.811,9.528725
"1609",2024-12-06 23:00:00,7.7995,9.52695
"1610",2024-12-07,7.78575,9.52485
"1611",2024-12-07 01:00:00,7.77775,9.523225
"1612",2024-12-07 02:00:00,7.784,9.522875
"1613",2024-12-07 03:00:00,7.8075,9.52195
"1614",2024-12-07 04:00:00,7.83375,9.516375
"1615",2024-12-07 05:00:00,7.82375,9.513275
"1616",2024-12-07 06:00:00,7.78175,9.51375
"1617",2024-12-07 07:00:00,7.74925,9.51565
"1618",2024-12-07 08:00:00,7.7755,9.5158
"1619",2024-12-07 09:00:00,7.83975,9.51585
"1620",2024-12-07 10:00:00,7.9735,9.517125
"1621",2024-12-07 11:00:00,8.08075,9.52055
"1622",2024-12-07 12:00:00,8.1625,9.51715
"1623",2024-12-07 13:00:00,8.197,9.50855
"1624",2024-12-07 14:00:00,8.24175,9.502225
"1625",2024-12-07 15:00:00,8.30125,9.502175
"1626",2024-12-07 16:00:00,8.27275,9.49925
"1627",2024-12-07 17:00:00,8.205,9.5051
"1628",2024-12-07 18:00:00,8.13975,9.506025
"1629",2024-12-07 19:00:00,8.09325,9.507075
"1630",2024-12-07 20:00:00,8.06175,9.5093
"1631",2024-12-07 21:00:00,8.0725,9.510575
"1632",2024-12-07 22:00:00,8.04925,9.51405
"1633",2024-12-07 23:00:00,8.09875,9.515425
"1634",2024-12-08,8.113,9.516775
"1635",2024-12-08 01:00:00,8.1105,9.5194
"1636",2024-12-08 02:00:00,8.089,9.51745
"1637",2024-12-08 03:00:00,8.04325,9.522075
"1638",2024-12-08 04:00:00,8.04525,9.5222
"1639",2024-12-08 05:00:00,7.99225,9.5204
"1640",2024-12-08 06:00:00,8.01025,9.519825
"1641",2024-12-08 07:00:00,8.0175,9.519775
"1642",2024-12-08 08:00:00,8.00625,9.519475
"1643",2024-12-08 09:00:00,7.9965,9.522475
"1644",2024-12-08 10:00:00,8.06875,9.5252
"1645",2024-12-08 11:00:00,8.137,9.527525
"1646",2024-12-08 12:00:00,8.1895,9.5251
"1647",2024-12-08 13:00:00,8.22625,9.52085
"1648",2024-12-08 14:00:00,8.21425,9.5168
"1649",2024-12-08 15:00:00,8.238,9.514775
"1650",2024-12-08 16:00:00,8.167,9.513075
"1651",2024-12-08 17:00:00,8.003,9.509825
"1652",2024-12-08 18:00:00,7.947,9.508925
"1653",2024-12-08 19:00:00,7.926,9.510525
"1654",2024-12-08 20:00:00,7.95,9.513675
"1655",2024-12-08 21:00:00,7.95825,9.5153
"1656",2024-12-08 22:00:00,7.9295,9.516375
"1657",2024-12-08 23:00:00,7.88725,9.516825
"1658",2024-12-09,7.8175,9.51945
"1659",2024-12-09 01:00:00,7.7135,9.5235
"1660",2024-12-09 02:00:00,7.69025,9.52805
"1661",2024-12-09 03:00:00,7.66125,9.532775
"1662",2024-12-09 04:00:00,7.612,9.53585
"1663",2024-12-09 05:00:00,7.5875,9.536525
"1664",2024-12-09 06:00:00,7.57175,9.5382
"1665",2024-12-09 07:00:00,7.66725,9.542075
"1666",2024-12-09 08:00:00,7.76175,9.54585
"1667",2024-12-09 09:00:00,7.79525,9.549325
"1668",2024-12-09 10:00:00,7.845,9.555875
"1669",2024-12-09 11:00:00,7.9825,9.56215
"1670",2024-12-09 12:00:00,8.12725,9.56295
"1671",2024-12-09 13:00:00,8.101,9.559975
"1672",2024-12-09 14:00:00,8.1365,9.559325
"1673",2024-12-09 15:00:00,8.079,9.55595
"1674",2024-12-09 16:00:00,7.9895,9.554325
"1675",2024-12-09 17:00:00,7.9025,9.55365
"1676",2024-12-09 18:00:00,7.77275,9.5562
"1677",2024-12-09 19:00:00,7.69,9.558675
"1678",2024-12-09 20:00:00,7.6615,9.56295
"1679",2024-12-09 21:00:00,7.63825,9.564775
"1680",2024-12-09 22:00:00,7.606,9.567875
"1681",2024-12-09 23:00:00,7.575,9.5693
"1682",2024-12-10,7.553,9.57005
"1683",2024-12-10 01:00:00,7.53775,9.5701
"1684",2024-12-10 02:00:00,7.49775,9.570725
"1685",2024-12-10 03:00:00,7.47975,9.574175
"1686",2024-12-10 04:00:00,7.47425,9.57275
"1687",2024-12-10 05:00:00,7.45575,9.5719
"1688",2024-12-10 06:00:00,7.431,9.569175
"1689",2024-12-10 07:00:00,7.41675,9.569025
"1690",2024-12-10 08:00:00,7.4155,9.5689
"1691",2024-12-10 09:00:00,7.451,9.570725
"1692",2024-12-10 10:00:00,7.6185,9.576125
"1693",2024-12-10 11:00:00,7.83175,9.578025
"1694",2024-12-10 12:00:00,7.9645,9.575
"1695",2024-12-10 13:00:00,8.06975,9.5697
"1696",2024-12-10 14:00:00,8.08475,9.5632
"1697",2024-12-10 15:00:00,8.083,9.5586
"1698",2024-12-10 16:00:00,8.0125,9.5551
"1699",2024-12-10 17:00:00,7.927,9.551325
"1700",2024-12-10 18:00:00,7.76225,9.5475
"1701",2024-12-10 19:00:00,7.69275,9.546775
"1702",2024-12-10 20:00:00,7.6675,9.5448
"1703",2024-12-10 21:00:00,7.63925,9.54385
"1704",2024-12-10 22:00:00,7.61575,9.54075
"1705",2024-12-10 23:00:00,7.615,9.535775
"1706",2024-12-11,7.627,9.536225
"1707",2024-12-11 01:00:00,7.6545,9.534875
"1708",2024-12-11 02:00:00,7.65975,9.52905
"1709",2024-12-11 03:00:00,7.631,9.52365
"1710",2024-12-11 04:00:00,7.65625,9.51655
"1711",2024-12-11 05:00:00,7.68875,9.512775
"1712",2024-12-11 06:00:00,7.702,9.510775
"1713",2024-12-11 07:00:00,7.707,9.505475
"1714",2024-12-11 08:00:00,7.71725,9.5005
"1715",2024-12-11 09:00:00,7.7235,9.496325
"1716",2024-12-11 10:00:00,7.811,9.49545
"1717",2024-12-11 11:00:00,7.98675,9.48565
"1718",2024-12-11 12:00:00,8.169,9.470725
"1719",2024-12-11 13:00:00,8.268,9.4617
"1720",2024-12-11 14:00:00,8.234,9.448075
"1721",2024-12-11 15:00:00,8.16525,9.4349
"1722",2024-12-11 16:00:00,8.08725,9.4243
"1723",2024-12-11 17:00:00,8.0175,9.41515
"1724",2024-12-11 18:00:00,7.98275,9.407425
"1725",2024-12-11 19:00:00,7.94325,9.397375
"1726",2024-12-11 20:00:00,7.933,9.398875
"1727",2024-12-11 21:00:00,7.93,9.396475
"1728",2024-12-11 22:00:00,7.916,9.3877
"1729",2024-12-11 23:00:00,7.91625,9.378925
"1730",2024-12-12,7.9845,9.374125
"1731",2024-12-12 01:00:00,7.97775,9.373275
"1732",2024-12-12 02:00:00,7.93125,9.366225
"1733",2024-12-12 03:00:00,7.978,9.36045
"1734",2024-12-12 04:00:00,7.9705,9.35805
"1735",2024-12-12 05:00:00,7.9675,9.354175
"1736",2024-12-12 06:00:00,7.96275,9.356
"1737",2024-12-12 07:00:00,7.9945,9.3585
"1738",2024-12-12 08:00:00,8.00075,9.3621
"1739",2024-12-12 09:00:00,8.0095,9.363025
"1740",2024-12-12 10:00:00,8.0305,9.3654
"1741",2024-12-12 11:00:00,8.103,9.368975
"1742",2024-12-12 12:00:00,8.268,9.366775
"1743",2024-12-12 13:00:00,8.28975,9.365875
"1744",2024-12-12 14:00:00,8.20725,9.36765
"1745",2024-12-12 15:00:00,8.14425,9.3694
"1746",2024-12-12 16:00:00,8.13775,9.373675
"1747",2024-12-12 17:00:00,8.1125,9.3777
"1748",2024-12-12 18:00:00,8.061,9.380725
"1749",2024-12-12 19:00:00,7.9955,9.379575
"1750",2024-12-12 20:00:00,7.96275,9.37945
"1751",2024-12-12 21:00:00,7.883,9.3826
"1752",2024-12-12 22:00:00,7.815,9.382825
"1753",2024-12-12 23:00:00,7.78925,9.38735
"1754",2024-12-13,7.74225,9.40135
"1755",2024-12-13 01:00:00,7.72425,9.402075
"1756",2024-12-13 02:00:00,7.72225,9.40045
"1757",2024-12-13 03:00:00,7.72,9.4038
"1758",2024-12-13 04:00:00,7.75,9.405775
"1759",2024-12-13 05:00:00,7.81225,9.4049
"1760",2024-12-13 06:00:00,7.866,9.4032
"1761",2024-12-13 07:00:00,7.89475,9.4057
"1762",2024-12-13 08:00:00,7.897,9.40365
"1763",2024-12-13 09:00:00,7.9465,9.40185
"1764",2024-12-13 10:00:00,8.03425,9.403375
"1765",2024-12-13 11:00:00,8.02175,9.403825
"1766",2024-12-13 12:00:00,8.025,9.400875
"1767",2024-12-13 13:00:00,8.0065,9.3916
"1768",2024-12-13 14:00:00,8.04275,9.38515
"1769",2024-12-13 15:00:00,8.089,9.38205
"1770",2024-12-13 16:00:00,8.03,9.376625
"1771",2024-12-13 17:00:00,7.9455,9.374375
"1772",2024-12-13 18:00:00,7.9075,9.37435
"1773",2024-12-13 19:00:00,7.9275,9.371225
"1774",2024-12-13 20:00:00,7.9305,9.36445
"1775",2024-12-13 21:00:00,7.8935,9.361975
"1776",2024-12-13 22:00:00,7.91025,9.367375
"1777",2024-12-13 23:00:00,7.92275,9.3813
"1778",2024-12-14,7.90125,9.386175
"1779",2024-12-14 01:00:00,7.8935,9.381175
"1780",2024-12-14 02:00:00,7.902,9.381
"1781",2024-12-14 03:00:00,7.89275,9.380175
"1782",2024-12-14 04:00:00,7.8325,9.380525
"1783",2024-12-14 05:00:00,7.8755,9.38045
"1784",2024-12-14 06:00:00,7.951,9.379725
"1785",2024-12-14 07:00:00,7.94575,9.372825
"1786",2024-12-14 08:00:00,8.01875,9.375525
"1787",2024-12-14 09:00:00,8.08225,9.376725
"1788",2024-12-14 10:00:00,8.1085,9.382675
"1789",2024-12-14 11:00:00,8.10875,9.38655
"1790",2024-12-14 12:00:00,8.10325,9.38655
"1791",2024-12-14 13:00:00,8.14375,9.387275
"1792",2024-12-14 14:00:00,8.152,9.38895
"1793",2024-12-14 15:00:00,8.18625,9.3954
"1794",2024-12-14 16:00:00,8.24125,9.406675
"1795",2024-12-14 17:00:00,8.174,9.418575
"1796",2024-12-14 18:00:00,8.05775,9.42985
"1797",2024-12-14 19:00:00,8.0145,9.444025
"1798",2024-12-14 20:00:00,8.0025,9.459275
"1799",2024-12-14 21:00:00,7.98325,9.47035
"1800",2024-12-14 22:00:00,8.0125,9.4782
"1801",2024-12-14 23:00:00,8.0315,9.484825
"1802",2024-12-15,8.00325,9.494475
"1803",2024-12-15 01:00:00,7.86475,9.50095
"1804",2024-12-15 02:00:00,7.799,9.503875
"1805",2024-12-15 03:00:00,7.77575,9.503925
"1806",2024-12-15 04:00:00,7.7345,9.50265
"1807",2024-12-15 05:00:00,7.684,9.50595
"1808",2024-12-15 06:00:00,7.65775,9.5099
"1809",2024-12-15 07:00:00,7.639,9.513975
"1810",2024-12-15 08:00:00,7.6155,9.51765
"1811",2024-12-15 09:00:00,7.64325,9.51755
"1812",2024-12-15 10:00:00,7.803,9.5219
"1813",2024-12-15 11:00:00,7.96425,9.5233
"1814",2024-12-15 12:00:00,8.088,9.522175
"1815",2024-12-15 13:00:00,8.1785,9.51645
"1816",2024-12-15 14:00:00,8.2325,9.5047
"1817",2024-12-15 15:00:00,8.151,9.503975
"1818",2024-12-15 16:00:00,8.11,9.501675
"1819",2024-12-15 17:00:00,8.0605,9.4981
"1820",2024-12-15 18:00:00,8.02825,9.489075
"1821",2024-12-15 19:00:00,8.03525,9.4828
"1822",2024-12-15 20:00:00,8.015,9.48395
"1823",2024-12-15 21:00:00,8.0135,9.4822
"1824",2024-12-15 22:00:00,8.05575,9.477175
"1825",2024-12-15 23:00:00,7.99625,9.4719
"1826",2024-12-16,7.97725,9.471025
"1827",2024-12-16 01:00:00,7.957,9.46735
"1828",2024-12-16 02:00:00,7.90925,9.465125
"1829",2024-12-16 03:00:00,7.86175,9.466875
"1830",2024-12-16 04:00:00,7.86,9.465525
"1831",2024-12-16 05:00:00,7.87825,9.4575
"1832",2024-12-16 06:00:00,7.927,9.448775
"1833",2024-12-16 07:00:00,7.9225,9.448725
"1834",2024-12-16 08:00:00,7.9855,9.451825
"1835",2024-12-16 09:00:00,8.01625,9.456125
"1836",2024-12-16 10:00:00,8.0735,9.455825
"1837",2024-12-16 11:00:00,8.134,9.452275
"1838",2024-12-16 12:00:00,8.18675,9.449325
"1839",2024-12-16 13:00:00,8.262,9.44225
"1840",2024-12-16 14:00:00,8.30125,9.435475
"1841",2024-12-16 15:00:00,8.28825,9.4342
"1842",2024-12-16 16:00:00,8.17875,9.436425
"1843",2024-12-16 17:00:00,8.10525,9.440525
"1844",2024-12-16 18:00:00,8.081,9.4432
"1845",2024-12-16 19:00:00,8.0935,9.448825
"1846",2024-12-16 20:00:00,8.08975,9.460975
"1847",2024-12-16 21:00:00,8.077,9.468225
"1848",2024-12-16 22:00:00,8.0465,9.4723
"1849",2024-12-16 23:00:00,8.04025,9.476825
"1850",2024-12-17,8.02925,9.48475
"1851",2024-12-17 01:00:00,8.0695,9.490125
"1852",2024-12-17 02:00:00,8.0345,9.49105
"1853",2024-12-17 03:00:00,8.00725,9.49615
"1854",2024-12-17 04:00:00,8.02025,9.4992
"1855",2024-12-17 05:00:00,8.0485,9.500075
"1856",2024-12-17 06:00:00,8.014,9.501475
"1857",2024-12-17 07:00:00,8.0015,9.5081
"1858",2024-12-17 08:00:00,8.0015,9.513175
"1859",2024-12-17 09:00:00,8.048,9.525675
"1860",2024-12-17 10:00:00,8.161,9.53395
"1861",2024-12-17 11:00:00,8.26325,9.54135
"1862",2024-12-17 12:00:00,8.37,9.544025
"1863",2024-12-17 13:00:00,8.44875,9.53995
"1864",2024-12-17 14:00:00,8.51725,9.539125
"1865",2024-12-17 15:00:00,8.43175,9.5353
"1866",2024-12-17 16:00:00,8.404,9.535175
"1867",2024-12-17 17:00:00,8.30025,9.533675
"1868",2024-12-17 18:00:00,8.19,9.53335
"1869",2024-12-17 19:00:00,8.1025,9.5325
"1870",2024-12-17 20:00:00,8.0475,9.5327
"1871",2024-12-17 21:00:00,8.014,9.535125
"1872",2024-12-17 22:00:00,7.9755,9.53755
"1873",2024-12-17 23:00:00,7.962,9.537175
"1874",2024-12-18,7.92925,9.53745
"1875",2024-12-18 01:00:00,7.8965,9.5349
"1876",2024-12-18 02:00:00,7.90875,9.533575
"1877",2024-12-18 03:00:00,7.8985,9.532875
"1878",2024-12-18 04:00:00,7.85225,9.529725
"1879",2024-12-18 05:00:00,7.88625,9.530125
"1880",2024-12-18 06:00:00,7.98425,9.534125
"1881",2024-12-18 07:00:00,8.064,9.539225
"1882",2024-12-18 08:00:00,8.0855,9.542525
"1883",2024-12-18 09:00:00,8.0625,9.54705
"1884",2024-12-18 10:00:00,8.156,9.553
"1885",2024-12-18 11:00:00,8.3135,9.55475
"1886",2024-12-18 12:00:00,8.35875,9.548725
"1887",2024-12-18 13:00:00,8.46675,9.54105
"1888",2024-12-18 14:00:00,8.5135,9.5372
"1889",2024-12-18 15:00:00,8.471,9.53705
"1890",2024-12-18 16:00:00,8.383,9.538125
"1891",2024-12-18 17:00:00,8.3035,9.53745
"1892",2024-12-18 18:00:00,8.18225,9.534875
"1893",2024-12-18 19:00:00,8.0725,9.534725
"1894",2024-12-18 20:00:00,8.03825,9.5344
"1895",2024-12-18 21:00:00,8.0005,9.5355
"1896",2024-12-18 22:00:00,7.97125,9.534375
"1897",2024-12-18 23:00:00,7.925,9.5306
"1898",2024-12-19,7.89625,9.528075
"1899",2024-12-19 01:00:00,7.8855,9.5259
"1900",2024-12-19 02:00:00,7.87325,9.524
"1901",2024-12-19 03:00:00,7.845,9.523725
"1902",2024-12-19 04:00:00,7.81725,9.520325
"1903",2024-12-19 05:00:00,7.8085,9.517175
"1904",2024-12-19 06:00:00,7.81725,9.51645
"1905",2024-12-19 07:00:00,7.794,9.515275
"1906",2024-12-19 08:00:00,7.76375,9.512975
"1907",2024-12-19 09:00:00,7.79575,9.5155
"1908",2024-12-19 10:00:00,7.936,9.521225
"1909",2024-12-19 11:00:00,8.04825,9.523625
"1910",2024-12-19 12:00:00,8.22725,9.519975
"1911",2024-12-19 13:00:00,8.36575,9.515325
"1912",2024-12-19 14:00:00,8.39575,9.51165
"1913",2024-12-19 15:00:00,8.3905,9.507425
"1914",2024-12-19 16:00:00,8.3115,9.507525
"1915",2024-12-19 17:00:00,8.24075,9.504425
"1916",2024-12-19 18:00:00,8.16225,9.49755
"1917",2024-12-19 19:00:00,8.091,9.49345
"1918",2024-12-19 20:00:00,8.074,9.49325
"1919",2024-12-19 21:00:00,8.07175,9.4932
"1920",2024-12-19 22:00:00,8.0735,9.4939
"1921",2024-12-19 23:00:00,8.09125,9.492975
"1922",2024-12-20,8.08725,9.490925
"1923",2024-12-20 01:00:00,8.08325,9.4906
"1924",2024-12-20 02:00:00,8.07725,9.48805
"1925",2024-12-20 03:00:00,8.0585,9.488125
"1926",2024-12-20 04:00:00,7.9925,9.48395
"1927",2024-12-20 05:00:00,7.95475,9.4808
"1928",2024-12-20 06:00:00,7.955,9.47955
"1929",2024-12-20 07:00:00,7.98,9.480775
"1930",2024-12-20 08:00:00,7.967,9.484575
"1931",2024-12-20 09:00:00,8.005,9.48775
"1932",2024-12-20 10:00:00,8.14025,9.49455
"1933",2024-12-20 11:00:00,8.311,9.49775
"1934",2024-12-20 12:00:00,8.47725,9.4955
"1935",2024-12-20 13:00:00,8.57075,9.493125
"1936",2024-12-20 14:00:00,8.566,9.4903
"1937",2024-12-20 15:00:00,8.54025,9.484725
"1938",2024-12-20 16:00:00,8.50675,9.4829
"1939",2024-12-20 17:00:00,8.3975,9.47795
"1940",2024-12-20 18:00:00,8.3,9.474925
"1941",2024-12-20 19:00:00,8.21775,9.4726
"1942",2024-12-20 20:00:00,8.204,9.46305
"1943",2024-12-20 21:00:00,8.21675,9.46105
"1944",2024-12-20 22:00:00,8.21925,9.456
"1945",2024-12-20 23:00:00,8.24925,9.456
"1946",2024-12-21,8.2495,9.44915
"1947",2024-12-21 01:00:00,8.206,9.441175
"1948",2024-12-21 02:00:00,8.1915,9.438325
"1949",2024-12-21 03:00:00,8.19275,9.425
"1950",2024-12-21 04:00:00,8.15225,9.42155
"1951",2024-12-21 05:00:00,8.14475,9.41705
"1952",2024-12-21 06:00:00,8.15025,9.438475
"1953",2024-12-21 07:00:00,8.13675,9.443825
"1954",2024-12-21 08:00:00,8.125,9.45495
"1955",2024-12-21 09:00:00,8.103,9.453
"1956",2024-12-21 10:00:00,8.166,9.451275
"1957",2024-12-21 11:00:00,8.2555,9.45815
"1958",2024-12-21 12:00:00,8.38875,9.4586
"1959",2024-12-21 13:00:00,8.46075,9.456725
"1960",2024-12-21 14:00:00,8.4135,9.45785
"1961",2024-12-21 15:00:00,8.35,9.459525
"1962",2024-12-21 16:00:00,8.329,9.463325
"1963",2024-12-21 17:00:00,8.237,9.466475
"1964",2024-12-21 18:00:00,8.16,9.46395
"1965",2024-12-21 19:00:00,8.12125,9.46455
"1966",2024-12-21 20:00:00,8.068,9.471025
"1967",2024-12-21 21:00:00,8.04175,9.4727
"1968",2024-12-21 22:00:00,8.08525,9.4727
"1969",2024-12-21 23:00:00,8.10175,9.47395
"1970",2024-12-22,8.1135,9.476375
"1971",2024-12-22 01:00:00,8.1255,9.4746
"1972",2024-12-22 02:00:00,8.1325,9.4742
"1973",2024-12-22 03:00:00,8.146,9.47165
"1974",2024-12-22 04:00:00,8.146,9.467175
"1975",2024-12-22 05:00:00,8.1395,9.466975
"1976",2024-12-22 06:00:00,8.13,9.462275
"1977",2024-12-22 07:00:00,8.14575,9.458525
"1978",2024-12-22 08:00:00,8.12025,9.458375
"1979",2024-12-22 09:00:00,8.13375,9.463475
"1980",2024-12-22 10:00:00,8.26725,9.461725
"1981",2024-12-22 11:00:00,8.37725,9.465
"1982",2024-12-22 12:00:00,8.408,9.4595
"1983",2024-12-22 13:00:00,8.46275,9.456
"1984",2024-12-22 14:00:00,8.53,9.455225
"1985",2024-12-22 15:00:00,8.43275,9.453475
"1986",2024-12-22 16:00:00,8.41,9.44805
"1987",2024-12-22 17:00:00,8.351,9.450175
"1988",2024-12-22 18:00:00,8.25175,9.4531
"1989",2024-12-22 19:00:00,8.2375,9.45265
"1990",2024-12-22 20:00:00,8.264,9.45525
"1991",2024-12-22 21:00:00,8.272,9.457475
"1992",2024-12-22 22:00:00,8.28,9.45985
"1993",2024-12-22 23:00:00,8.28975,9.462225
"1994",2024-12-23,8.28875,9.472225
"1995",2024-12-23 01:00:00,8.281,9.481925
"1996",2024-12-23 02:00:00,8.26875,9.48595
"1997",2024-12-23 03:00:00,8.165,9.488075
"1998",2024-12-23 04:00:00,8.04825,9.491525
"1999",2024-12-23 05:00:00,8.002,9.491675
"2000",2024-12-23 06:00:00,8.0295,9.49495
"2001",2024-12-23 07:00:00,8.02775,9.49045
"2002",2024-12-23 08:00:00,7.95275,9.486225
"2003",2024-12-23 09:00:00,8.01825,9.4869
"2004",2024-12-23 10:00:00,8.15325,9.4938
"2005",2024-12-23 11:00:00,8.3185,9.495075
"2006",2024-12-23 12:00:00,8.432,9.4972
"2007",2024-12-23 13:00:00,8.53025,9.4866
"2008",2024-12-23 14:00:00,8.51225,9.471425
"2009",2024-12-23 15:00:00,8.49475,9.464725
"2010",2024-12-23 16:00:00,8.42275,9.4587
"2011",2024-12-23 17:00:00,8.41425,9.454125
"2012",2024-12-23 18:00:00,8.39375,9.4427
"2013",2024-12-23 19:00:00,8.39725,9.43515
"2014",2024-12-23 20:00:00,8.4135,9.426475
"2015",2024-12-23 21:00:00,8.40725,9.41705
"2016",2024-12-23 22:00:00,8.381,9.405175
"2017",2024-12-23 23:00:00,8.37575,9.404925
"2018",2024-12-24,8.42675,9.398725
"2019",2024-12-24 01:00:00,8.44325,9.40185
"2020",2024-12-24 02:00:00,8.4065,9.4016
"2021",2024-12-24 03:00:00,8.3645,9.4052
"2022",2024-12-24 04:00:00,8.331,9.40465
"2023",2024-12-24 05:00:00,8.30825,9.404975
"2024",2024-12-24 06:00:00,8.27925,9.407875
"2025",2024-12-24 07:00:00,8.2385,9.4089
"2026",2024-12-24 08:00:00,8.211,9.410475
"2027",2024-12-24 09:00:00,8.18375,9.414675
"2028",2024-12-24 10:00:00,8.227,9.426875
"2029",2024-12-24 11:00:00,8.2815,9.436175
"2030",2024-12-24 12:00:00,8.35075,9.43915
"2031",2024-12-24 13:00:00,8.437,9.43855
"2032",2024-12-24 14:00:00,8.332,9.44135
"2033",2024-12-24 15:00:00,8.25925,9.442625
"2034",2024-12-24 16:00:00,8.2435,9.444475
"2035",2024-12-24 17:00:00,8.15925,9.45395
"2036",2024-12-24 18:00:00,8.0665,9.4676
"2037",2024-12-24 19:00:00,8.08025,9.475675
"2038",2024-12-24 20:00:00,8.0365,9.479275
"2039",2024-12-24 21:00:00,7.9745,9.478675
"2040",2024-12-24 22:00:00,7.96225,9.48175
"2041",2024-12-24 23:00:00,7.93375,9.4785
"2042",2024-12-25,7.86575,9.48045
"2043",2024-12-25 01:00:00,7.8715,9.49385
"2044",2024-12-25 02:00:00,7.88175,9.496725
"2045",2024-12-25 03:00:00,7.8755,9.4926
"2046",2024-12-25 04:00:00,7.8525,9.49325
"2047",2024-12-25 05:00:00,7.894,9.491425
"2048",2024-12-25 06:00:00,7.87725,9.4898
"2049",2024-12-25 07:00:00,7.8705,9.487
"2050",2024-12-25 08:00:00,7.8965,9.48495
"2051",2024-12-25 09:00:00,7.935,9.4841
"2052",2024-12-25 10:00:00,8.00725,9.4872
"2053",2024-12-25 11:00:00,8.1465,9.487725
"2054",2024-12-25 12:00:00,8.2305,9.482625
"2055",2024-12-25 13:00:00,8.29925,9.4743
"2056",2024-12-25 14:00:00,8.339,9.46475
"2057",2024-12-25 15:00:00,8.27375,9.45745
"2058",2024-12-25 16:00:00,8.207,9.454775
"2059",2024-12-25 17:00:00,8.16425,9.454225
"2060",2024-12-25 18:00:00,8.146,9.4526
"2061",2024-12-25 19:00:00,8.13375,9.4426
"2062",2024-12-25 20:00:00,8.07975,9.43165
"2063",2024-12-25 21:00:00,7.96725,9.42425
"2064",2024-12-25 22:00:00,7.94975,9.420925
"2065",2024-12-25 23:00:00,7.952,9.415625
"2066",2024-12-26,7.94525,9.402375
"2067",2024-12-26 01:00:00,7.9365,9.3949
"2068",2024-12-26 02:00:00,7.8915,9.39915
"2069",2024-12-26 03:00:00,7.95025,9.38055
"2070",2024-12-26 04:00:00,8.006,9.37825
"2071",2024-12-26 05:00:00,8.02775,9.378325
"2072",2024-12-26 06:00:00,8.03725,9.385675
"2073",2024-12-26 07:00:00,8.03025,9.393375
"2074",2024-12-26 08:00:00,8.07225,9.401275
"2075",2024-12-26 09:00:00,8.1155,9.415
"2076",2024-12-26 10:00:00,8.164,9.426975
"2077",2024-12-26 11:00:00,8.23275,9.4351
"2078",2024-12-26 12:00:00,8.289,9.43345
"2079",2024-12-26 13:00:00,8.357,9.43055
"2080",2024-12-26 14:00:00,8.398,9.427425
"2081",2024-12-26 15:00:00,8.3095,9.41995
"2082",2024-12-26 16:00:00,8.2665,9.417
"2083",2024-12-26 17:00:00,8.238,9.415775
"2084",2024-12-26 18:00:00,8.20725,9.413625
"2085",2024-12-26 19:00:00,8.195,9.4041
"2086",2024-12-26 20:00:00,8.169,9.3982
"2087",2024-12-26 21:00:00,8.16075,9.385675
"2088",2024-12-26 22:00:00,8.15625,9.37515
"2089",2024-12-26 23:00:00,8.16325,9.3608
"2090",2024-12-27,8.13775,9.3469
"2091",2024-12-27 01:00:00,8.123,9.337025
"2092",2024-12-27 02:00:00,8.13975,9.32455
"2093",2024-12-27 03:00:00,8.1925,9.314275
"2094",2024-12-27 04:00:00,8.21975,9.311525
"2095",2024-12-27 05:00:00,8.25425,9.321375
"2096",2024-12-27 06:00:00,8.27075,9.333475
"2097",2024-12-27 07:00:00,8.242,9.360025
"2098",2024-12-27 08:00:00,8.16325,9.3782
"2099",2024-12-27 09:00:00,8.17325,9.392525
"2100",2024-12-27 10:00:00,8.22575,9.40685
"2101",2024-12-27 11:00:00,8.3655,9.417475
"2102",2024-12-27 12:00:00,8.48575,9.41755
"2103",2024-12-27 13:00:00,8.561,9.4141
"2104",2024-12-27 14:00:00,8.5525,9.4115
"2105",2024-12-27 15:00:00,8.466,9.414975
"2106",2024-12-27 16:00:00,8.38525,9.40995
"2107",2024-12-27 17:00:00,8.3075,9.41835
"2108",2024-12-27 18:00:00,8.2635,9.419025
"2109",2024-12-27 19:00:00,8.2655,9.41615
"2110",2024-12-27 20:00:00,8.26675,9.4131
"2111",2024-12-27 21:00:00,8.26925,9.4141
"2112",2024-12-27 22:00:00,8.26875,9.411125
"2113",2024-12-27 23:00:00,8.27775,9.405875
"2114",2024-12-28,8.29025,9.406925
"2115",2024-12-28 01:00:00,8.30975,9.408175
"2116",2024-12-28 02:00:00,8.31875,9.412325
"2117",2024-12-28 03:00:00,8.3175,9.41385
"2118",2024-12-28 04:00:00,8.31875,9.41835
"2119",2024-12-28 05:00:00,8.31,9.418275
"2120",2024-12-28 06:00:00,8.315,9.424425
"2121",2024-12-28 07:00:00,8.313,9.4338
"2122",2024-12-28 08:00:00,8.30425,9.4399
"2123",2024-12-28 09:00:00,8.2985,9.448575
"2124",2024-12-28 10:00:00,8.301,9.45505
"2125",2024-12-28 11:00:00,8.32075,9.460575
"2126",2024-12-28 12:00:00,8.3555,9.458925
"2127",2024-12-28 13:00:00,8.361,9.45505
"2128",2024-12-28 14:00:00,8.37275,9.44855
"2129",2024-12-28 15:00:00,8.38125,9.44635
"2130",2024-12-28 16:00:00,8.3795,9.43955
"2131",2024-12-28 17:00:00,8.377,9.43125
"2132",2024-12-28 18:00:00,8.332,9.42255
"2133",2024-12-28 19:00:00,8.303,9.41275
"2134",2024-12-28 20:00:00,8.31225,9.409825
"2135",2024-12-28 21:00:00,8.39525,9.411425
"2136",2024-12-28 22:00:00,8.42225,9.408325
"2137",2024-12-28 23:00:00,8.42175,9.405875
"2138",2024-12-29,8.40625,9.40225
"2139",2024-12-29 01:00:00,8.37025,9.39285
"2140",2024-12-29 02:00:00,8.35075,9.384025
"2141",2024-12-29 03:00:00,8.3335,9.3828
"2142",2024-12-29 04:00:00,8.307,9.38665
"2143",2024-12-29 05:00:00,8.279,9.39145
"2144",2024-12-29 06:00:00,8.234,9.392275
"2145",2024-12-29 07:00:00,8.20725,9.397825
"2146",2024-12-29 08:00:00,8.17075,9.401325
"2147",2024-12-29 09:00:00,8.1755,9.403075
"2148",2024-12-29 10:00:00,8.223,9.41115
"2149",2024-12-29 11:00:00,8.14325,9.426275
"2150",2024-12-29 12:00:00,8.265,9.42925
"2151",2024-12-29 13:00:00,8.39625,9.42925
"2152",2024-12-29 14:00:00,8.21725,9.430125
"2153",2024-12-29 15:00:00,8.231,9.4343
"2154",2024-12-29 16:00:00,8.2595,9.442925
"2155",2024-12-29 17:00:00,8.1315,9.456125
"2156",2024-12-29 18:00:00,8.062,9.4666
"2157",2024-12-29 19:00:00,7.9445,9.477175
"2158",2024-12-29 20:00:00,7.87625,9.4848
"2159",2024-12-29 21:00:00,7.85725,9.494425
"2160",2024-12-29 22:00:00,7.849,9.504175
"2161",2024-12-29 23:00:00,7.81975,9.511575
"2162",2024-12-30,7.811,9.51905
"2163",2024-12-30 01:00:00,7.812,9.521525
"2164",2024-12-30 02:00:00,7.801,9.52225
"2165",2024-12-30 03:00:00,7.765,9.52815
"2166",2024-12-30 04:00:00,7.7495,9.5293
"2167",2024-12-30 05:00:00,7.744,9.52785
"2168",2024-12-30 06:00:00,7.7255,9.52885
"2169",2024-12-30 07:00:00,7.7115,9.535525
"2170",2024-12-30 08:00:00,7.69275,9.5396
"2171",2024-12-30 09:00:00,7.7035,9.5428
"2172",2024-12-30 10:00:00,7.804,9.552425
"2173",2024-12-30 11:00:00,7.96575,9.55595
"2174",2024-12-30 12:00:00,8.08775,9.552325
"2175",2024-12-30 13:00:00,8.16675,9.5446
"2176",2024-12-30 14:00:00,8.24725,9.54395
"2177",2024-12-30 15:00:00,8.2585,9.540375
"2178",2024-12-30 16:00:00,8.18675,9.53455
"2179",2024-12-30 17:00:00,8.02425,9.5292
"2180",2024-12-30 18:00:00,7.89625,9.526725
"2181",2024-12-30 19:00:00,7.82725,9.52505
"2182",2024-12-30 20:00:00,7.79625,9.52355
"2183",2024-12-30 21:00:00,7.766,9.523125
"2184",2024-12-30 22:00:00,7.7445,9.523025
"2185",2024-12-30 23:00:00,7.728,9.5235
"2186",2024-12-31,7.70375,9.524125
"2187",2024-12-31 01:00:00,7.686,9.522125
"2188",2024-12-31 02:00:00,7.662,9.520975
"2189",2024-12-31 03:00:00,7.64175,9.516325
"2190",2024-12-31 04:00:00,7.63,9.511925
"2191",2024-12-31 05:00:00,7.612,9.513125
"2192",2024-12-31 06:00:00,7.621,9.508775
"2193",2024-12-31 07:00:00,7.62775,9.51025
"2194",2024-12-31 08:00:00,7.624,9.511975
"2195",2024-12-31 09:00:00,7.6525,9.507825
"2196",2024-12-31 10:00:00,7.7345,9.517025
"2197",2024-12-31 11:00:00,7.8865,9.5158
"2198",2024-12-31 12:00:00,8.00725,9.516175
"2199",2024-12-31 13:00:00,8.04725,9.5081
"2200",2024-12-31 14:00:00,8.07575,9.503425
"2201",2024-12-31 15:00:00,8.075,9.50185
"2202",2024-12-31 16:00:00,8.0515,9.498275
"2203",2024-12-31 17:00:00,7.9875,9.4921
"2204",2024-12-31 18:00:00,7.93525,9.489075
"2205",2024-12-31 19:00:00,7.9215,9.48895
"2206",2024-12-31 20:00:00,7.9255,9.489625
"2207",2024-12-31 21:00:00,7.91975,9.485475
"2208",2024-12-31 22:00:00,7.91575,9.484975
"2209",2024-12-31 23:00:00,7.9205,9.489375
"2210",2025-01-01,7.9175,9.484675
"2211",2025-01-01 01:00:00,7.91975,9.4772
"2212",2025-01-01 02:00:00,7.91725,9.472725
"2213",2025-01-01 03:00:00,7.93,9.472125
"2214",2025-01-01 04:00:00,7.93925,9.47255
"2215",2025-01-01 05:00:00,7.955,9.468975
"2216",2025-01-01 06:00:00,7.96475,9.46885
"2217",2025-01-01 07:00:00,7.961,9.467875
"2218",2025-01-01 08:00:00,7.96775,9.464925
"2219",2025-01-01 09:00:00,7.9905,9.46505
"2220",2025-01-01 10:00:00,8.05,9.469375
"2221",2025-01-01 11:00:00,8.1235,9.4707
"2222",2025-01-01 12:00:00,8.2095,9.46755
"2223",2025-01-01 13:00:00,8.2725,9.464525
"2224",2025-01-01 14:00:00,8.3575,9.46365
"2225",2025-01-01 15:00:00,8.4285,9.465325
"2226",2025-01-01 16:00:00,8.3525,9.464475
"2227",2025-01-01 17:00:00,8.242,9.46605
"2228",2025-01-01 18:00:00,8.15775,9.467175
"2229",2025-01-01 19:00:00,8.1235,9.467125
"2230",2025-01-01 20:00:00,8.094,9.46815
"2231",2025-01-01 21:00:00,8.06225,9.470075
"2232",2025-01-01 22:00:00,8.1015,9.4763
"2233",2025-01-01 23:00:00,8.1335,9.47865
"2234",2025-01-02,8.14175,9.4819
"2235",2025-01-02 01:00:00,8.145,9.4826
"2236",2025-01-02 02:00:00,8.14775,9.4816
"2237",2025-01-02 03:00:00,8.14575,9.4854
"2238",2025-01-02 04:00:00,8.15,9.485425
"2239",2025-01-02 05:00:00,8.15225,9.48455
"2240",2025-01-02 06:00:00,8.127,9.482225
"2241",2025-01-02 07:00:00,8.14175,9.4809
"2242",2025-01-02 08:00:00,8.15675,9.480175
"2243",2025-01-02 09:00:00,8.1755,9.4806
"2244",2025-01-02 10:00:00,8.26775,9.483575
"2245",2025-01-02 11:00:00,8.43525,9.4849
"2246",2025-01-02 12:00:00,8.40525,9.4825
"2247",2025-01-02 13:00:00,8.3845,9.4762
"2248",2025-01-02 14:00:00,8.43025,9.472225
"2249",2025-01-02 15:00:00,8.47125,9.4685
"2250",2025-01-02 16:00:00,8.45875,9.4638
"2251",2025-01-02 17:00:00,8.41475,9.459125
"2252",2025-01-02 18:00:00,8.35975,9.453975
"2253",2025-01-02 19:00:00,8.33225,9.451775
"2254",2025-01-02 20:00:00,8.32325,9.445625
"2255",2025-01-02 21:00:00,8.323,9.445725
"2256",2025-01-02 22:00:00,8.31725,9.44165
"2257",2025-01-02 23:00:00,8.3245,9.43235
"2258",2025-01-03,8.299,9.424725
"2259",2025-01-03 01:00:00,8.27875,9.415625
"2260",2025-01-03 02:00:00,8.32,9.406375
"2261",2025-01-03 03:00:00,8.34825,9.393875
"2262",2025-01-03 04:00:00,8.34775,9.385
"2263",2025-01-03 05:00:00,8.32125,9.376125
"2264",2025-01-03 06:00:00,8.261,9.3787
"2265",2025-01-03 07:00:00,8.227,9.38175
"2266",2025-01-03 08:00:00,8.2185,9.38405
"2267",2025-01-03 09:00:00,8.2085,9.382875
"2268",2025-01-03 10:00:00,8.222,9.382625
"2269",2025-01-03 11:00:00,8.235,9.3873
"2270",2025-01-03 12:00:00,8.255,9.390725
"2271",2025-01-03 13:00:00,8.23125,9.3911
"2272",2025-01-03 14:00:00,8.318,9.391375
"2273",2025-01-03 15:00:00,8.35125,9.392025
"2274",2025-01-03 16:00:00,8.25475,9.391525
"2275",2025-01-03 17:00:00,8.19875,9.398325
"2276",2025-01-03 18:00:00,8.148,9.40395
"2277",2025-01-03 19:00:00,8.06925,9.40645
"2278",2025-01-03 20:00:00,7.97175,9.41165
"2279",2025-01-03 21:00:00,7.949,9.4207
"2280",2025-01-03 22:00:00,7.89925,9.425875
"2281",2025-01-03 23:00:00,7.90675,9.42835
"2282",2025-01-04,7.921,9.431275
"2283",2025-01-04 01:00:00,7.9395,9.436975
"2284",2025-01-04 02:00:00,7.93875,9.442775
"2285",2025-01-04 03:00:00,7.9645,9.4495
"2286",2025-01-04 04:00:00,7.98175,9.45465
"2287",2025-01-04 05:00:00,7.99825,9.456475
"2288",2025-01-04 06:00:00,8.01875,9.460075
"2289",2025-01-04 07:00:00,8.02925,9.46805
"2290",2025-01-04 08:00:00,8.03575,9.471325
"2291",2025-01-04 09:00:00,8.0685,9.47545
"2292",2025-01-04 10:00:00,8.138,9.48745
"2293",2025-01-04 11:00:00,8.20425,9.49505
"2294",2025-01-04 12:00:00,8.52375,9.4267
"2295",2025-01-04 13:00:00,8.79075,9.423675
"2296",2025-01-04 14:00:00,8.7995,9.421825
"2297",2025-01-04 15:00:00,8.73,9.4237
"2298",2025-01-04 16:00:00,8.687,9.4264
"2299",2025-01-04 17:00:00,8.62875,9.426
"2300",2025-01-04 18:00:00,8.5995,9.429625
"2301",2025-01-04 19:00:00,8.59025,9.43505
"2302",2025-01-04 20:00:00,8.5795,9.437625
"2303",2025-01-04 21:00:00,8.56475,9.439675
"2304",2025-01-04 22:00:00,8.561,9.442725
"2305",2025-01-04 23:00:00,8.5605,9.446175
"2306",2025-01-05,8.5605,9.448275
"2307",2025-01-05 01:00:00,8.551,9.44825
"2308",2025-01-05 02:00:00,8.55175,9.449675
"2309",2025-01-05 03:00:00,8.56275,9.4503
"2310",2025-01-05 04:00:00,8.572,9.4524
"2311",2025-01-05 05:00:00,8.54825,9.45195
"2312",2025-01-05 06:00:00,8.4565,9.4535
"2313",2025-01-05 07:00:00,8.435,9.45815
"2314",2025-01-05 08:00:00,8.43425,9.464175
"2315",2025-01-05 09:00:00,8.50075,9.46995
"2316",2025-01-05 10:00:00,8.64175,9.4754
"2317",2025-01-05 11:00:00,8.7945,9.47695
"2318",2025-01-05 12:00:00,8.87975,9.475675
"2319",2025-01-05 13:00:00,8.9115,9.46305
"2320",2025-01-05 14:00:00,8.97875,9.458625
"2321",2025-01-05 15:00:00,8.8715,9.453775
"2322",2025-01-05 16:00:00,8.7995,9.4585
"2323",2025-01-05 17:00:00,8.744,9.455275
"2324",2025-01-05 18:00:00,8.6365,9.45
"2325",2025-01-05 19:00:00,8.54925,9.44675
"2326",2025-01-05 20:00:00,8.5685,9.4461
"2327",2025-01-05 21:00:00,8.6055,9.44385
"2328",2025-01-05 22:00:00,8.632,9.44465
"2329",2025-01-05 23:00:00,8.63025,9.4439
"2330",2025-01-06,8.60575,9.444675
"2331",2025-01-06 01:00:00,8.5995,9.448725
"2332",2025-01-06 02:00:00,8.59425,9.44885
"2333",2025-01-06 03:00:00,8.56675,9.448525
"2334",2025-01-06 04:00:00,8.54525,9.44815
"2335",2025-01-06 05:00:00,8.54075,9.448
"2336",2025-01-06 06:00:00,8.39525,9.447625
"2337",2025-01-06 07:00:00,8.37,9.45275
"2338",2025-01-06 08:00:00,8.4635,9.457875
"2339",2025-01-06 09:00:00,8.56775,9.4642
"2340",2025-01-06 10:00:00,8.67625,9.4683
"2341",2025-01-06 11:00:00,8.7505,9.46855
"2342",2025-01-06 12:00:00,8.84175,9.46835
"2343",2025-01-06 13:00:00,8.822,9.464425
"2344",2025-01-06 14:00:00,8.77325,9.4641
"2345",2025-01-06 15:00:00,8.77475,9.467675
"2346",2025-01-06 16:00:00,8.7705,9.47165
"2347",2025-01-06 17:00:00,8.6635,9.4733
"2348",2025-01-06 18:00:00,8.5375,9.477525
"2349",2025-01-06 19:00:00,8.5375,9.4825
"2350",2025-01-06 20:00:00,8.51675,9.4863
"2351",2025-01-06 21:00:00,8.458,9.49175
"2352",2025-01-06 22:00:00,8.45475,9.497725
"2353",2025-01-06 23:00:00,8.35625,9.500375
"2354",2025-01-07,8.27975,9.50315
"2355",2025-01-07 01:00:00,8.35075,9.50955
"2356",2025-01-07 02:00:00,8.204,9.5101
"2357",2025-01-07 03:00:00,8.08575,9.508175
"2358",2025-01-07 04:00:00,8.05375,9.506225
"2359",2025-01-07 05:00:00,8.04675,9.5058
"2360",2025-01-07 06:00:00,7.994,9.5082
"2361",2025-01-07 07:00:00,7.98275,9.509225
"2362",2025-01-07 08:00:00,7.997,9.51475
"2363",2025-01-07 09:00:00,8.16225,9.5222
"2364",2025-01-07 10:00:00,8.33025,9.527425
"2365",2025-01-07 11:00:00,8.5165,9.526975
"2366",2025-01-07 12:00:00,8.64775,9.52205
"2367",2025-01-07 13:00:00,8.73425,9.51855
"2368",2025-01-07 14:00:00,8.72875,9.51435
"2369",2025-01-07 15:00:00,8.656,9.5146
"2370",2025-01-07 16:00:00,8.5865,9.51735
"2371",2025-01-07 17:00:00,8.436,9.521225
"2372",2025-01-07 18:00:00,8.3005,9.515975
"2373",2025-01-07 19:00:00,8.19375,9.514275
"2374",2025-01-07 20:00:00,8.171,9.517725
"2375",2025-01-07 21:00:00,8.1475,9.51915
"2376",2025-01-07 22:00:00,8.11075,9.5183
"2377",2025-01-07 23:00:00,8.04375,9.518475
"2378",2025-01-08,8.01625,9.51705
"2379",2025-01-08 01:00:00,7.9975,9.516
"2380",2025-01-08 02:00:00,7.96475,9.51595
"2381",2025-01-08 03:00:00,7.9675,9.514825
"2382",2025-01-08 04:00:00,7.94,9.512775
"2383",2025-01-08 05:00:00,7.94775,9.5131
"2384",2025-01-08 06:00:00,7.9045,9.514525
"2385",2025-01-08 07:00:00,7.89575,9.5158
"2386",2025-01-08 08:00:00,7.9405,9.51805
"2387",2025-01-08 09:00:00,8.1125,9.522625
"2388",2025-01-08 10:00:00,8.27475,9.52705
"2389",2025-01-08 11:00:00,8.50075,9.5277
"2390",2025-01-08 12:00:00,8.67675,9.52225
"2391",2025-01-08 13:00:00,8.757,9.513125
"2392",2025-01-08 14:00:00,8.81825,9.503075
"2393",2025-01-08 15:00:00,8.79575,9.498975
"2394",2025-01-08 16:00:00,8.6565,9.4964
"2395",2025-01-08 17:00:00,8.40675,9.495925
"2396",2025-01-08 18:00:00,8.22875,9.49445
"2397",2025-01-08 19:00:00,8.177,9.49595
"2398",2025-01-08 20:00:00,8.135,9.49955
"2399",2025-01-08 21:00:00,8.102,9.50115
"2400",2025-01-08 22:00:00,8.071,9.503975
"2401",2025-01-08 23:00:00,8.04925,9.503575
"2402",2025-01-09,8.00625,9.504025
"2403",2025-01-09 01:00:00,7.99475,9.5048
"2404",2025-01-09 02:00:00,7.9765,9.50595
"2405",2025-01-09 03:00:00,7.9525,9.5051
"2406",2025-01-09 04:00:00,7.9175,9.504125
"2407",2025-01-09 05:00:00,7.9205,9.504125
"2408",2025-01-09 06:00:00,7.8855,9.50475
"2409",2025-01-09 07:00:00,7.8615,9.50705
"2410",2025-01-09 08:00:00,7.8785,9.5098
"2411",2025-01-09 09:00:00,8.071,9.51525
"2412",2025-01-09 10:00:00,8.2925,9.521075
"2413",2025-01-09 11:00:00,8.512,9.52275
"2414",2025-01-09 12:00:00,8.677,9.517125
"2415",2025-01-09 13:00:00,8.89775,9.5108
"2416",2025-01-09 14:00:00,8.922,9.5066
"2417",2025-01-09 15:00:00,8.78525,9.503475
"2418",2025-01-09 16:00:00,8.619,9.5021
"2419",2025-01-09 17:00:00,8.431,9.49895
"2420",2025-01-09 18:00:00,8.27675,9.500125
"2421",2025-01-09 19:00:00,8.2225,9.5006
"2422",2025-01-09 20:00:00,8.16975,9.5026
"2423",2025-01-09 21:00:00,8.13475,9.503825
"2424",2025-01-09 22:00:00,8.115,9.504425
"2425",2025-01-09 23:00:00,8.08325,9.503075
"2426",2025-01-10,8.0715,9.5008
"2427",2025-01-10 01:00:00,8.053,9.498575
"2428",2025-01-10 02:00:00,8.03425,9.49705
"2429",2025-01-10 03:00:00,8.02425,9.49415
"2430",2025-01-10 04:00:00,8.0455,9.489425
"2431",2025-01-10 05:00:00,8.0815,9.485375
"2432",2025-01-10 06:00:00,8.119,9.48175
"2433",2025-01-10 07:00:00,8.1365,9.480875
"2434",2025-01-10 08:00:00,8.16875,9.480075
"2435",2025-01-10 09:00:00,8.2535,9.478975
"2436",2025-01-10 10:00:00,8.34425,9.471975
"2437",2025-01-10 11:00:00,8.60125,9.471125
"2438",2025-01-10 12:00:00,8.6685,9.471
"2439",2025-01-10 13:00:00,8.71175,9.473175
"2440",2025-01-10 14:00:00,8.6695,9.471875
"2441",2025-01-10 15:00:00,8.69175,9.473125
"2442",2025-01-10 16:00:00,8.65575,9.4746
"2443",2025-01-10 17:00:00,8.598,9.475325
"2444",2025-01-10 18:00:00,8.502,9.4772
"2445",2025-01-10 19:00:00,8.42475,9.483725
"2446",2025-01-10 20:00:00,8.35275,9.4964
"2447",2025-01-10 21:00:00,8.28775,9.507075
"2448",2025-01-10 22:00:00,8.16275,9.5085
"2449",2025-01-10 23:00:00,8.05525,9.510625
"2450",2025-01-11,8.045,9.513875
"2451",2025-01-11 01:00:00,8.033,9.514525
"2452",2025-01-11 02:00:00,7.993,9.5188
"2453",2025-01-11 03:00:00,7.8875,9.518525
"2454",2025-01-11 04:00:00,7.8795,9.51765
"2455",2025-01-11 05:00:00,7.85225,9.5164
"2456",2025-01-11 06:00:00,7.8305,9.515125
"2457",2025-01-11 07:00:00,7.8235,9.51385
"2458",2025-01-11 08:00:00,7.81025,9.5159
"2459",2025-01-11 09:00:00,7.95525,9.522275
"2460",2025-01-11 10:00:00,8.206,9.527425
"2461",2025-01-11 11:00:00,8.393,9.526025
"2462",2025-01-11 12:00:00,8.56575,9.518875
"2463",2025-01-11 13:00:00,8.74825,9.5159
"2464",2025-01-11 14:00:00,8.71575,9.5137
"2465",2025-01-11 15:00:00,8.553,9.508975
"2466",2025-01-11 16:00:00,8.4115,9.50575
"2467",2025-01-11 17:00:00,8.2255,9.5055
"2468",2025-01-11 18:00:00,8.0985,9.506
"2469",2025-01-11 19:00:00,8.0735,9.506175
"2470",2025-01-11 20:00:00,8.00025,9.50365
"2471",2025-01-11 21:00:00,7.9245,9.506425
"2472",2025-01-11 22:00:00,7.90625,9.506225
"2473",2025-01-11 23:00:00,7.85375,9.504625
"2474",2025-01-12,7.87375,9.5016
"2475",2025-01-12 01:00:00,7.8585,9.4965
"2476",2025-01-12 02:00:00,7.79725,9.4939
"2477",2025-01-12 03:00:00,7.80475,9.4928
"2478",2025-01-12 04:00:00,7.7505,9.488425
"2479",2025-01-12 05:00:00,7.7525,9.48775
"2480",2025-01-12 06:00:00,7.71225,9.487
"2481",2025-01-12 07:00:00,7.68575,9.4867
"2482",2025-01-12 08:00:00,7.6775,9.4889
"2483",2025-01-12 09:00:00,7.8525,9.492675
"2484",2025-01-12 10:00:00,8.0585,9.497425
"2485",2025-01-12 11:00:00,8.28125,9.494975
"2486",2025-01-12 12:00:00,8.4515,9.481875
"2487",2025-01-12 13:00:00,8.627,9.473025
"2488",2025-01-12 14:00:00,8.63425,9.466625
"2489",2025-01-12 15:00:00,8.51725,9.4619
"2490",2025-01-12 16:00:00,8.41375,9.46045
"2491",2025-01-12 17:00:00,8.3705,9.4567
"2492",2025-01-12 18:00:00,8.307,9.45085
"2493",2025-01-12 19:00:00,8.1875,9.455
"2494",2025-01-12 20:00:00,8.11475,9.460125
"2495",2025-01-12 21:00:00,8.09225,9.470825
"2496",2025-01-12 22:00:00,8,9.473375
"2497",2025-01-12 23:00:00,7.944,9.4759
"2498",2025-01-13,7.91525,9.47485
"2499",2025-01-13 01:00:00,7.918,9.47625
"2500",2025-01-13 02:00:00,7.90975,9.481425
"2501",2025-01-13 03:00:00,7.86725,9.487275
"2502",2025-01-13 04:00:00,7.84725,9.49985
"2503",2025-01-13 05:00:00,7.83075,9.504475
"2504",2025-01-13 06:00:00,7.86,9.510075
"2505",2025-01-13 07:00:00,7.8535,9.510625
"2506",2025-01-13 08:00:00,7.85,9.5155
"2507",2025-01-13 09:00:00,8.055,9.52365
"2508",2025-01-13 10:00:00,8.27125,9.52615
"2509",2025-01-13 11:00:00,8.394,9.5248
"2510",2025-01-13 12:00:00,8.54775,9.519525
"2511",2025-01-13 13:00:00,8.652,9.515725
"2512",2025-01-13 14:00:00,8.65,9.514575
"2513",2025-01-13 15:00:00,8.57325,9.514925
"2514",2025-01-13 16:00:00,8.469,9.5156
"2515",2025-01-13 17:00:00,8.29225,9.51675
"2516",2025-01-13 18:00:00,8.13175,9.5183
"2517",2025-01-13 19:00:00,8.058,9.5188
"2518",2025-01-13 20:00:00,7.97825,9.51865
"2519",2025-01-13 21:00:00,8.01725,9.520675
"2520",2025-01-13 22:00:00,7.979,9.521025
"2521",2025-01-13 23:00:00,7.92425,9.5232
"2522",2025-01-14,7.871,9.522775
"2523",2025-01-14 01:00:00,7.83975,9.522025
"2524",2025-01-14 02:00:00,7.8265,9.52245
"2525",2025-01-14 03:00:00,7.7925,9.521725
"2526",2025-01-14 04:00:00,7.76925,9.521525
"2527",2025-01-14 05:00:00,7.78075,9.52155
"2528",2025-01-14 06:00:00,7.76875,9.5226
"2529",2025-01-14 07:00:00,7.76275,9.523
"2530",2025-01-14 08:00:00,7.78275,9.525075
"2531",2025-01-14 09:00:00,7.9565,9.528925
"2532",2025-01-14 10:00:00,8.1975,9.533325
"2533",2025-01-14 11:00:00,8.4085,9.53375
"2534",2025-01-14 12:00:00,8.54875,9.528025
"2535",2025-01-14 13:00:00,8.73225,9.520325
"2536",2025-01-14 14:00:00,8.75625,9.514875
"2537",2025-01-14 15:00:00,8.65125,9.510925
"2538",2025-01-14 16:00:00,8.5195,9.50665
"2539",2025-01-14 17:00:00,8.34775,9.50345
"2540",2025-01-14 18:00:00,8.20025,9.502825
"2541",2025-01-14 19:00:00,8.1385,9.505975
"2542",2025-01-14 20:00:00,8.09675,9.508225
"2543",2025-01-14 21:00:00,8.0545,9.50965
"2544",2025-01-14 22:00:00,8.04975,9.5104
"2545",2025-01-14 23:00:00,8.05425,9.508875
"2546",2025-01-15,8.006,9.505025
"2547",2025-01-15 01:00:00,7.981,9.502275
"2548",2025-01-15 02:00:00,7.95525,9.500825
"2549",2025-01-15 03:00:00,7.94125,9.499625
"2550",2025-01-15 04:00:00,7.943,9.4985
"2551",2025-01-15 05:00:00,7.926,9.49805
"2552",2025-01-15 06:00:00,7.895,9.497375
"2553",2025-01-15 07:00:00,7.89775,9.497075
"2554",2025-01-15 08:00:00,7.90575,9.49855
"2555",2025-01-15 09:00:00,8.077,9.502175
"2556",2025-01-15 10:00:00,8.34575,9.504625
"2557",2025-01-15 11:00:00,8.57425,9.50035
"2558",2025-01-15 12:00:00,8.7295,9.491625
"2559",2025-01-15 13:00:00,8.90675,9.483
"2560",2025-01-15 14:00:00,8.931,9.4747
"2561",2025-01-15 15:00:00,8.812,9.470325
"2562",2025-01-15 16:00:00,8.66575,9.4678
"2563",2025-01-15 17:00:00,8.46925,9.465475
"2564",2025-01-15 18:00:00,8.30525,9.4626
"2565",2025-01-15 19:00:00,8.22725,9.460025
"2566",2025-01-15 20:00:00,8.20375,9.459225
"2567",2025-01-15 21:00:00,8.164,9.45965
"2568",2025-01-15 22:00:00,8.1415,9.460125
"2569",2025-01-15 23:00:00,8.11225,9.458725
"2570",2025-01-16,8.095,9.45565
"2571",2025-01-16 01:00:00,8.07375,9.45225
"2572",2025-01-16 02:00:00,8.04925,9.45055
"2573",2025-01-16 03:00:00,8.04375,9.44905
"2574",2025-01-16 04:00:00,8.03625,9.4467
"2575",2025-01-16 05:00:00,7.9845,9.4454
"2576",2025-01-16 06:00:00,7.9495,9.444575
"2577",2025-01-16 07:00:00,7.92625,9.444675
"2578",2025-01-16 08:00:00,7.96975,9.446075
"2579",2025-01-16 09:00:00,8.15225,9.448875
"2580",2025-01-16 10:00:00,8.40625,9.45195
"2581",2025-01-16 11:00:00,8.6185,9.448675
"2582",2025-01-16 12:00:00,8.80375,9.435725
"2583",2025-01-16 13:00:00,9.009,9.425025
"2584",2025-01-16 14:00:00,9.0305,9.419225
"2585",2025-01-16 15:00:00,8.9135,9.41435
"2586",2025-01-16 16:00:00,8.7505,9.41255
"2587",2025-01-16 17:00:00,8.53225,9.411
"2588",2025-01-16 18:00:00,8.348,9.411675
"2589",2025-01-16 19:00:00,8.24775,9.41265
"2590",2025-01-16 20:00:00,8.193,9.4147
"2591",2025-01-16 21:00:00,8.1515,9.41595
"2592",2025-01-16 22:00:00,8.10625,9.41535
"2593",2025-01-16 23:00:00,8.099,9.415075
"2594",2025-01-17,8.0675,9.4138
"2595",2025-01-17 01:00:00,8.0305,9.41275
"2596",2025-01-17 02:00:00,8.01,9.413275
"2597",2025-01-17 03:00:00,7.9795,9.4118
"2598",2025-01-17 04:00:00,7.92075,9.409275
"2599",2025-01-17 05:00:00,7.92075,9.4115
"2600",2025-01-17 06:00:00,7.9065,9.4132
"2601",2025-01-17 07:00:00,7.87525,9.4162
"2602",2025-01-17 08:00:00,7.87825,9.420575
"2603",2025-01-17 09:00:00,8.07725,9.428325
"2604",2025-01-17 10:00:00,8.31175,9.434125
"2605",2025-01-17 11:00:00,8.53675,9.437725
"2606",2025-01-17 12:00:00,8.71375,9.435775
"2607",2025-01-17 13:00:00,8.86575,9.433275
"2608",2025-01-17 14:00:00,8.958,9.42975
"2609",2025-01-17 15:00:00,8.9305,9.429275
"2610",2025-01-17 16:00:00,8.74575,9.42985
"2611",2025-01-17 17:00:00,8.51625,9.430875
"2612",2025-01-17 18:00:00,8.3215,9.434525
"2613",2025-01-17 19:00:00,8.20325,9.437775
"2614",2025-01-17 20:00:00,8.09925,9.441
"2615",2025-01-17 21:00:00,8.0425,9.444675
"2616",2025-01-17 22:00:00,8.0185,9.44765
"2617",2025-01-17 23:00:00,7.98925,9.450975
"2618",2025-01-18,7.9405,9.453575
"2619",2025-01-18 01:00:00,7.88675,9.455975
"2620",2025-01-18 02:00:00,7.8735,9.459025
"2621",2025-01-18 03:00:00,7.8445,9.460125
"2622",2025-01-18 04:00:00,7.8185,9.46185
"2623",2025-01-18 05:00:00,7.79125,9.4619
"2624",2025-01-18 06:00:00,7.76475,9.462475
"2625",2025-01-18 07:00:00,7.72625,9.464725
"2626",2025-01-18 08:00:00,7.74675,9.47105
"2627",2025-01-18 09:00:00,7.95575,9.4763
"2628",2025-01-18 10:00:00,8.18875,9.480525
"2629",2025-01-18 11:00:00,8.40725,9.48055
"2630",2025-01-18 12:00:00,8.57275,9.47855
"2631",2025-01-18 13:00:00,8.72425,9.474175
"2632",2025-01-18 14:00:00,8.746,9.469625
"2633",2025-01-18 15:00:00,8.647,9.466025
"2634",2025-01-18 16:00:00,8.51875,9.46495
"2635",2025-01-18 17:00:00,8.325,9.462375
"2636",2025-01-18 18:00:00,8.15725,9.4602
"2637",2025-01-18 19:00:00,8.05475,9.4576
"2638",2025-01-18 20:00:00,8.0085,9.45685
"2639",2025-01-18 21:00:00,7.96925,9.4569
"2640",2025-01-18 22:00:00,7.92775,9.458525
"2641",2025-01-18 23:00:00,7.91825,9.45835
"2642",2025-01-19,7.889,9.4557
"2643",2025-01-19 01:00:00,7.8475,9.4543
"2644",2025-01-19 02:00:00,7.81525,9.45375
"2645",2025-01-19 03:00:00,7.773,9.453075
"2646",2025-01-19 04:00:00,7.74025,9.4529
"2647",2025-01-19 05:00:00,7.73525,9.454375
"2648",2025-01-19 06:00:00,7.708,9.45465
"2649",2025-01-19 07:00:00,7.692,9.454775
"2650",2025-01-19 08:00:00,7.71675,9.4571
"2651",2025-01-19 09:00:00,7.87525,9.46245
"2652",2025-01-19 10:00:00,8.13875,9.46635
"2653",2025-01-19 11:00:00,8.348,9.468425
"2654",2025-01-19 12:00:00,8.53525,9.466475
"2655",2025-01-19 13:00:00,8.7565,9.4619
"2656",2025-01-19 14:00:00,8.79775,9.458325
"2657",2025-01-19 15:00:00,8.6875,9.455525
"2658",2025-01-19 16:00:00,8.54675,9.452875
"2659",2025-01-19 17:00:00,8.35275,9.449875
"2660",2025-01-19 18:00:00,8.2105,9.44895
"2661",2025-01-19 19:00:00,8.10575,9.449625
"2662",2025-01-19 20:00:00,8.03575,9.451075
"2663",2025-01-19 21:00:00,7.97775,9.452375
"2664",2025-01-19 22:00:00,8.04175,9.455875
"2665",2025-01-19 23:00:00,8.07375,9.4585
"2666",2025-01-20,7.991,9.46105
"2667",2025-01-20 01:00:00,7.891,9.46435
"2668",2025-01-20 02:00:00,7.81425,9.471875
"2669",2025-01-20 03:00:00,7.76775,9.477025
"2670",2025-01-20 04:00:00,7.73175,9.48155
"2671",2025-01-20 05:00:00,7.7185,9.484325
"2672",2025-01-20 06:00:00,7.67325,9.492525
"2673",2025-01-20 07:00:00,7.619,9.498075
"2674",2025-01-20 08:00:00,7.63275,9.509025
"2675",2025-01-20 09:00:00,7.85525,9.517425
"2676",2025-01-20 10:00:00,8.1135,9.524125
"2677",2025-01-20 11:00:00,8.31875,9.5267
"2678",2025-01-20 12:00:00,8.492,9.52575
"2679",2025-01-20 13:00:00,8.6345,9.520975
"2680",2025-01-20 14:00:00,8.64225,9.515375
"2681",2025-01-20 15:00:00,8.52025,9.5126
"2682",2025-01-20 16:00:00,8.3735,9.510875
"2683",2025-01-20 17:00:00,8.19375,9.51035
"2684",2025-01-20 18:00:00,7.9985,9.511075
"2685",2025-01-20 19:00:00,7.8985,9.5122
"2686",2025-01-20 20:00:00,7.831,9.511875
"2687",2025-01-20 21:00:00,7.79825,9.51315
"2688",2025-01-20 22:00:00,7.78375,9.515075
"2689",2025-01-20 23:00:00,7.762,9.515525
"2690",2025-01-21,7.75875,9.513825
"2691",2025-01-21 01:00:00,7.7445,9.5127
"2692",2025-01-21 02:00:00,7.7075,9.515025
"2693",2025-01-21 03:00:00,7.684,9.518275
"2694",2025-01-21 04:00:00,7.70625,9.515975
"2695",2025-01-21 05:00:00,7.63725,9.51475
"2696",2025-01-21 06:00:00,7.57125,9.51665
"2697",2025-01-21 07:00:00,7.56225,9.524325
"2698",2025-01-21 08:00:00,7.52425,9.52505
"2699",2025-01-21 09:00:00,7.78525,9.529325
"2700",2025-01-21 10:00:00,8.106,9.53465
"2701",2025-01-21 11:00:00,8.31325,9.53505
"2702",2025-01-21 12:00:00,8.507,9.53265
"2703",2025-01-21 13:00:00,8.705,9.53375
"2704",2025-01-21 14:00:00,8.7615,9.53215
"2705",2025-01-21 15:00:00,8.70825,9.531125
"2706",2025-01-21 16:00:00,8.6185,9.529125
"2707",2025-01-21 17:00:00,8.34925,9.524775
"2708",2025-01-21 18:00:00,8.1095,9.524725
"2709",2025-01-21 19:00:00,8.03525,9.526325
"2710",2025-01-21 20:00:00,7.9885,9.52775
"2711",2025-01-21 21:00:00,7.93225,9.529725
"2712",2025-01-21 22:00:00,7.90275,9.53
"2713",2025-01-21 23:00:00,7.842,9.53255
"2714",2025-01-22,7.80725,9.531275
"2715",2025-01-22 01:00:00,7.7745,9.530625
"2716",2025-01-22 02:00:00,7.7405,9.5328
"2717",2025-01-22 03:00:00,7.698,9.530875
"2718",2025-01-22 04:00:00,7.682,9.532075
"2719",2025-01-22 05:00:00,7.66225,9.53625
"2720",2025-01-22 06:00:00,7.63125,9.5382
"2721",2025-01-22 07:00:00,7.6235,9.538725
"2722",2025-01-22 08:00:00,7.6875,9.5424
"2723",2025-01-22 09:00:00,7.915,9.545875
"2724",2025-01-22 10:00:00,8.12325,9.549625
"2725",2025-01-22 11:00:00,8.38475,9.5479
"2726",2025-01-22 12:00:00,8.596,9.54215
"2727",2025-01-22 13:00:00,8.75825,9.53545
"2728",2025-01-22 14:00:00,8.80175,9.530825
"2729",2025-01-22 15:00:00,8.70075,9.527325
"2730",2025-01-22 16:00:00,8.55475,9.52395
"2731",2025-01-22 17:00:00,8.3315,9.52005
"2732",2025-01-22 18:00:00,8.157,9.522225
"2733",2025-01-22 19:00:00,8.0665,9.523525
"2734",2025-01-22 20:00:00,8.0245,9.526525
"2735",2025-01-22 21:00:00,7.978,9.5294
"2736",2025-01-22 22:00:00,7.96025,9.5308
"2737",2025-01-22 23:00:00,7.935,9.5315
"2738",2025-01-23,7.90375,9.5328
"2739",2025-01-23 01:00:00,7.8845,9.5315
"2740",2025-01-23 02:00:00,7.856,9.5324
"2741",2025-01-23 03:00:00,7.81,9.52915
"2742",2025-01-23 04:00:00,7.8,9.52745
"2743",2025-01-23 05:00:00,7.8085,9.523725
"2744",2025-01-23 06:00:00,7.7955,9.5236
"2745",2025-01-23 07:00:00,7.76275,9.523225
"2746",2025-01-23 08:00:00,7.798,9.52165
"2747",2025-01-23 09:00:00,8.057,9.524825
"2748",2025-01-23 10:00:00,8.29875,9.527125
"2749",2025-01-23 11:00:00,8.5155,9.522975
"2750",2025-01-23 12:00:00,8.71775,9.51795
"2751",2025-01-23 13:00:00,8.861,9.508925
"2752",2025-01-23 14:00:00,8.9075,9.499125
"2753",2025-01-23 15:00:00,8.85425,9.4908
"2754",2025-01-23 16:00:00,8.7215,9.4843
"2755",2025-01-23 17:00:00,8.46575,9.4784
"2756",2025-01-23 18:00:00,8.23375,9.474925
"2757",2025-01-23 19:00:00,8.143,9.472675
"2758",2025-01-23 20:00:00,8.076,9.4708
"2759",2025-01-23 21:00:00,8.03575,9.468625
"2760",2025-01-23 22:00:00,8.02925,9.46685
"2761",2025-01-23 23:00:00,8.0255,9.465425
"2762",2025-01-24,8.0105,9.46495
"2763",2025-01-24 01:00:00,8.0485,9.462675
"2764",2025-01-24 02:00:00,8.1105,9.45805
"2765",2025-01-24 03:00:00,8.1205,9.452975
"2766",2025-01-24 04:00:00,8.096,9.451525
"2767",2025-01-24 05:00:00,7.98425,9.4467
"2768",2025-01-24 06:00:00,7.9365,9.445025
"2769",2025-01-24 07:00:00,7.9875,9.44545
"2770",2025-01-24 08:00:00,7.99675,9.44655
"2771",2025-01-24 09:00:00,8.063,9.445225
"2772",2025-01-24 10:00:00,8.31875,9.4386
"2773",2025-01-24 11:00:00,8.58425,9.431875
"2774",2025-01-24 12:00:00,8.80775,9.420625
"2775",2025-01-24 13:00:00,8.965,9.39985
"2776",2025-01-24 14:00:00,9.01675,9.392375
"2777",2025-01-24 15:00:00,8.881,9.384975
"2778",2025-01-24 16:00:00,8.64275,9.3783
"2779",2025-01-24 17:00:00,8.40475,9.371025
"2780",2025-01-24 18:00:00,8.225,9.366025
"2781",2025-01-24 19:00:00,8.14475,9.36625
"2782",2025-01-24 20:00:00,8.1375,9.36655
"2783",2025-01-24 21:00:00,8.0735,9.369
"2784",2025-01-24 22:00:00,7.94125,9.366225
"2785",2025-01-24 23:00:00,7.8655,9.36985
"2786",2025-01-25,7.862,9.3692
"2787",2025-01-25 01:00:00,7.8275,9.370525
"2788",2025-01-25 02:00:00,7.7175,9.3694
"2789",2025-01-25 03:00:00,7.7075,9.36955
"2790",2025-01-25 04:00:00,7.75125,9.370075
"2791",2025-01-25 05:00:00,7.67725,9.36825
"2792",2025-01-25 06:00:00,7.648,9.36885
"2793",2025-01-25 07:00:00,7.6005,9.367725
"2794",2025-01-25 08:00:00,7.59825,9.371675
"2795",2025-01-25 09:00:00,7.7905,9.374125
"2796",2025-01-25 10:00:00,8.042,9.3794
"2797",2025-01-25 11:00:00,8.2435,9.3794
"2798",2025-01-25 12:00:00,8.40275,9.376175
"2799",2025-01-25 13:00:00,8.4885,9.372225
"2800",2025-01-25 14:00:00,8.47525,9.365425
"2801",2025-01-25 15:00:00,8.353,9.3614
"2802",2025-01-25 16:00:00,8.17925,9.35975
"2803",2025-01-25 17:00:00,8.029,9.36105
"2804",2025-01-25 18:00:00,7.9485,9.3643
"2805",2025-01-25 19:00:00,7.95475,9.368875
"2806",2025-01-25 20:00:00,7.88775,9.370625
"2807",2025-01-25 21:00:00,7.88125,9.37405
"2808",2025-01-25 22:00:00,7.85125,9.377075
"2809",2025-01-25 23:00:00,7.8575,9.3822
"2810",2025-01-26,7.784,9.3857
"2811",2025-01-26 01:00:00,7.75275,9.39075
"2812",2025-01-26 02:00:00,7.7035,9.391175
"2813",2025-01-26 03:00:00,7.67825,9.39095
"2814",2025-01-26 04:00:00,7.65375,9.395875
"2815",2025-01-26 05:00:00,7.62025,9.401375
"2816",2025-01-26 06:00:00,7.5495,9.405375
"2817",2025-01-26 07:00:00,7.5595,9.410775
"2818",2025-01-26 08:00:00,7.56475,9.42245
"2819",2025-01-26 09:00:00,7.77025,9.433
"2820",2025-01-26 10:00:00,8.03025,9.43685
"2821",2025-01-26 11:00:00,8.25175,9.43485
"2822",2025-01-26 12:00:00,8.4515,9.4267
"2823",2025-01-26 13:00:00,8.616,9.4217
"2824",2025-01-26 14:00:00,8.6475,9.419125
"2825",2025-01-26 15:00:00,8.50775,9.4203
"2826",2025-01-26 16:00:00,8.299,9.421175
"2827",2025-01-26 17:00:00,8.1535,9.42375
"2828",2025-01-26 18:00:00,7.94975,9.42725
"2829",2025-01-26 19:00:00,7.8745,9.432525
"2830",2025-01-26 20:00:00,7.81925,9.4381
"2831",2025-01-26 21:00:00,7.78025,9.441425
"2832",2025-01-26 22:00:00,7.716,9.4425
"2833",2025-01-26 23:00:00,7.6785,9.446475
"2834",2025-01-27,7.63075,9.4481
"2835",2025-01-27 01:00:00,7.60625,9.449625
"2836",2025-01-27 02:00:00,7.56425,9.450775
"2837",2025-01-27 03:00:00,7.56675,9.450425
"2838",2025-01-27 04:00:00,7.5175,9.44775
"2839",2025-01-27 05:00:00,7.517,9.446725
"2840",2025-01-27 06:00:00,7.5145,9.449625
"2841",2025-01-27 07:00:00,7.48175,9.452675
"2842",2025-01-27 08:00:00,7.52,9.456775
"2843",2025-01-27 09:00:00,7.7635,9.46205
"2844",2025-01-27 10:00:00,8.09275,9.467125
"2845",2025-01-27 11:00:00,8.35925,9.46555
"2846",2025-01-27 12:00:00,8.548,9.459025
"2847",2025-01-27 13:00:00,8.6725,9.45445
"2848",2025-01-27 14:00:00,8.73275,9.4511
"2849",2025-01-27 15:00:00,8.64375,9.4459
"2850",2025-01-27 16:00:00,8.50475,9.44175
"2851",2025-01-27 17:00:00,8.28575,9.43745
"2852",2025-01-27 18:00:00,8.05,9.435775
"2853",2025-01-27 19:00:00,7.956,9.4347
"2854",2025-01-27 20:00:00,7.899,9.433975
"2855",2025-01-27 21:00:00,7.85325,9.433375
"2856",2025-01-27 22:00:00,7.81375,9.43525
"2857",2025-01-27 23:00:00,7.7515,9.433575
"2858",2025-01-28,7.70725,9.43105
"2859",2025-01-28 01:00:00,7.6805,9.429075
"2860",2025-01-28 02:00:00,7.635,9.429
"2861",2025-01-28 03:00:00,7.62125,9.428225
"2862",2025-01-28 04:00:00,7.56125,9.425875
"2863",2025-01-28 05:00:00,7.53525,9.4237
"2864",2025-01-28 06:00:00,7.53125,9.421975
"2865",2025-01-28 07:00:00,7.5035,9.422825
"2866",2025-01-28 08:00:00,7.52775,9.424525
"2867",2025-01-28 09:00:00,7.766,9.428
"2868",2025-01-28 10:00:00,8.0655,9.433375
"2869",2025-01-28 11:00:00,8.3655,9.433975
"2870",2025-01-28 12:00:00,8.6095,9.427475
"2871",2025-01-28 13:00:00,8.7725,9.42075
"2872",2025-01-28 14:00:00,8.8355,9.416
"2873",2025-01-28 15:00:00,8.715,9.410225
"2874",2025-01-28 16:00:00,8.552,9.405875
"2875",2025-01-28 17:00:00,8.3085,9.402675
"2876",2025-01-28 18:00:00,8.06775,9.39915
"2877",2025-01-28 19:00:00,7.95825,9.4007
"2878",2025-01-28 20:00:00,7.86825,9.40285
"2879",2025-01-28 21:00:00,7.83325,9.403525
"2880",2025-01-28 22:00:00,7.80125,9.40435
"2881",2025-01-28 23:00:00,7.76625,9.406025
"2882",2025-01-29,7.69425,9.40665
"2883",2025-01-29 01:00:00,7.65175,9.406175
"2884",2025-01-29 02:00:00,7.62675,9.40725
"2885",2025-01-29 03:00:00,7.5905,9.4069
"2886",2025-01-29 04:00:00,7.54825,9.405175
"2887",2025-01-29 05:00:00,7.53175,9.405125
"2888",2025-01-29 06:00:00,7.5015,9.407825
"2889",2025-01-29 07:00:00,7.46325,9.4099
"2890",2025-01-29 08:00:00,7.5135,9.41235
"2891",2025-01-29 09:00:00,7.8,9.418575
"2892",2025-01-29 10:00:00,8.1555,9.42415
"2893",2025-01-29 11:00:00,8.399,9.424925
"2894",2025-01-29 12:00:00,8.65375,9.421875
"2895",2025-01-29 13:00:00,8.841,9.416575
"2896",2025-01-29 14:00:00,8.90475,9.412575
"2897",2025-01-29 15:00:00,8.81,9.408775
"2898",2025-01-29 16:00:00,8.635,9.406225
"2899",2025-01-29 17:00:00,8.3605,9.404025
"2900",2025-01-29 18:00:00,8.095,9.40425
"2901",2025-01-29 19:00:00,7.954,9.40765
"2902",2025-01-29 20:00:00,7.915,9.40785
"2903",2025-01-29 21:00:00,7.896,9.41105
"2904",2025-01-29 22:00:00,7.85575,9.412125
"2905",2025-01-29 23:00:00,7.792,9.413225
"2906",2025-01-30,7.7425,9.415125
"2907",2025-01-30 01:00:00,7.704,9.415025
"2908",2025-01-30 02:00:00,7.66025,9.414525
"2909",2025-01-30 03:00:00,7.6315,9.4114
"2910",2025-01-30 04:00:00,7.608,9.41005
"2911",2025-01-30 05:00:00,7.57325,9.4121
"2912",2025-01-30 06:00:00,7.512,9.41175
"2913",2025-01-30 07:00:00,7.4805,9.414975
"2914",2025-01-30 08:00:00,7.57175,9.417975
"2915",2025-01-30 09:00:00,7.80075,9.42005
"2916",2025-01-30 10:00:00,8.095,9.42545
"2917",2025-01-30 11:00:00,8.412,9.426775
"2918",2025-01-30 12:00:00,8.70225,9.423175
"2919",2025-01-30 13:00:00,8.90225,9.419325
"2920",2025-01-30 14:00:00,8.92875,9.4107
"2921",2025-01-30 15:00:00,8.8145,9.405425
"2922",2025-01-30 16:00:00,8.63375,9.40025
"2923",2025-01-30 17:00:00,8.40875,9.396925
"2924",2025-01-30 18:00:00,8.272,9.395125
"2925",2025-01-30 19:00:00,8.2965,9.394
"2926",2025-01-30 20:00:00,8.34025,9.3939
"2927",2025-01-30 21:00:00,8.36775,9.39235
"2928",2025-01-30 22:00:00,8.3865,9.39225
"2929",2025-01-30 23:00:00,8.47075,9.3928
"2930",2025-01-31,8.49025,9.38675
"2931",2025-01-31 01:00:00,8.48025,9.3867
"2932",2025-01-31 02:00:00,8.44225,9.38515
"2933",2025-01-31 03:00:00,8.44625,9.38255
"2934",2025-01-31 04:00:00,8.43325,9.380075
"2935",2025-01-31 05:00:00,8.3965,9.378425
"2936",2025-01-31 06:00:00,8.39275,9.378275
"2937",2025-01-31 07:00:00,8.38925,9.377125
"2938",2025-01-31 08:00:00,8.384,9.378475
"2939",2025-01-31 09:00:00,8.368,9.379675
"2940",2025-01-31 10:00:00,8.4235,9.380175
"2941",2025-01-31 11:00:00,8.49675,9.3811
"2942",2025-01-31 12:00:00,8.5395,9.375375
"2943",2025-01-31 13:00:00,8.587,9.368525
"2944",2025-01-31 14:00:00,8.4375,9.367125
"2945",2025-01-31 15:00:00,8.51675,9.368525
"2946",2025-01-31 16:00:00,8.4675,9.3726
"2947",2025-01-31 17:00:00,8.4085,9.3754
"2948",2025-01-31 18:00:00,8.471,9.37685
"2949",2025-01-31 19:00:00,8.49625,9.378825
"2950",2025-01-31 20:00:00,8.4995,9.379725
"2951",2025-01-31 21:00:00,8.5035,9.38045
"2952",2025-01-31 22:00:00,8.492,9.3802
"2953",2025-01-31 23:00:00,8.475,9.38095
"2954",2025-02-01,8.46525,9.3797
"2955",2025-02-01 01:00:00,8.48375,9.37875
"2956",2025-02-01 02:00:00,8.46425,9.375625
"2957",2025-02-01 03:00:00,8.38075,9.372125
"2958",2025-02-01 04:00:00,8.3785,9.370775
"2959",2025-02-01 05:00:00,8.41125,9.369125
"2960",2025-02-01 06:00:00,8.4515,9.3714
"2961",2025-02-01 07:00:00,8.4475,9.373725
"2962",2025-02-01 08:00:00,8.4745,9.373275
"2963",2025-02-01 09:00:00,8.595,9.3772
"2964",2025-02-01 10:00:00,8.751,9.379125
"2965",2025-02-01 11:00:00,8.85275,9.37825
"2966",2025-02-01 12:00:00,8.90825,9.37505
"2967",2025-02-01 13:00:00,9.02025,9.367325
"2968",2025-02-01 14:00:00,9.06025,9.35555
"2969",2025-02-01 15:00:00,8.93775,9.349875
"2970",2025-02-01 16:00:00,8.87325,9.343675
"2971",2025-02-01 17:00:00,8.7565,9.338
"2972",2025-02-01 18:00:00,8.658,9.332925
"2973",2025-02-01 19:00:00,8.60525,9.328775
"2974",2025-02-01 20:00:00,8.5745,9.327875
"2975",2025-02-01 21:00:00,8.536,9.326775
"2976",2025-02-01 22:00:00,8.44675,9.321025
"2977",2025-02-01 23:00:00,8.37225,9.31925
"2978",2025-02-02,8.281,9.318
"2979",2025-02-02 01:00:00,8.1295,9.31545
"2980",2025-02-02 02:00:00,7.98725,9.31605
"2981",2025-02-02 03:00:00,7.969,9.31585
"2982",2025-02-02 04:00:00,7.9865,9.314175
"2983",2025-02-02 05:00:00,8.005,9.316275
"2984",2025-02-02 06:00:00,7.60675,9.315925
"2985",2025-02-02 07:00:00,7.40425,9.317775
"2986",2025-02-02 08:00:00,7.29675,9.3177
"2987",2025-02-02 09:00:00,7.29575,9.319375
"2988",2025-02-02 10:00:00,7.30425,9.32315
"2989",2025-02-02 11:00:00,7.4,9.328525
"2990",2025-02-02 12:00:00,7.54625,9.330475
"2991",2025-02-02 13:00:00,7.648,9.3304
"2992",2025-02-02 14:00:00,7.672,9.3334
"2993",2025-02-02 15:00:00,7.59125,9.33395
"2994",2025-02-02 16:00:00,7.44025,9.337075
"2995",2025-02-02 17:00:00,7.149,9.3411
"2996",2025-02-02 18:00:00,6.7935,9.345525
"2997",2025-02-02 19:00:00,6.4985,9.34125
"2998",2025-02-02 20:00:00,6.28925,9.33175
"2999",2025-02-02 21:00:00,6.311,9.3328
"3000",2025-02-02 22:00:00,6.3335,9.3327
"3001",2025-02-02 23:00:00,6.33425,9.32935
"3002",2025-02-03,6.524,9.327375
"3003",2025-02-03 01:00:00,6.61525,9.326275
"3004",2025-02-03 02:00:00,6.7095,9.323875
"3005",2025-02-03 03:00:00,6.847,9.32065
"3006",2025-02-03 04:00:00,6.89675,9.312225
"3007",2025-02-03 05:00:00,7.01725,9.309175
"3008",2025-02-03 06:00:00,7.02075,9.3053
"3009",2025-02-03 07:00:00,7.053,9.301925
"3010",2025-02-03 08:00:00,6.927,9.3004
"3011",2025-02-03 09:00:00,6.64025,9.2963
"3012",2025-02-03 10:00:00,6.25875,9.294525
"3013",2025-02-03 11:00:00,5.691,9.289575
"3014",2025-02-03 12:00:00,5.006,9.2739
"3015",2025-02-03 13:00:00,3.2425,9.246525
"3016",2025-02-03 14:00:00,1.33975,9.248725
"3017",2025-02-03 15:00:00,1.67925,9.25315
"3018",2025-02-03 16:00:00,2.2715,9.260775
"3019",2025-02-03 17:00:00,2.64825,9.26255
"3020",2025-02-03 18:00:00,2.802,9.268875
"3021",2025-02-03 19:00:00,2.88525,9.269775
"3022",2025-02-03 20:00:00,2.96725,9.27075
"3023",2025-02-03 21:00:00,2.944,9.269875
"3024",2025-02-03 22:00:00,2.8085,9.27025
"3025",2025-02-03 23:00:00,2.67175,9.265875
"3026",2025-02-04,2.58475,9.264075
"3027",2025-02-04 01:00:00,2.53275,9.26185
"3028",2025-02-04 02:00:00,2.4995,9.25695
"3029",2025-02-04 03:00:00,2.513,9.256825
"3030",2025-02-04 04:00:00,2.50825,9.262925
"3031",2025-02-04 05:00:00,2.4795,9.263025
"3032",2025-02-04 06:00:00,2.164,9.25755
"3033",2025-02-04 07:00:00,1.6145,9.252575
"3034",2025-02-04 08:00:00,1.4665,9.257375
"3035",2025-02-04 09:00:00,1.37425,9.256475
"3036",2025-02-04 10:00:00,1.393,9.25715
"3037",2025-02-04 11:00:00,1.44025,9.257825
"3038",2025-02-04 12:00:00,1.48925,9.25475
"3039",2025-02-04 13:00:00,1.39425,9.2488
"3040",2025-02-04 14:00:00,1.16975,9.242925
"3041",2025-02-04 15:00:00,0.9675,9.238725
"3042",2025-02-04 16:00:00,1.08875,9.235275
"3043",2025-02-04 17:00:00,1.51225,9.231125
"3044",2025-02-04 18:00:00,1.9275,9.239475
"3045",2025-02-04 19:00:00,2.1815,9.246025
"3046",2025-02-04 20:00:00,2.278,9.254125
"3047",2025-02-04 21:00:00,2.41725,9.263475
"3048",2025-02-04 22:00:00,2.60225,9.2725
"3049",2025-02-04 23:00:00,2.82025,9.279675
"3050",2025-02-05,3.00075,9.28805
"3051",2025-02-05 01:00:00,3.169,9.29485
"3052",2025-02-05 02:00:00,3.45225,9.30265
"3053",2025-02-05 03:00:00,3.7965,9.30905
"3054",2025-02-05 04:00:00,4.15425,9.316
"3055",2025-02-05 05:00:00,4.45875,9.324025
"3056",2025-02-05 06:00:00,4.75575,9.329575
"3057",2025-02-05 07:00:00,5.057,9.337775
"3058",2025-02-05 08:00:00,5.38125,9.3449
"3059",2025-02-05 09:00:00,5.67575,9.349625
"3060",2025-02-05 10:00:00,6.0345,9.353975
"3061",2025-02-05 11:00:00,6.35525,9.357925
"3062",2025-02-05 12:00:00,6.61625,9.352675
"3063",2025-02-05 13:00:00,6.80375,9.351325
"3064",2025-02-05 14:00:00,6.6745,9.350475
"3065",2025-02-05 15:00:00,6.49475,9.347975
"3066",2025-02-05 16:00:00,6.371,9.3452
"3067",2025-02-05 17:00:00,6.25675,9.34175
"3068",2025-02-05 18:00:00,6.18925,9.340625
"3069",2025-02-05 19:00:00,6.2955,9.342925
"3070",2025-02-05 20:00:00,6.44525,9.34665
"3071",2025-02-05 21:00:00,6.58825,9.3474
"3072",2025-02-05 22:00:00,6.62025,9.34685
"3073",2025-02-05 23:00:00,6.70525,9.346175
"3074",2025-02-06,6.7445,9.341025
"3075",2025-02-06 01:00:00,6.789,9.335475
"3076",2025-02-06 02:00:00,6.81625,9.329275
"3077",2025-02-06 03:00:00,6.872,9.326425
"3078",2025-02-06 04:00:00,6.9095,9.327575
"3079",2025-02-06 05:00:00,6.91525,9.315575
"3080",2025-02-06 06:00:00,6.934,9.308
"3081",2025-02-06 07:00:00,6.958,9.30755
"3082",2025-02-06 08:00:00,7.0335,9.303975
"3083",2025-02-06 09:00:00,7.18925,9.302625
"3084",2025-02-06 10:00:00,7.2325,9.294675
"3085",2025-02-06 11:00:00,7.34925,9.288475
"3086",2025-02-06 12:00:00,7.466,9.28215
"3087",2025-02-06 13:00:00,7.45675,9.2713
"3088",2025-02-06 14:00:00,7.35275,9.260275
"3089",2025-02-06 15:00:00,7.26025,9.24765
"3090",2025-02-06 16:00:00,7.228,9.231425
"3091",2025-02-06 17:00:00,7.15,9.225025
"3092",2025-02-06 18:00:00,6.94725,9.2206
"3093",2025-02-06 19:00:00,6.7655,9.2159
"3094",2025-02-06 20:00:00,6.90675,9.216725
"3095",2025-02-06 21:00:00,6.92675,9.223125
"3096",2025-02-06 22:00:00,7.11075,9.2282
"3097",2025-02-06 23:00:00,7.10725,9.2298
"3098",2025-02-07,7.1845,9.242375
"3099",2025-02-07 01:00:00,7.13575,9.253375
"3100",2025-02-07 02:00:00,7.21475,9.26545
"3101",2025-02-07 03:00:00,7.23775,9.277425
"3102",2025-02-07 04:00:00,7.271,9.290175
"3103",2025-02-07 05:00:00,7.31975,9.3018
"3104",2025-02-07 06:00:00,7.31825,9.31095
"3105",2025-02-07 07:00:00,7.33175,9.324175
"3106",2025-02-07 08:00:00,7.3625,9.337075
"3107",2025-02-07 09:00:00,7.32625,9.34835
"3108",2025-02-07 10:00:00,7.43075,9.35825
"3109",2025-02-07 11:00:00,7.50275,9.364025
"3110",2025-02-07 12:00:00,7.71925,9.36855
"3111",2025-02-07 13:00:00,7.50125,9.375325
"3112",2025-02-07 14:00:00,7.78825,9.38115
"3113",2025-02-07 15:00:00,7.83875,9.386975
"3114",2025-02-07 16:00:00,7.6425,9.390675
"3115",2025-02-07 17:00:00,7.45675,9.394725
"3116",2025-02-07 18:00:00,7.2755,9.4014
"3117",2025-02-07 19:00:00,7.266,9.4066
"3118",2025-02-07 20:00:00,7.3255,9.40895
"3119",2025-02-07 21:00:00,7.17625,9.4091
"3120",2025-02-07 22:00:00,6.97975,9.4096
"3121",2025-02-07 23:00:00,6.9395,9.4109
"3122",2025-02-08,6.78075,9.41075
"3123",2025-02-08 01:00:00,6.69825,9.408275
"3124",2025-02-08 02:00:00,6.541,9.4118
"3125",2025-02-08 03:00:00,6.36175,9.4142
"3126",2025-02-08 04:00:00,6.4275,9.4168
"3127",2025-02-08 05:00:00,6.62925,9.4188
"3128",2025-02-08 06:00:00,6.663,9.42015
"3129",2025-02-08 07:00:00,6.7825,9.426725
"3130",2025-02-08 08:00:00,6.933,9.432475
"3131",2025-02-08 09:00:00,7.142,9.439025
"3132",2025-02-08 10:00:00,7.27675,9.444075
"3133",2025-02-08 11:00:00,7.547,9.4477
"3134",2025-02-08 12:00:00,7.7095,9.445925
"3135",2025-02-08 13:00:00,7.76275,9.4434
"3136",2025-02-08 14:00:00,7.77675,9.4418
"3137",2025-02-08 15:00:00,7.55375,9.44145
"3138",2025-02-08 16:00:00,7.4085,9.442225
"3139",2025-02-08 17:00:00,7.24075,9.44435
"3140",2025-02-08 18:00:00,7.08625,9.444075
"3141",2025-02-08 19:00:00,6.92725,9.442725
"3142",2025-02-08 20:00:00,6.71825,9.4425
"3143",2025-02-08 21:00:00,6.58125,9.445775
"3144",2025-02-08 22:00:00,6.524,9.44695
"3145",2025-02-08 23:00:00,6.6105,9.448975
"3146",2025-02-09,6.61625,9.449675
"3147",2025-02-09 01:00:00,6.57475,9.448275
"3148",2025-02-09 02:00:00,6.4865,9.445275
"3149",2025-02-09 03:00:00,6.3775,9.4415
"3150",2025-02-09 04:00:00,6.57875,9.441625
"3151",2025-02-09 05:00:00,6.46275,9.441075
"3152",2025-02-09 06:00:00,6.40675,9.44025
"3153",2025-02-09 07:00:00,6.44875,9.44275
"3154",2025-02-09 08:00:00,6.69425,9.44675
"3155",2025-02-09 09:00:00,6.9225,9.44855
"3156",2025-02-09 10:00:00,6.98225,9.4479
"3157",2025-02-09 11:00:00,7.14875,9.448325
"3158",2025-02-09 12:00:00,7.194,9.443475
"3159",2025-02-09 13:00:00,7.25475,9.439675
"3160",2025-02-09 14:00:00,7.35525,9.4366
"3161",2025-02-09 15:00:00,7.2945,9.433425
"3162",2025-02-09 16:00:00,7.178,9.431425
"3163",2025-02-09 17:00:00,7.18675,9.4303
"3164",2025-02-09 18:00:00,7.0745,9.4292
"3165",2025-02-09 19:00:00,6.97125,9.428575
"3166",2025-02-09 20:00:00,6.83525,9.427425
"3167",2025-02-09 21:00:00,6.7255,9.425775
"3168",2025-02-09 22:00:00,6.66275,9.4255
"3169",2025-02-09 23:00:00,6.742,9.42565
"3170",2025-02-10,6.784,9.4237
"3171",2025-02-10 01:00:00,6.775,9.420675
"3172",2025-02-10 02:00:00,6.71275,9.4189
"3173",2025-02-10 03:00:00,6.61125,9.416175
"3174",2025-02-10 04:00:00,6.67875,9.4158
"3175",2025-02-10 05:00:00,6.5505,9.412325
"3176",2025-02-10 06:00:00,6.688,9.4144
"3177",2025-02-10 07:00:00,6.58375,9.4131
"3178",2025-02-10 08:00:00,6.7475,9.41655
"3179",2025-02-10 09:00:00,6.8155,9.4204
"3180",2025-02-10 10:00:00,6.96075,9.422
"3181",2025-02-10 11:00:00,7.0835,9.420675
"3182",2025-02-10 12:00:00,7.1075,9.415925
"3183",2025-02-10 13:00:00,7.24375,9.411375
"3184",2025-02-10 14:00:00,7.312,9.407025
"3185",2025-02-10 15:00:00,7.344,9.405475
"3186",2025-02-10 16:00:00,7.27425,9.4027
"3187",2025-02-10 17:00:00,7.083,9.3984
"3188",2025-02-10 18:00:00,6.85875,9.395075
"3189",2025-02-10 19:00:00,6.695,9.389875
"3190",2025-02-10 20:00:00,6.49075,9.38425
"3191",2025-02-10 21:00:00,6.31375,9.3834
"3192",2025-02-10 22:00:00,6.23625,9.381675
"3193",2025-02-10 23:00:00,6.27925,9.380175
"3194",2025-02-11,6.3865,9.3793
"3195",2025-02-11 01:00:00,6.294,9.37455
"3196",2025-02-11 02:00:00,6.23475,9.37175
"3197",2025-02-11 03:00:00,6.154,9.3696
"3198",2025-02-11 04:00:00,6.094,9.366725
"3199",2025-02-11 05:00:00,6.08,9.365825
"3200",2025-02-11 06:00:00,6.236,9.367725
"3201",2025-02-11 07:00:00,6.18175,9.367
"3202",2025-02-11 08:00:00,5.93525,9.36265
"3203",2025-02-11 09:00:00,6.15275,9.3663
"3204",2025-02-11 10:00:00,6.5,9.370875
"3205",2025-02-11 11:00:00,6.8825,9.373825
"3206",2025-02-11 12:00:00,7.67175,9.34325
"3207",2025-02-11 13:00:00,7.62516666666667,9.33465
"3208",2025-02-11 14:00:00,7.46983333333333,9.33195
"3209",2025-02-11 15:00:00,7.33966666666667,9.3293
"3210",2025-02-11 16:00:00,7.13075,9.322625
"3211",2025-02-11 17:00:00,6.99875,9.32076666666667
"3212",2025-02-11 18:00:00,6.75666666666667,9.316575
"3213",2025-02-11 19:00:00,6.63766666666667,9.31436666666667
"3214",2025-02-11 20:00:00,6.557,9.31359166666667
"3215",2025-02-11 21:00:00,6.42316666666667,9.31040833333333
"3216",2025-02-11 22:00:00,6.46033333333333,9.31085833333333
"3217",2025-02-11 23:00:00,6.50308333333333,9.312275
"3218",2025-02-12,6.412,9.312775
"3219",2025-02-12 01:00:00,6.25683333333333,9.310775
"3220",2025-02-12 02:00:00,6.33025,9.31139166666667
"3221",2025-02-12 03:00:00,6.25741666666667,9.31053333333333
"3222",2025-02-12 04:00:00,6.212,9.30839166666667
"3223",2025-02-12 05:00:00,6.15358333333333,9.30553333333333
"3224",2025-02-12 06:00:00,6.22516666666667,9.30553333333333
"3225",2025-02-12 07:00:00,6.22841666666667,9.30518333333333
"3226",2025-02-12 08:00:00,6.24441666666667,9.30758333333333
"3227",2025-02-12 09:00:00,6.56108333333333,9.311825
"3228",2025-02-12 10:00:00,6.94966666666667,9.3148
"3229",2025-02-12 11:00:00,7.31416666666667,9.30535833333333
"3230",2025-02-12 12:00:00,7.32491666666667,9.29384166666667
"3231",2025-02-12 13:00:00,7.70958333333333,9.28728333333333
"3232",2025-02-12 14:00:00,7.67341666666667,9.27894166666667
"3233",2025-02-12 15:00:00,7.587,9.2701
"3234",2025-02-12 16:00:00,7.37383333333333,9.26478333333333
"3235",2025-02-12 17:00:00,7.17525,9.25471666666667
"3236",2025-02-12 18:00:00,7.03816666666667,9.23910833333333
"3237",2025-02-12 19:00:00,6.95375,9.22424166666667
"3238",2025-02-12 20:00:00,6.73958333333333,9.2301
"3239",2025-02-12 21:00:00,6.94283333333333,9.21845
"3240",2025-02-12 22:00:00,7.11858333333333,9.20499166666667
"3241",2025-02-12 23:00:00,7.4285,9.189875
"3242",2025-02-13,7.62491666666667,9.1741
"3243",2025-02-13 01:00:00,7.71158333333333,9.16321666666667
"3244",2025-02-13 02:00:00,7.86308333333333,9.15066666666667
"3245",2025-02-13 03:00:00,7.95691666666667,9.13465
"3246",2025-02-13 04:00:00,7.97975,9.1217
"3247",2025-02-13 05:00:00,8.02666666666667,9.1144
"3248",2025-02-13 06:00:00,7.99125,9.10736666666667
"3249",2025-02-13 07:00:00,7.98216666666667,9.11704166666667
"3250",2025-02-13 08:00:00,8.06975,9.12140833333333
"3251",2025-02-13 09:00:00,8.29216666666667,9.12455
"3252",2025-02-13 10:00:00,8.433,9.123725
"3253",2025-02-13 11:00:00,8.5,9.122675
"3254",2025-02-13 12:00:00,8.57733333333333,9.11978333333333
"3255",2025-02-13 13:00:00,8.58966666666667,9.11893333333333
"3256",2025-02-13 14:00:00,8.53458333333333,9.11704166666667
"3257",2025-02-13 15:00:00,8.61666666666667,9.116225
"3258",2025-02-13 16:00:00,8.24875,9.11360833333333
"3259",2025-02-13 17:00:00,8.18058333333333,9.119975
"3260",2025-02-13 18:00:00,8.22108333333333,9.130725
"3261",2025-02-13 19:00:00,8.23933333333333,9.14280833333333
"3262",2025-02-13 20:00:00,8.21283333333333,9.154325
"3263",2025-02-13 21:00:00,8.15975,9.16174166666667
"3264",2025-02-13 22:00:00,8.10983333333333,9.16894166666667
"3265",2025-02-13 23:00:00,8.15091666666667,9.17575
"3266",2025-02-14,8.16483333333333,9.18028333333333
"3267",2025-02-14 01:00:00,8.16258333333333,9.18505
"3268",2025-02-14 02:00:00,8.08225,9.201125
"3269",2025-02-14 03:00:00,8.0235,9.21901666666667
"3270",2025-02-14 04:00:00,7.99108333333333,9.23461666666667
"3271",2025-02-14 05:00:00,7.94825,9.246575
"3272",2025-02-14 06:00:00,7.91741666666667,9.25484166666667
"3273",2025-02-14 07:00:00,7.932,9.2708
"3274",2025-02-14 08:00:00,7.99916666666667,9.28978333333333
"3275",2025-02-14 09:00:00,8.16225,9.30870833333333
"3276",2025-02-14 10:00:00,8.20558333333333,9.327925
"3277",2025-02-14 11:00:00,8.26683333333333,9.34668333333333
"3278",2025-02-14 12:00:00,8.21008333333333,9.35955
"3279",2025-02-14 13:00:00,8.64141666666667,9.37210833333333
"3280",2025-02-14 14:00:00,8.646,9.37436666666667
"3281",2025-02-14 15:00:00,8.5615,9.378625
"3282",2025-02-14 16:00:00,8.28591666666667,9.39209166666667
"3283",2025-02-14 17:00:00,8.12516666666667,9.401775
"3284",2025-02-14 18:00:00,7.75091666666667,9.407525
"3285",2025-02-14 19:00:00,7.34025,9.41670833333333
"3286",2025-02-14 20:00:00,6.97833333333333,9.42113333333333
"3287",2025-02-14 21:00:00,6.75083333333333,9.42814166666667
"3288",2025-02-14 22:00:00,6.65891666666667,9.43218333333333
"3289",2025-02-14 23:00:00,6.83491666666667,9.43789166666667
"3290",2025-02-15,6.98391666666667,9.44158333333333
"3291",2025-02-15 01:00:00,7.04283333333333,9.442025
"3292",2025-02-15 02:00:00,7.17841666666667,9.44075
"3293",2025-02-15 03:00:00,7.26583333333333,9.44094166666667
"3294",2025-02-15 04:00:00,7.337,9.43956666666667
"3295",2025-02-15 05:00:00,7.48508333333333,9.43975833333333
"3296",2025-02-15 06:00:00,7.55033333333333,9.4442
"3297",2025-02-15 07:00:00,7.60791666666667,9.44566666666667
"3298",2025-02-15 08:00:00,7.67525,9.44781666666667
"3299",2025-02-15 09:00:00,7.85875,9.45264166666667
"3300",2025-02-15 10:00:00,8.0655,9.45598333333333
"3301",2025-02-15 11:00:00,8.27041666666667,9.45514166666667
"3302",2025-02-15 12:00:00,8.41866666666667,9.45141666666667
"3303",2025-02-15 13:00:00,8.57858333333333,9.43989166666667
"3304",2025-02-15 14:00:00,8.65583333333333,9.432775
"3305",2025-02-15 15:00:00,8.57208333333333,9.42534166666667
"3306",2025-02-15 16:00:00,8.43666666666667,9.421625
"3307",2025-02-15 17:00:00,8.21041666666667,9.408375
"3308",2025-02-15 18:00:00,8.05108333333333,9.40354166666667
"3309",2025-02-15 19:00:00,8.00233333333333,9.40133333333333
"3310",2025-02-15 20:00:00,8.02125,9.39869166666667
"3311",2025-02-15 21:00:00,8.00341666666667,9.39474166666667
"3312",2025-02-15 22:00:00,8.05133333333333,9.39706666666667
"3313",2025-02-15 23:00:00,8.06058333333333,9.39711666666667
"3314",2025-02-16,8.09158333333333,9.39631666666667
"3315",2025-02-16 01:00:00,8.10541666666667,9.39350833333333
"3316",2025-02-16 02:00:00,8.11141666666667,9.3842
"3317",2025-02-16 03:00:00,8.11258333333333,9.3806
"3318",2025-02-16 04:00:00,8.12058333333333,9.37578333333333
"3319",2025-02-16 05:00:00,8.13216666666667,9.37294166666667
"3320",2025-02-16 06:00:00,8.13525,9.3714
"3321",2025-02-16 07:00:00,8.15116666666667,9.36788333333333
"3322",2025-02-16 08:00:00,8.2315,9.36804166666667
"3323",2025-02-16 09:00:00,8.35975,9.36810833333333
"3324",2025-02-16 10:00:00,8.4625,9.36578333333333
"3325",2025-02-16 11:00:00,8.61616666666667,9.36111666666667
"3326",2025-02-16 12:00:00,8.70275,9.35270833333333
"3327",2025-02-16 13:00:00,8.83058333333333,9.34624166666667
"3328",2025-02-16 14:00:00,8.86291666666667,9.34693333333333
"3329",2025-02-16 15:00:00,8.73083333333333,9.33983333333333
"3330",2025-02-16 16:00:00,8.6055,9.33453333333333
"3331",2025-02-16 17:00:00,8.45941666666667,9.33145833333333
"3332",2025-02-16 18:00:00,8.30833333333333,9.33269166666667
"3333",2025-02-16 19:00:00,7.988,9.33374166666667
"3334",2025-02-16 20:00:00,7.69058333333333,9.33455
"3335",2025-02-16 21:00:00,7.477,9.336525
"3336",2025-02-16 22:00:00,7.42525,9.33924166666667
"3337",2025-02-16 23:00:00,7.44633333333333,9.34046666666667
"3338",2025-02-17,7.522,9.34215833333333
"3339",2025-02-17 01:00:00,7.5885,9.3427
"3340",2025-02-17 02:00:00,7.635,9.344
"3341",2025-02-17 03:00:00,7.69575,9.34554166666667
"3342",2025-02-17 04:00:00,7.81758333333333,9.34834166666667
"3343",2025-02-17 05:00:00,7.87916666666667,9.3497
"3344",2025-02-17 06:00:00,7.9255,9.34953333333333
"3345",2025-02-17 07:00:00,7.97591666666667,9.35085833333333
"3346",2025-02-17 08:00:00,8.11491666666667,9.35588333333333
"3347",2025-02-17 09:00:00,8.33891666666667,9.35916666666667
"3348",2025-02-17 10:00:00,8.53508333333333,9.365225
"3349",2025-02-17 11:00:00,8.72875,9.37051666666667
"3350",2025-02-17 12:00:00,8.934,9.371225
"3351",2025-02-17 13:00:00,8.92166666666667,9.36791666666667
"3352",2025-02-17 14:00:00,8.9475,9.36826666666667
"3353",2025-02-17 15:00:00,8.79666666666667,9.3684
"3354",2025-02-17 16:00:00,8.71683333333333,9.36648333333333
"3355",2025-02-17 17:00:00,8.58075,9.36640833333333
"3356",2025-02-17 18:00:00,8.40675,9.368075
"3357",2025-02-17 19:00:00,8.33966666666667,9.37290833333333
"3358",2025-02-17 20:00:00,8.35725,9.3783
"3359",2025-02-17 21:00:00,8.36158333333333,9.38365833333333
"3360",2025-02-17 22:00:00,8.25441666666667,9.387475
"3361",2025-02-17 23:00:00,8.13116666666667,9.38924166666667
"3362",2025-02-18,8.02791666666667,9.38888333333333
"3363",2025-02-18 01:00:00,7.96466666666667,9.38875833333333
"3364",2025-02-18 02:00:00,7.93533333333333,9.39374166666667
"3365",2025-02-18 03:00:00,7.93991666666667,9.39180833333333
"3366",2025-02-18 04:00:00,7.94866666666667,9.39606666666667
"3367",2025-02-18 05:00:00,7.92975,9.39626666666667
"3368",2025-02-18 06:00:00,7.92441666666667,9.39776666666667
"3369",2025-02-18 07:00:00,7.98033333333333,9.40033333333333
"3370",2025-02-18 08:00:00,8.13925,9.40645
"3371",2025-02-18 09:00:00,8.347,9.41121666666667
"3372",2025-02-18 10:00:00,8.51533333333333,9.41444166666667
"3373",2025-02-18 11:00:00,8.654,9.41394166666667
"3374",2025-02-18 12:00:00,8.73025,9.41238333333333
"3375",2025-02-18 13:00:00,8.68716666666667,9.4093
"3376",2025-02-18 14:00:00,8.68708333333333,9.40615833333333
"3377",2025-02-18 15:00:00,8.686,9.40466666666667
"3378",2025-02-18 16:00:00,8.63233333333333,9.401
"3379",2025-02-18 17:00:00,8.55033333333333,9.39844166666667
"3380",2025-02-18 18:00:00,8.47508333333333,9.39795
"3381",2025-02-18 19:00:00,8.40641666666667,9.39681666666667
"3382",2025-02-18 20:00:00,8.41075,9.3957
"3383",2025-02-18 21:00:00,8.40491666666667,9.39406666666667
"3384",2025-02-18 22:00:00,8.37933333333333,9.39091666666667
"3385",2025-02-18 23:00:00,8.37216666666667,9.38721666666667
"3386",2025-02-19,8.35116666666667,9.37955
"3387",2025-02-19 01:00:00,8.35616666666667,9.37141666666667
"3388",2025-02-19 02:00:00,8.32975,9.3629
"3389",2025-02-19 03:00:00,8.27283333333333,9.35435
"3390",2025-02-19 04:00:00,8.25458333333333,9.351975
"3391",2025-02-19 05:00:00,8.4015,9.35586666666667
"3392",2025-02-19 06:00:00,8.445,9.36096666666667
"3393",2025-02-19 07:00:00,8.425,9.35954166666667
"3394",2025-02-19 08:00:00,8.47275,9.362025
"3395",2025-02-19 09:00:00,8.55533333333333,9.36521666666667
"3396",2025-02-19 10:00:00,8.59208333333333,9.36905833333333
"3397",2025-02-19 11:00:00,8.57208333333333,9.375475
"3398",2025-02-19 12:00:00,8.52533333333333,9.382525
"3399",2025-02-19 13:00:00,8.49283333333333,9.3881
"3400",2025-02-19 14:00:00,8.47866666666667,9.393075
"3401",2025-02-19 15:00:00,8.57675,9.399975
"3402",2025-02-19 16:00:00,8.60358333333333,9.40536666666667
"3403",2025-02-19 17:00:00,8.36725,9.41539166666667
"3404",2025-02-19 18:00:00,8.07516666666667,9.423825
"3405",2025-02-19 19:00:00,7.889,9.43341666666667
"3406",2025-02-19 20:00:00,7.77125,9.44300833333333
"3407",2025-02-19 21:00:00,7.73608333333333,9.44708333333333
"3408",2025-02-19 22:00:00,7.63641666666667,9.45005
"3409",2025-02-19 23:00:00,7.65991666666667,9.453625
"3410",2025-02-20,7.71383333333333,9.45654166666667
"3411",2025-02-20 01:00:00,7.76466666666667,9.45783333333333
"3412",2025-02-20 02:00:00,7.75616666666667,9.45695833333333
"3413",2025-02-20 03:00:00,7.8275,9.45854166666667
"3414",2025-02-20 04:00:00,7.87591666666667,9.46046666666667
"3415",2025-02-20 05:00:00,7.8415,9.46006666666667
"3416",2025-02-20 06:00:00,7.91475,9.4616
"3417",2025-02-20 07:00:00,7.99875,9.464325
"3418",2025-02-20 08:00:00,8.06125,9.46666666666667
"3419",2025-02-20 09:00:00,8.22675,9.47168333333333
"3420",2025-02-20 10:00:00,8.45566666666667,9.47575833333333
"3421",2025-02-20 11:00:00,8.55075,9.47396666666667
"3422",2025-02-20 12:00:00,8.6625,9.4666
"3423",2025-02-20 13:00:00,8.80616666666667,9.46176666666667
"3424",2025-02-20 14:00:00,8.96341666666667,9.45734166666667
"3425",2025-02-20 15:00:00,8.85766666666667,9.45530833333333
"3426",2025-02-20 16:00:00,8.73908333333333,9.45041666666667
"3427",2025-02-20 17:00:00,8.57716666666667,9.448125
"3428",2025-02-20 18:00:00,8.39183333333333,9.44915
"3429",2025-02-20 19:00:00,8.25566666666667,9.45165833333333
"3430",2025-02-20 20:00:00,8.16375,9.45223333333333
"3431",2025-02-20 21:00:00,8.10533333333333,9.45074166666667
"3432",2025-02-20 22:00:00,8.09366666666667,9.45049166666667
"3433",2025-02-20 23:00:00,8.06458333333333,9.45223333333333
"3434",2025-02-21,8.07175,9.45316666666667
"3435",2025-02-21 01:00:00,8.07683333333333,9.45235
"3436",2025-02-21 02:00:00,8.04933333333333,9.451775
"3437",2025-02-21 03:00:00,8.04833333333333,9.44924166666667
"3438",2025-02-21 04:00:00,8.02341666666667,9.44630833333333
"3439",2025-02-21 05:00:00,8.04,9.44786666666667
"3440",2025-02-21 06:00:00,8.02766666666667,9.44615
"3441",2025-02-21 07:00:00,8.02641666666667,9.44829166666667
"3442",2025-02-21 08:00:00,8.07916666666667,9.45294166666667
"3443",2025-02-21 09:00:00,8.39583333333333,9.45796666666667
"3444",2025-02-21 10:00:00,8.60175,9.46048333333333
"3445",2025-02-21 11:00:00,8.85183333333333,9.46013333333333
"3446",2025-02-21 12:00:00,9.01233333333333,9.454175
"3447",2025-02-21 13:00:00,9.19516666666667,9.44561666666667
"3448",2025-02-21 14:00:00,9.09175,9.44036666666667
"3449",2025-02-21 15:00:00,8.97991666666667,9.43760833333333
"3450",2025-02-21 16:00:00,8.85041666666667,9.43365
"3451",2025-02-21 17:00:00,8.75733333333333,9.432875
"3452",2025-02-21 18:00:00,8.62975,9.4335
"3453",2025-02-21 19:00:00,8.55825,9.4344
"3454",2025-02-21 20:00:00,8.5185,9.43401666666667
"3455",2025-02-21 21:00:00,8.51658333333333,9.439825
"3456",2025-02-21 22:00:00,8.518,9.43879166666667
"3457",2025-02-21 23:00:00,8.4755,9.43740833333333
"3458",2025-02-22,8.38791666666667,9.43446666666667
"3459",2025-02-22 01:00:00,8.27625,9.43365833333333
"3460",2025-02-22 02:00:00,8.21575,9.431625
"3461",2025-02-22 03:00:00,8.18458333333333,9.433125
"3462",2025-02-22 04:00:00,8.18141666666667,9.432675
"3463",2025-02-22 05:00:00,8.18866666666667,9.43294166666667
"3464",2025-02-22 06:00:00,8.17708333333333,9.434925
"3465",2025-02-22 07:00:00,8.16383333333333,9.43776666666667
"3466",2025-02-22 08:00:00,8.32675,9.44435
"3467",2025-02-22 09:00:00,8.68616666666667,9.45115833333333
"3468",2025-02-22 10:00:00,8.86083333333333,9.44753333333333
"3469",2025-02-22 11:00:00,9.072,9.44538333333333
"3470",2025-02-22 12:00:00,9.11475,9.43730833333333
"3471",2025-02-22 13:00:00,9.21008333333333,9.4282
"3472",2025-02-22 14:00:00,9.23125,9.426875
"3473",2025-02-22 15:00:00,9.16575,9.42491666666667
"3474",2025-02-22 16:00:00,8.98625,9.42301666666667
"3475",2025-02-22 17:00:00,8.86508333333333,9.42385
"3476",2025-02-22 18:00:00,8.81583333333333,9.42334166666667
"3477",2025-02-22 19:00:00,8.80691666666667,9.423875
"3478",2025-02-22 20:00:00,8.79733333333333,9.42366666666667
"3479",2025-02-22 21:00:00,8.79783333333333,9.42349166666667
"3480",2025-02-22 22:00:00,8.79458333333333,9.42315833333333
"3481",2025-02-22 23:00:00,8.77975,9.42068333333333
"3482",2025-02-23,8.78958333333333,9.42150833333333
"3483",2025-02-23 01:00:00,8.79741666666667,9.41974166666667
"3484",2025-02-23 02:00:00,8.78933333333333,9.41874166666667
"3485",2025-02-23 03:00:00,8.76391666666667,9.418625
"3486",2025-02-23 04:00:00,8.74483333333333,9.419675
"3487",2025-02-23 05:00:00,8.74358333333333,9.42000833333333
"3488",2025-02-23 06:00:00,8.74141666666667,9.419625
"3489",2025-02-23 07:00:00,8.74416666666667,9.419025
"3490",2025-02-23 08:00:00,8.78108333333333,9.42245
"3491",2025-02-23 09:00:00,8.83091666666667,9.42356666666667
"3492",2025-02-23 10:00:00,9.073,9.42645
"3493",2025-02-23 11:00:00,9.30258333333333,9.42899166666667
"3494",2025-02-23 12:00:00,9.21566666666667,9.42520833333333
"3495",2025-02-23 13:00:00,9.28016666666667,9.423725
"3496",2025-02-23 14:00:00,9.50658333333333,9.41880833333333
"3497",2025-02-23 15:00:00,9.34883333333333,9.413975
"3498",2025-02-23 16:00:00,9.21525,9.41486666666667
"3499",2025-02-23 17:00:00,8.94541666666667,9.4196
"3500",2025-02-23 18:00:00,8.83416666666667,9.42513333333333
"3501",2025-02-23 19:00:00,8.80116666666667,9.42389166666667
"3502",2025-02-23 20:00:00,8.77758333333333,9.42149166666667
"3503",2025-02-23 21:00:00,8.76383333333333,9.42205
"3504",2025-02-23 22:00:00,8.75208333333333,9.42021666666667
"3505",2025-02-23 23:00:00,8.73958333333333,9.41865833333333
"3506",2025-02-24,8.71408333333333,9.415425
"3507",2025-02-24 01:00:00,8.71975,9.41465833333333
"3508",2025-02-24 02:00:00,8.72908333333333,9.41273333333333
"3509",2025-02-24 03:00:00,8.7215,9.40696666666667
"3510",2025-02-24 04:00:00,8.70733333333333,9.39236666666667
"3511",2025-02-24 05:00:00,8.60725,9.38434166666667
"3512",2025-02-24 06:00:00,8.5225,9.3765
"3513",2025-02-24 07:00:00,8.55708333333333,9.37403333333333
"3514",2025-02-24 08:00:00,8.642,9.37715
"3515",2025-02-24 09:00:00,8.83283333333333,9.37481666666667
"3516",2025-02-24 10:00:00,9.03858333333333,9.36946666666667
"3517",2025-02-24 11:00:00,9.31141666666667,9.37145
"3518",2025-02-24 12:00:00,9.40366666666667,9.368825
"3519",2025-02-24 13:00:00,9.45941666666667,9.36265
"3520",2025-02-24 14:00:00,9.37508333333333,9.35464166666667
"3521",2025-02-24 15:00:00,9.19225,9.35075833333333
"3522",2025-02-24 16:00:00,9.03925,9.35151666666667
"3523",2025-02-24 17:00:00,8.89233333333333,9.35596666666667
"3524",2025-02-24 18:00:00,8.64608333333333,9.3629
"3525",2025-02-24 19:00:00,8.54441666666667,9.37646666666667
"3526",2025-02-24 20:00:00,8.47625,9.38629166666667
"3527",2025-02-24 21:00:00,8.4285,9.3952
"3528",2025-02-24 22:00:00,8.37166666666667,9.40425
"3529",2025-02-24 23:00:00,8.33041666666667,9.410725
"3530",2025-02-25,8.30283333333333,9.41403333333333
"3531",2025-02-25 01:00:00,8.273,9.41914166666667
"3532",2025-02-25 02:00:00,8.26366666666667,9.42118333333333
"3533",2025-02-25 03:00:00,8.2515,9.42305833333333
"3534",2025-02-25 04:00:00,8.24725,9.42940833333333
"3535",2025-02-25 05:00:00,8.20741666666667,9.43629166666667
"3536",2025-02-25 06:00:00,8.17616666666667,9.4402
"3537",2025-02-25 07:00:00,8.14366666666667,9.44380833333333
"3538",2025-02-25 08:00:00,8.2675,9.448
"3539",2025-02-25 09:00:00,8.56858333333333,9.45515
"3540",2025-02-25 10:00:00,8.85183333333333,9.46089166666667
"3541",2025-02-25 11:00:00,9.07025,9.46376666666667
"3542",2025-02-25 12:00:00,9.1805,9.45980833333333
"3543",2025-02-25 13:00:00,9.23808333333333,9.45454166666667
"3544",2025-02-25 14:00:00,9.17433333333333,9.44943333333333
"3545",2025-02-25 15:00:00,9.01925,9.4452
"3546",2025-02-25 16:00:00,8.92933333333333,9.44060833333333
"3547",2025-02-25 17:00:00,8.734,9.43648333333333
"3548",2025-02-25 18:00:00,8.53175,9.43783333333333
"3549",2025-02-25 19:00:00,8.42383333333333,9.43775833333333
"3550",2025-02-25 20:00:00,8.31416666666667,9.43769166666667
"3551",2025-02-25 21:00:00,8.262,9.43928333333333
"3552",2025-02-25 22:00:00,8.23083333333333,9.43828333333333
"3553",2025-02-25 23:00:00,8.19916666666667,9.43656666666667
"3554",2025-02-26,8.15558333333333,9.43540833333333
"3555",2025-02-26 01:00:00,8.13083333333333,9.43415833333333
"3556",2025-02-26 02:00:00,8.10525,9.431725
"3557",2025-02-26 03:00:00,8.093,9.42851666666667
"3558",2025-02-26 04:00:00,8.07075,9.42829166666667
"3559",2025-02-26 05:00:00,8.059,9.42834166666667
"3560",2025-02-26 06:00:00,8.04691666666667,9.4295
"3561",2025-02-26 07:00:00,8.06616666666667,9.43250833333333
"3562",2025-02-26 08:00:00,8.206,9.43704166666667
"3563",2025-02-26 09:00:00,8.50033333333333,9.44248333333333
"3564",2025-02-26 10:00:00,8.78716666666667,9.44528333333333
"3565",2025-02-26 11:00:00,9.04325,9.44475
"3566",2025-02-26 12:00:00,9.22041666666667,9.44065
"3567",2025-02-26 13:00:00,9.31883333333333,9.43270833333333
"3568",2025-02-26 14:00:00,9.29941666666667,9.42718333333333
"3569",2025-02-26 15:00:00,9.18841666666667,9.422225
"3570",2025-02-26 16:00:00,9.08166666666667,9.417925
"3571",2025-02-26 17:00:00,8.87091666666667,9.413825
"3572",2025-02-26 18:00:00,8.64291666666667,9.411025
"3573",2025-02-26 19:00:00,8.51108333333333,9.41265833333333
"3574",2025-02-26 20:00:00,8.45083333333333,9.41715833333333
"3575",2025-02-26 21:00:00,8.39233333333333,9.421525
"3576",2025-02-26 22:00:00,8.34458333333333,9.42579166666667
"3577",2025-02-26 23:00:00,8.31458333333333,9.42779166666667
"3578",2025-02-27,8.29433333333333,9.43000833333333
"3579",2025-02-27 01:00:00,8.2755,9.42995833333333
"3580",2025-02-27 02:00:00,8.23875,9.4303
"3581",2025-02-27 03:00:00,8.21941666666667,9.43161666666667
"3582",2025-02-27 04:00:00,8.1925,9.432475
"3583",2025-02-27 05:00:00,8.1705,9.43729166666667
"3584",2025-02-27 06:00:00,8.17091666666667,9.43945833333333
"3585",2025-02-27 07:00:00,8.19991666666667,9.44238333333333
"3586",2025-02-27 08:00:00,8.3325,9.449675
"3587",2025-02-27 09:00:00,8.60933333333333,9.45368333333333
"3588",2025-02-27 10:00:00,8.94383333333333,9.45369166666667
"3589",2025-02-27 11:00:00,9.21775,9.45473333333333
"3590",2025-02-27 12:00:00,9.39883333333333,9.44935
"3591",2025-02-27 13:00:00,9.49241666666667,9.44264166666667
"3592",2025-02-27 14:00:00,9.45508333333333,9.43695833333333
"3593",2025-02-27 15:00:00,9.30666666666667,9.430425
"3594",2025-02-27 16:00:00,9.1195,9.4259
"3595",2025-02-27 17:00:00,8.88408333333333,9.42066666666667
"3596",2025-02-27 18:00:00,8.71108333333333,9.41958333333333
"3597",2025-02-27 19:00:00,8.61983333333333,9.41996666666667
"3598",2025-02-27 20:00:00,8.54108333333333,9.42156666666667
"3599",2025-02-27 21:00:00,8.46408333333333,9.424325
"3600",2025-02-27 22:00:00,8.40725,9.42434166666667
"3601",2025-02-27 23:00:00,8.37283333333333,9.42386666666667
"3602",2025-02-28,8.34383333333333,9.42289166666667
"3603",2025-02-28 01:00:00,8.316,9.422475
"3604",2025-02-28 02:00:00,8.26783333333333,9.42069166666667
"3605",2025-02-28 03:00:00,8.23533333333333,9.41869166666667
"3606",2025-02-28 04:00:00,8.20108333333333,9.416775
"3607",2025-02-28 05:00:00,8.20075,9.41639166666667
"3608",2025-02-28 06:00:00,8.17033333333333,9.415475
"3609",2025-02-28 07:00:00,8.17258333333333,9.41676666666667
"3610",2025-02-28 08:00:00,8.35233333333333,9.42215
"3611",2025-02-28 09:00:00,8.65066666666667,9.427475
"3612",2025-02-28 10:00:00,8.95825,9.42903333333333
"3613",2025-02-28 11:00:00,9.241,9.42711666666667
"3614",2025-02-28 12:00:00,9.42058333333333,9.42245833333333
"3615",2025-02-28 13:00:00,9.49683333333333,9.411125
"3616",2025-02-28 14:00:00,9.46233333333333,9.4003
"3617",2025-02-28 15:00:00,9.31358333333333,9.39445
"3618",2025-02-28 16:00:00,9.20741666666667,9.38981666666667
"3619",2025-02-28 17:00:00,8.98625,9.38661666666667
"3620",2025-02-28 18:00:00,8.75325,9.38564166666667
"3621",2025-02-28 19:00:00,8.62908333333333,9.38303333333333
"3622",2025-02-28 20:00:00,8.55508333333333,9.38208333333333
"3623",2025-02-28 21:00:00,8.50583333333333,9.38375833333333
"3624",2025-02-28 22:00:00,8.45683333333333,9.38589166666667
"3625",2025-02-28 23:00:00,8.39641666666667,9.384825
"3626",2025-03-01,8.33875,9.38316666666667
"3627",2025-03-01 01:00:00,8.32041666666667,9.381625
"3628",2025-03-01 02:00:00,8.29475,9.37890833333333
"3629",2025-03-01 03:00:00,8.25841666666667,9.376225
"3630",2025-03-01 04:00:00,8.23458333333333,9.372725
"3631",2025-03-01 05:00:00,8.2,9.37126666666667
"3632",2025-03-01 06:00:00,8.20691666666667,9.36974166666667
"3633",2025-03-01 07:00:00,8.22758333333333,9.37106666666667
"3634",2025-03-01 08:00:00,8.40466666666667,9.37348333333333
"3635",2025-03-01 09:00:00,8.69908333333333,9.37274166666667
"3636",2025-03-01 10:00:00,9.02108333333333,9.36529166666667
"3637",2025-03-01 11:00:00,9.28816666666667,9.35560833333333
"3638",2025-03-01 12:00:00,9.4365,9.34299166666667
"3639",2025-03-01 13:00:00,9.45175,9.32984166666667
"3640",2025-03-01 14:00:00,9.419,9.32665
"3641",2025-03-01 15:00:00,9.28541666666667,9.3241
"3642",2025-03-01 16:00:00,9.18266666666667,9.32000833333333
"3643",2025-03-01 17:00:00,8.95483333333333,9.315475
"3644",2025-03-01 18:00:00,8.76183333333333,9.31595833333333
"3645",2025-03-01 19:00:00,8.67141666666667,9.32045
"3646",2025-03-01 20:00:00,8.63233333333333,9.32101666666667
"3647",2025-03-01 21:00:00,8.6395,9.32315
"3648",2025-03-01 22:00:00,8.64325,9.322975
"3649",2025-03-01 23:00:00,8.65691666666667,9.32299166666667
"3650",2025-03-02,8.59966666666667,9.33325
"3651",2025-03-02 01:00:00,8.52791666666667,9.3385
"3652",2025-03-02 02:00:00,8.44358333333333,9.33474166666667
"3653",2025-03-02 03:00:00,8.48858333333333,9.33674166666667
"3654",2025-03-02 04:00:00,8.50516666666667,9.3378
"3655",2025-03-02 05:00:00,8.46541666666667,9.33993333333333
"3656",2025-03-02 06:00:00,8.45783333333333,9.342225
"3657",2025-03-02 07:00:00,8.48016666666667,9.34741666666667
"3658",2025-03-02 08:00:00,8.4895,9.35448333333333
"3659",2025-03-02 09:00:00,8.59766666666667,9.360275
"3660",2025-03-02 10:00:00,8.68791666666667,9.36345
"3661",2025-03-02 11:00:00,8.7805,9.367475
"3662",2025-03-02 12:00:00,9.04183333333333,9.37114166666667
"3663",2025-03-02 13:00:00,9.195,9.36645833333333
"3664",2025-03-02 14:00:00,9.0155,9.364475
"3665",2025-03-02 15:00:00,8.98133333333333,9.36449166666667
"3666",2025-03-02 16:00:00,8.83733333333333,9.36385833333333
"3667",2025-03-02 17:00:00,8.65716666666667,9.363425
"3668",2025-03-02 18:00:00,8.55,9.36686666666667
"3669",2025-03-02 19:00:00,8.55325,9.37251666666667
"3670",2025-03-02 20:00:00,8.53333333333333,9.37703333333333
"3671",2025-03-02 21:00:00,8.50583333333333,9.38178333333333
"3672",2025-03-02 22:00:00,8.49875,9.38399166666667
"3673",2025-03-02 23:00:00,8.4885,9.38351666666667
"3674",2025-03-03,8.437,9.38465
"3675",2025-03-03 01:00:00,8.42775,9.38603333333333
"3676",2025-03-03 02:00:00,8.40908333333333,9.39060833333333
"3677",2025-03-03 03:00:00,8.41433333333333,9.39475833333333
"3678",2025-03-03 04:00:00,8.364,9.39566666666667
"3679",2025-03-03 05:00:00,8.31708333333333,9.39551666666667
"3680",2025-03-03 06:00:00,8.28583333333333,9.39976666666667
"3681",2025-03-03 07:00:00,8.34266666666667,9.40343333333333
"3682",2025-03-03 08:00:00,8.49925,9.40761666666667
"3683",2025-03-03 09:00:00,8.62775,9.4109
"3684",2025-03-03 10:00:00,8.75708333333333,9.41404166666667
"3685",2025-03-03 11:00:00,8.96116666666667,9.41714166666667
"3686",2025-03-03 12:00:00,9.07491666666667,9.417775
"3687",2025-03-03 13:00:00,9.07866666666667,9.41558333333333
"3688",2025-03-03 14:00:00,9.2045,9.41316666666667
"3689",2025-03-03 15:00:00,9.02883333333333,9.40798333333333
"3690",2025-03-03 16:00:00,8.91408333333333,9.404375
"3691",2025-03-03 17:00:00,8.72775,9.40006666666667
"3692",2025-03-03 18:00:00,8.54241666666667,9.39994166666667
"3693",2025-03-03 19:00:00,8.45183333333333,9.40094166666667
"3694",2025-03-03 20:00:00,8.40375,9.40254166666667
"3695",2025-03-03 21:00:00,8.39666666666667,9.40820833333333
"3696",2025-03-03 22:00:00,8.383,9.408125
"3697",2025-03-03 23:00:00,8.42725,9.40921666666667
"3698",2025-03-04,8.44191666666667,9.40916666666667
"3699",2025-03-04 01:00:00,8.43791666666667,9.4087
"3700",2025-03-04 02:00:00,8.46383333333333,9.40665
"3701",2025-03-04 03:00:00,8.47025,9.4065
"3702",2025-03-04 04:00:00,8.50125,9.407425
"3703",2025-03-04 05:00:00,8.51283333333333,9.40799166666667
"3704",2025-03-04 06:00:00,8.53141666666667,9.40821666666667
"3705",2025-03-04 07:00:00,8.553,9.41051666666667
"3706",2025-03-04 08:00:00,8.61625,9.4152
"3707",2025-03-04 09:00:00,8.73783333333333,9.42001666666667
"3708",2025-03-04 10:00:00,8.884,9.42415
"3709",2025-03-04 11:00:00,9.10325,9.42883333333333
"3710",2025-03-04 12:00:00,9.29216666666667,9.43178333333333
"3711",2025-03-04 13:00:00,9.387,9.431325
"3712",2025-03-04 14:00:00,9.28458333333333,9.42619166666667
"3713",2025-03-04 15:00:00,9.103,9.42228333333333
"3714",2025-03-04 16:00:00,8.94075,9.41680833333333
"3715",2025-03-04 17:00:00,8.85866666666667,9.41505833333333
"3716",2025-03-04 18:00:00,8.68208333333333,9.41358333333333
"3717",2025-03-04 19:00:00,8.65216666666667,9.41440833333333
"3718",2025-03-04 20:00:00,8.6145,9.41316666666667
"3719",2025-03-04 21:00:00,8.5705,9.41171666666667
"3720",2025-03-04 22:00:00,8.52616666666667,9.40894166666667
"3721",2025-03-04 23:00:00,8.443,9.40453333333333
"3722",2025-03-05,8.40033333333333,9.401725
"3723",2025-03-05 01:00:00,8.39466666666667,9.39880833333333
"3724",2025-03-05 02:00:00,8.40516666666667,9.39495833333333
"3725",2025-03-05 03:00:00,8.39591666666667,9.39130833333333
"3726",2025-03-05 04:00:00,8.41891666666667,9.38925833333333
"3727",2025-03-05 05:00:00,8.469,9.387675
"3728",2025-03-05 06:00:00,8.49791666666667,9.38605833333333
"3729",2025-03-05 07:00:00,8.5195,9.38128333333333
"3730",2025-03-05 08:00:00,8.60116666666667,9.37860833333333
"3731",2025-03-05 09:00:00,8.73325,9.3726
"3732",2025-03-05 10:00:00,8.86516666666667,9.3668
"3733",2025-03-05 11:00:00,8.92508333333333,9.36043333333333
"3734",2025-03-05 12:00:00,9.0135,9.35115833333333
"3735",2025-03-05 13:00:00,9.28266666666667,9.337375
"3736",2025-03-05 14:00:00,9.3395,9.326175
"3737",2025-03-05 15:00:00,8.88416666666667,9.31698333333333
"3738",2025-03-05 16:00:00,8.6225,9.31321666666667
"3739",2025-03-05 17:00:00,8.68408333333333,9.31099166666667
"3740",2025-03-05 18:00:00,8.58216666666667,9.309625
"3741",2025-03-05 19:00:00,8.54291666666667,9.30864166666667
"3742",2025-03-05 20:00:00,8.53458333333333,9.308025
"3743",2025-03-05 21:00:00,8.50641666666667,9.30715
"3744",2025-03-05 22:00:00,8.46475,9.30545
"3745",2025-03-05 23:00:00,8.44233333333333,9.30533333333333
"3746",2025-03-06,8.45691666666667,9.30509166666667
"3747",2025-03-06 01:00:00,8.443,9.30515
"3748",2025-03-06 02:00:00,8.42466666666667,9.30411666666667
"3749",2025-03-06 03:00:00,8.42491666666667,9.3038
"3750",2025-03-06 04:00:00,8.43216666666667,9.305425
"3751",2025-03-06 05:00:00,8.41758333333333,9.309225
"3752",2025-03-06 06:00:00,8.31,9.31348333333333
"3753",2025-03-06 07:00:00,8.30158333333333,9.3196
"3754",2025-03-06 08:00:00,8.407,9.327175
"3755",2025-03-06 09:00:00,8.58683333333333,9.33370833333333
"3756",2025-03-06 10:00:00,8.77416666666667,9.33884166666667
"3757",2025-03-06 11:00:00,8.96416666666667,9.34415833333333
"3758",2025-03-06 12:00:00,8.93366666666667,9.342775
"3759",2025-03-06 13:00:00,9.1655,9.34593333333333
"3760",2025-03-06 14:00:00,9.19016666666667,9.34873333333333
"3761",2025-03-06 15:00:00,8.99383333333333,9.349375
"3762",2025-03-06 16:00:00,8.87375,9.354075
"3763",2025-03-06 17:00:00,8.68808333333333,9.35779166666667
"3764",2025-03-06 18:00:00,8.51616666666667,9.36155833333333
"3765",2025-03-06 19:00:00,8.421,9.36765
"3766",2025-03-06 20:00:00,8.3725,9.37411666666667
"3767",2025-03-06 21:00:00,8.338,9.38003333333333
"3768",2025-03-06 22:00:00,8.29641666666667,9.38284166666667
"3769",2025-03-06 23:00:00,8.23208333333333,9.38295
"3770",2025-03-07,8.1815,9.391
"3771",2025-03-07 01:00:00,8.162,9.39648333333333
"3772",2025-03-07 02:00:00,8.13816666666667,9.39909166666667
"3773",2025-03-07 03:00:00,8.10475,9.40116666666667
"3774",2025-03-07 04:00:00,8.07658333333333,9.40516666666667
"3775",2025-03-07 05:00:00,8.05291666666667,9.40984166666667
"3776",2025-03-07 06:00:00,8.03666666666667,9.418525
"3777",2025-03-07 07:00:00,8.06175,9.42606666666667
"3778",2025-03-07 08:00:00,8.23775,9.437125
"3779",2025-03-07 09:00:00,8.54108333333333,9.444825
"3780",2025-03-07 10:00:00,8.80658333333333,9.44996666666667
"3781",2025-03-07 11:00:00,9.06333333333333,9.45245833333333
"3782",2025-03-07 12:00:00,9.20541666666667,9.45038333333333
"3783",2025-03-07 13:00:00,9.23341666666667,9.44963333333333
"3784",2025-03-07 14:00:00,9.18775,9.44491666666667
"3785",2025-03-07 15:00:00,9.00741666666667,9.44128333333333
"3786",2025-03-07 16:00:00,8.88908333333333,9.439
"3787",2025-03-07 17:00:00,8.71541666666667,9.43633333333333
"3788",2025-03-07 18:00:00,8.52841666666667,9.43784166666667
"3789",2025-03-07 19:00:00,8.402,9.438725
"3790",2025-03-07 20:00:00,8.33441666666667,9.43898333333333
"3791",2025-03-07 21:00:00,8.2845,9.44115
"3792",2025-03-07 22:00:00,8.25683333333333,9.44169166666667
"3793",2025-03-07 23:00:00,8.22808333333333,9.44203333333333
"3794",2025-03-08,8.20466666666667,9.44444166666667
"3795",2025-03-08 01:00:00,8.18858333333333,9.44563333333333
"3796",2025-03-08 02:00:00,8.16675,9.44516666666667
"3797",2025-03-08 03:00:00,8.15116666666667,9.44283333333333
"3798",2025-03-08 04:00:00,8.13083333333333,9.44573333333333
"3799",2025-03-08 05:00:00,8.1315,9.4499
"3800",2025-03-08 06:00:00,8.13291666666667,9.45750833333333
"3801",2025-03-08 07:00:00,8.15883333333333,9.46111666666667
"3802",2025-03-08 08:00:00,8.36408333333333,9.46385
"3803",2025-03-08 09:00:00,8.6175,9.46584166666667
"3804",2025-03-08 10:00:00,8.90208333333333,9.4646
"3805",2025-03-08 11:00:00,9.17966666666667,9.46306666666667
"3806",2025-03-08 12:00:00,9.36058333333333,9.461575
"3807",2025-03-08 13:00:00,9.4165,9.45625833333333
"3808",2025-03-08 14:00:00,9.35525,9.450425
"3809",2025-03-08 15:00:00,9.176,9.443425
"3810",2025-03-08 16:00:00,9.06366666666667,9.43766666666667
"3811",2025-03-08 17:00:00,8.85941666666667,9.43213333333333
"3812",2025-03-08 18:00:00,8.67058333333333,9.42906666666667
"3813",2025-03-08 19:00:00,8.55325,9.42976666666667
"3814",2025-03-08 20:00:00,8.45625,9.43148333333333
"3815",2025-03-08 21:00:00,8.39841666666667,9.43235833333333
"3816",2025-03-08 22:00:00,8.419,9.433625
"3817",2025-03-08 23:00:00,8.42975,9.43275833333333
"3818",2025-03-09,8.41083333333333,9.43066666666667
"3819",2025-03-09 01:00:00,8.41725,9.42976666666667
"3820",2025-03-09 03:00:00,8.34866666666667,9.42244166666667
"3821",2025-03-09 04:00:00,8.35583333333333,9.421225
"3822",2025-03-09 05:00:00,8.33216666666667,9.4197
"3823",2025-03-09 06:00:00,8.325,9.41856666666667
"3824",2025-03-09 07:00:00,8.32691666666667,9.41878333333333
"3825",2025-03-09 08:00:00,8.47491666666667,9.422625
"3826",2025-03-09 09:00:00,8.79033333333333,9.4256
"3827",2025-03-09 10:00:00,9.05858333333333,9.42248333333333
"3828",2025-03-09 11:00:00,9.27583333333333,9.41829166666667
"3829",2025-03-09 12:00:00,9.391,9.41075833333333
"3830",2025-03-09 13:00:00,9.39133333333333,9.40404166666667
"3831",2025-03-09 14:00:00,9.28633333333333,9.39603333333333
"3832",2025-03-09 15:00:00,9.10233333333333,9.39189166666667
"3833",2025-03-09 16:00:00,8.9205,9.39011666666667
"3834",2025-03-09 17:00:00,8.72116666666667,9.38779166666667
"3835",2025-03-09 18:00:00,8.5915,9.38691666666667
"3836",2025-03-09 19:00:00,8.53675,9.38936666666667
"3837",2025-03-09 20:00:00,8.51233333333333,9.39139166666667
"3838",2025-03-09 21:00:00,8.51316666666667,9.3936
"3839",2025-03-09 22:00:00,8.47933333333333,9.39155
"3840",2025-03-09 23:00:00,8.43658333333333,9.39108333333333
"3841",2025-03-10,8.40141666666667,9.389375
"3842",2025-03-10 01:00:00,8.35583333333333,9.38660833333333
"3843",2025-03-10 02:00:00,8.313,9.38375833333333
"3844",2025-03-10 03:00:00,8.293,9.381975
"3845",2025-03-10 04:00:00,8.28875,9.38239166666667
"3846",2025-03-10 05:00:00,8.26133333333333,9.38064166666667
"3847",2025-03-10 06:00:00,8.25666666666667,9.38048333333333
"3848",2025-03-10 07:00:00,8.2955,9.37983333333333
"3849",2025-03-10 08:00:00,8.44266666666667,9.38340833333333
"3850",2025-03-10 09:00:00,8.64725,9.38593333333333
"3851",2025-03-10 10:00:00,8.84733333333333,9.3833
"3852",2025-03-10 11:00:00,9.16666666666667,9.37821666666667
"3853",2025-03-10 12:00:00,9.38591666666667,9.369975
"3854",2025-03-10 13:00:00,9.47325,9.36078333333333
"3855",2025-03-10 14:00:00,9.3665,9.35069166666667
"3856",2025-03-10 15:00:00,9.18833333333333,9.33873333333333
"3857",2025-03-10 16:00:00,9.08616666666667,9.33223333333333
"3858",2025-03-10 17:00:00,8.87258333333333,9.32715833333333
"3859",2025-03-10 18:00:00,8.68875,9.32458333333333
"3860",2025-03-10 19:00:00,8.55441666666667,9.32730833333333
"3861",2025-03-10 20:00:00,8.46516666666667,9.33380833333333
"3862",2025-03-10 21:00:00,8.42741666666667,9.34053333333333
"3863",2025-03-10 22:00:00,8.365,9.33720833333333
"3864",2025-03-10 23:00:00,8.33208333333333,9.335825
"3865",2025-03-11,8.31225,9.331625
"3866",2025-03-11 01:00:00,8.27791666666667,9.32958333333333
"3867",2025-03-11 02:00:00,8.24966666666667,9.32456666666667
"3868",2025-03-11 03:00:00,8.23325,9.31804166666667
"3869",2025-03-11 04:00:00,8.20558333333333,9.31610833333333
"3870",2025-03-11 05:00:00,8.199,9.31355833333333
"3871",2025-03-11 06:00:00,8.17075,9.313
"3872",2025-03-11 07:00:00,8.21533333333333,9.31316666666667
"3873",2025-03-11 08:00:00,8.41983333333333,9.31354166666667
"3874",2025-03-11 09:00:00,8.70691666666667,9.31081666666667
"3875",2025-03-11 10:00:00,9.0165,9.305525
"3876",2025-03-11 11:00:00,9.321,9.29690833333333
"3877",2025-03-11 12:00:00,9.49966666666667,9.28535
"3878",2025-03-11 13:00:00,9.42408333333333,9.27549166666667
"3879",2025-03-11 14:00:00,9.206,9.26968333333333
"3880",2025-03-11 15:00:00,9.116,9.26796666666667
"3881",2025-03-11 16:00:00,8.935,9.26735
"3882",2025-03-11 17:00:00,8.78175,9.26689166666667
"3883",2025-03-11 18:00:00,8.69908333333333,9.26750833333333
"3884",2025-03-11 19:00:00,8.67558333333333,9.266175
"3885",2025-03-11 20:00:00,8.6635,9.268075
"3886",2025-03-11 21:00:00,8.65716666666667,9.26974166666667
"3887",2025-03-11 22:00:00,8.63533333333333,9.270325
"3888",2025-03-11 23:00:00,8.61608333333333,9.268575
"3889",2025-03-12,8.59141666666667,9.265925
"3890",2025-03-12 01:00:00,8.58841666666667,9.26325
"3891",2025-03-12 02:00:00,8.54641666666667,9.256625
"3892",2025-03-12 03:00:00,8.51608333333333,9.25516666666667
"3893",2025-03-12 04:00:00,8.50425,9.25270833333333
"3894",2025-03-12 05:00:00,8.4735,9.24951666666667
"3895",2025-03-12 06:00:00,8.47175,9.24749166666667
"3896",2025-03-12 07:00:00,8.52625,9.24768333333333
"3897",2025-03-12 08:00:00,8.61091666666667,9.24515833333333
"3898",2025-03-12 09:00:00,8.69633333333333,9.240225
"3899",2025-03-12 10:00:00,8.74266666666667,9.23273333333333
"3900",2025-03-12 11:00:00,8.79125,9.23161666666667
"3901",2025-03-12 12:00:00,8.85033333333333,9.22793333333333
"3902",2025-03-12 13:00:00,8.79016666666667,9.21348333333333
"3903",2025-03-12 14:00:00,8.73841666666667,9.19554166666667
"3904",2025-03-12 15:00:00,8.64841666666667,9.19325
"3905",2025-03-12 16:00:00,8.50175,9.20283333333333
"3906",2025-03-12 17:00:00,8.40508333333333,9.19355833333333
"3907",2025-03-12 18:00:00,8.38708333333333,9.19405
"3908",2025-03-12 19:00:00,8.34975,9.20254166666667
"3909",2025-03-12 20:00:00,8.28333333333333,9.22453333333333
"3910",2025-03-12 21:00:00,8.33358333333333,9.23218333333333
"3911",2025-03-12 22:00:00,8.34166666666667,9.23763333333333
"3912",2025-03-12 23:00:00,8.26533333333333,9.23995833333333
"3913",2025-03-13,8.26133333333333,9.24543333333333
"3914",2025-03-13 01:00:00,8.3135,9.25303333333333
"3915",2025-03-13 02:00:00,8.31733333333333,9.25460833333333
"3916",2025-03-13 03:00:00,8.32383333333333,9.254525
"3917",2025-03-13 04:00:00,8.276,9.25770833333333
"3918",2025-03-13 05:00:00,8.28833333333333,9.265325
"3919",2025-03-13 06:00:00,8.30933333333333,9.273325
"3920",2025-03-13 07:00:00,8.34391666666667,9.2801
"3921",2025-03-13 08:00:00,8.25816666666667,9.28760833333333
"3922",2025-03-13 09:00:00,8.46683333333333,9.29565
"3923",2025-03-13 10:00:00,8.69258333333333,9.2984
"3924",2025-03-13 11:00:00,8.80691666666667,9.29940833333333
"3925",2025-03-13 12:00:00,8.448,9.299025
"3926",2025-03-13 13:00:00,8.78008333333333,9.29855
"3927",2025-03-13 14:00:00,8.72166666666667,9.29669166666667
"3928",2025-03-13 15:00:00,8.73241666666667,9.29366666666667
"3929",2025-03-13 16:00:00,8.69416666666667,9.29170833333333
"3930",2025-03-13 17:00:00,8.43458333333333,9.29039166666667
"3931",2025-03-13 18:00:00,8.27891666666667,9.290675
"3932",2025-03-13 19:00:00,8.22458333333333,9.29155833333333
"3933",2025-03-13 20:00:00,8.17775,9.2896
"3934",2025-03-13 21:00:00,8.145,9.28768333333333
"3935",2025-03-13 22:00:00,8.12883333333333,9.286875
"3936",2025-03-13 23:00:00,8.1835,9.283725
"3937",2025-03-14,8.22958333333333,9.27679166666667
"3938",2025-03-14 01:00:00,8.15616666666667,9.2694
"3939",2025-03-14 02:00:00,8.13325,9.25533333333333
"3940",2025-03-14 03:00:00,8.09808333333333,9.25094166666667
"3941",2025-03-14 04:00:00,8.11075,9.244875
"3942",2025-03-14 05:00:00,8.09733333333333,9.241625
"3943",2025-03-14 06:00:00,8.09433333333333,9.23935833333333
"3944",2025-03-14 07:00:00,8.11458333333333,9.24521666666667
"3945",2025-03-14 08:00:00,8.093,9.25589166666667
"3946",2025-03-14 09:00:00,8.29233333333333,9.25995
"3947",2025-03-14 10:00:00,8.4335,9.25919166666667
"3948",2025-03-14 11:00:00,8.68133333333333,9.261325
"3949",2025-03-14 12:00:00,8.857,9.261825
"3950",2025-03-14 13:00:00,8.86233333333333,9.26180833333333
"3951",2025-03-14 14:00:00,8.92233333333333,9.26355
"3952",2025-03-14 15:00:00,8.87683333333333,9.26651666666667
"3953",2025-03-14 16:00:00,8.623,9.27570833333333
"3954",2025-03-14 17:00:00,8.52675,9.279375
"3955",2025-03-14 18:00:00,8.47541666666667,9.28410833333333
"3956",2025-03-14 19:00:00,8.40541666666667,9.29089166666667
"3957",2025-03-14 20:00:00,8.39591666666667,9.29584166666667
"3958",2025-03-14 21:00:00,8.38058333333333,9.3029
"3959",2025-03-14 22:00:00,8.40375,9.31053333333333
"3960",2025-03-14 23:00:00,8.40458333333333,9.31480833333333
"3961",2025-03-15,8.36725,9.320525
"3962",2025-03-15 01:00:00,8.341,9.32924166666667
"3963",2025-03-15 02:00:00,8.31958333333333,9.331825
"3964",2025-03-15 03:00:00,8.34016666666667,9.333375
"3965",2025-03-15 04:00:00,8.36933333333333,9.33538333333333
"3966",2025-03-15 05:00:00,8.36666666666667,9.33879166666667
"3967",2025-03-15 06:00:00,8.35675,9.34411666666667
"3968",2025-03-15 07:00:00,8.39958333333333,9.347125
"3969",2025-03-15 08:00:00,8.479,9.34994166666667
"3970",2025-03-15 09:00:00,8.58083333333333,9.35135833333333
"3971",2025-03-15 10:00:00,8.69233333333333,9.3542
"3972",2025-03-15 11:00:00,8.76958333333333,9.35474166666667
"3973",2025-03-15 12:00:00,8.81391666666667,9.35478333333333
"3974",2025-03-15 13:00:00,8.74016666666667,9.351575
"3975",2025-03-15 14:00:00,8.76308333333333,9.3478
"3976",2025-03-15 15:00:00,8.73266666666667,9.34589166666667
"3977",2025-03-15 16:00:00,8.71433333333333,9.34079166666667
"3978",2025-03-15 17:00:00,8.65383333333333,9.33621666666667
"3979",2025-03-15 18:00:00,8.55791666666667,9.3315
"3980",2025-03-15 19:00:00,8.524,9.33111666666667
"3981",2025-03-15 20:00:00,8.48316666666667,9.33004166666667
"3982",2025-03-15 21:00:00,8.46791666666667,9.33075833333333
"3983",2025-03-15 22:00:00,8.47141666666667,9.32941666666667
"3984",2025-03-15 23:00:00,8.46,9.32645
"3985",2025-03-16,8.42266666666667,9.32279166666667
"3986",2025-03-16 01:00:00,8.39941666666667,9.3194
"3987",2025-03-16 02:00:00,8.38741666666667,9.31635833333333
"3988",2025-03-16 03:00:00,8.36591666666667,9.31491666666667
"3989",2025-03-16 04:00:00,8.34641666666667,9.31179166666667
"3990",2025-03-16 05:00:00,8.338,9.30315
"3991",2025-03-16 06:00:00,8.32783333333333,9.297975
"3992",2025-03-16 07:00:00,8.36133333333333,9.28958333333333
"3993",2025-03-16 08:00:00,8.4245,9.29190833333333
"3994",2025-03-16 09:00:00,8.43166666666667,9.29816666666667
"3995",2025-03-16 10:00:00,8.46066666666667,9.30373333333333
"3996",2025-03-16 11:00:00,8.47866666666667,9.304425
"3997",2025-03-16 12:00:00,8.6365,9.29625
"3998",2025-03-16 13:00:00,8.80333333333333,9.28800833333333
"3999",2025-03-16 14:00:00,8.62658333333333,9.29138333333333
"4000",2025-03-16 15:00:00,8.58,9.301825
"4001",2025-03-16 16:00:00,8.56191666666667,9.31554166666667
"4002",2025-03-16 17:00:00,8.52633333333333,9.316025
"4003",2025-03-16 18:00:00,8.48608333333333,9.31395833333333
"4004",2025-03-16 19:00:00,8.464,9.31559166666667
"4005",2025-03-16 20:00:00,8.40616666666667,9.31963333333333
"4006",2025-03-16 21:00:00,8.37275,9.322275
"4007",2025-03-16 22:00:00,8.35558333333333,9.323575
"4008",2025-03-16 23:00:00,8.35958333333333,9.32491666666667
"4009",2025-03-17,8.37425,9.32515833333333
"4010",2025-03-17 01:00:00,8.37583333333333,9.32698333333333
"4011",2025-03-17 02:00:00,8.38475,9.3271
"4012",2025-03-17 03:00:00,8.37041666666667,9.328575
"4013",2025-03-17 04:00:00,8.387,9.32929166666667
"4014",2025-03-17 05:00:00,8.36808333333333,9.33033333333333
"4015",2025-03-17 06:00:00,8.38766666666667,9.33253333333333
"4016",2025-03-17 07:00:00,8.42516666666667,9.33409166666667
"4017",2025-03-17 08:00:00,8.54216666666667,9.34078333333333
"4018",2025-03-17 09:00:00,8.70883333333333,9.34725
"4019",2025-03-17 10:00:00,8.75775,9.35036666666667
"4020",2025-03-17 11:00:00,8.97083333333333,9.35515
"4021",2025-03-17 12:00:00,9.14858333333333,9.35881666666667
"4022",2025-03-17 13:00:00,9.03583333333333,9.358375
"4023",2025-03-17 14:00:00,8.83566666666667,9.3607
"4024",2025-03-17 15:00:00,8.80233333333333,9.366025
"4025",2025-03-17 16:00:00,8.73658333333333,9.370425
"4026",2025-03-17 17:00:00,8.54975,9.38003333333333
"4027",2025-03-17 18:00:00,8.38608333333333,9.39419166666667
"4028",2025-03-17 19:00:00,8.38308333333333,9.40283333333333
"4029",2025-03-17 20:00:00,8.36266666666667,9.41223333333333
"4030",2025-03-17 21:00:00,8.29391666666667,9.419175
"4031",2025-03-17 22:00:00,8.2705,9.42430833333333
"4032",2025-03-17 23:00:00,8.28016666666667,9.43043333333333
"4033",2025-03-18,8.24558333333333,9.43828333333333
"4034",2025-03-18 01:00:00,8.21258333333333,9.44554166666667
"4035",2025-03-18 02:00:00,8.21508333333333,9.44969166666667
"4036",2025-03-18 03:00:00,8.25108333333333,9.454825
"4037",2025-03-18 04:00:00,8.19283333333333,9.461125
"4038",2025-03-18 05:00:00,8.14633333333333,9.46248333333333
"4039",2025-03-18 06:00:00,8.15575,9.469575
"4040",2025-03-18 07:00:00,8.26141666666667,9.47483333333333
"4041",2025-03-18 08:00:00,8.42825,9.48075833333333
"4042",2025-03-18 09:00:00,8.662,9.48910833333333
"4043",2025-03-18 10:00:00,8.94433333333333,9.49356666666667
"4044",2025-03-18 11:00:00,8.95575,9.49589166666667
"4045",2025-03-18 12:00:00,9.0175,9.49780833333333
"4046",2025-03-18 13:00:00,9.05633333333333,9.49333333333333
"4047",2025-03-18 14:00:00,9.17325,9.487925
"4048",2025-03-18 15:00:00,8.99441666666667,9.48528333333333
"4049",2025-03-18 16:00:00,8.81791666666667,9.48401666666667
"4050",2025-03-18 17:00:00,8.61591666666667,9.48473333333333
"4051",2025-03-18 18:00:00,8.49816666666667,9.48329166666667
"4052",2025-03-18 19:00:00,8.38475,9.48538333333333
"4053",2025-03-18 20:00:00,8.34341666666667,9.48636666666667
"4054",2025-03-18 21:00:00,8.27625,9.48785833333333
"4055",2025-03-18 22:00:00,8.22583333333333,9.48516666666667
"4056",2025-03-18 23:00:00,8.21041666666667,9.484525
"4057",2025-03-19,8.19458333333333,9.48118333333333
"4058",2025-03-19 01:00:00,8.18816666666667,9.474275
"4059",2025-03-19 02:00:00,8.16316666666667,9.467125
"4060",2025-03-19 03:00:00,8.1435,9.460975
"4061",2025-03-19 04:00:00,8.1475,9.45295
"4062",2025-03-19 05:00:00,8.18316666666667,9.44989166666667
"4063",2025-03-19 06:00:00,8.209,9.44466666666667
"4064",2025-03-19 07:00:00,8.31783333333333,9.44166666666667
"4065",2025-03-19 08:00:00,8.46166666666667,9.43889166666667
"4066",2025-03-19 09:00:00,8.61733333333333,9.43623333333333
"4067",2025-03-19 10:00:00,8.73466666666667,9.4271
"4068",2025-03-19 11:00:00,8.78408333333333,9.415625
"4069",2025-03-19 12:00:00,8.76325,9.4119
"4070",2025-03-19 13:00:00,8.90225,9.41008333333333
"4071",2025-03-19 14:00:00,8.78575,9.40355
"4072",2025-03-19 15:00:00,8.53975,9.3953
"4073",2025-03-19 16:00:00,8.589,9.39388333333333
"4074",2025-03-19 17:00:00,8.43475,9.39501666666667
"4075",2025-03-19 18:00:00,8.41191666666667,9.400775
"4076",2025-03-19 19:00:00,8.44291666666667,9.408525
"4077",2025-03-19 20:00:00,8.43208333333333,9.41513333333333
"4078",2025-03-19 21:00:00,8.34616666666667,9.42115833333333
"4079",2025-03-19 22:00:00,8.326,9.42741666666667
"4080",2025-03-19 23:00:00,8.28341666666667,9.43221666666667
"4081",2025-03-20,8.20641666666667,9.437525
"4082",2025-03-20 01:00:00,8.16566666666667,9.43944166666667
"4083",2025-03-20 02:00:00,8.14083333333333,9.44288333333333
"4084",2025-03-20 03:00:00,8.17433333333333,9.44060833333333
"4085",2025-03-20 04:00:00,8.15758333333333,9.44079166666667
"4086",2025-03-20 05:00:00,8.11641666666667,9.44700833333333
"4087",2025-03-20 06:00:00,8.13025,9.45235
"4088",2025-03-20 07:00:00,8.21016666666667,9.452175
"4089",2025-03-20 08:00:00,8.43316666666667,9.45368333333333
"4090",2025-03-20 09:00:00,8.6855,9.45746666666667
"4091",2025-03-20 10:00:00,8.91108333333333,9.45739166666667
"4092",2025-03-20 11:00:00,8.9615,9.45545833333333
"4093",2025-03-20 12:00:00,8.91108333333333,9.45143333333333
"4094",2025-03-20 13:00:00,9.02758333333333,9.444175
"4095",2025-03-20 14:00:00,8.91875,9.441175
"4096",2025-03-20 15:00:00,8.81116666666667,9.43626666666667
"4097",2025-03-20 16:00:00,8.71258333333333,9.43425
"4098",2025-03-20 17:00:00,8.64125,9.4322
"4099",2025-03-20 18:00:00,8.5875,9.43339166666667
"4100",2025-03-20 19:00:00,8.54141666666667,9.43498333333333
"4101",2025-03-20 20:00:00,8.50075,9.44065833333333
"4102",2025-03-20 21:00:00,8.46616666666667,9.43976666666667
"4103",2025-03-20 22:00:00,8.38466666666667,9.43814166666667
"4104",2025-03-20 23:00:00,8.34733333333333,9.43838333333333
"4105",2025-03-21,8.38033333333333,9.4371
"4106",2025-03-21 01:00:00,8.407,9.4363
"4107",2025-03-21 02:00:00,8.40933333333333,9.431375
"4108",2025-03-21 03:00:00,8.40975,9.42768333333333
"4109",2025-03-21 04:00:00,8.42491666666667,9.42675
"4110",2025-03-21 05:00:00,8.42466666666667,9.42664166666667
"4111",2025-03-21 06:00:00,8.41033333333333,9.42723333333333
"4112",2025-03-21 07:00:00,8.405,9.42915833333333
"4113",2025-03-21 08:00:00,8.44425,9.43000833333333
"4114",2025-03-21 09:00:00,8.57291666666667,9.428275
"4115",2025-03-21 10:00:00,8.75291666666667,9.42404166666667
"4116",2025-03-21 11:00:00,8.87258333333333,9.420675
"4117",2025-03-21 12:00:00,8.91991666666667,9.41686666666667
"4118",2025-03-21 13:00:00,8.93241666666667,9.41141666666667
"4119",2025-03-21 14:00:00,9.0435,9.40624166666667
"4120",2025-03-21 15:00:00,8.99608333333333,9.40153333333333
"4121",2025-03-21 16:00:00,8.92308333333333,9.3985
"4122",2025-03-21 17:00:00,8.82683333333333,9.395375
"4123",2025-03-21 18:00:00,8.73558333333333,9.396025
"4124",2025-03-21 19:00:00,8.66391666666667,9.39856666666667
"4125",2025-03-21 20:00:00,8.61116666666667,9.4024
"4126",2025-03-21 21:00:00,8.59341666666667,9.40574166666667
"4127",2025-03-21 22:00:00,8.58308333333333,9.40659166666667
"4128",2025-03-21 23:00:00,8.57083333333333,9.40648333333333
"4129",2025-03-22,8.52883333333333,9.40591666666667
"4130",2025-03-22 01:00:00,8.51925,9.40445833333333
"4131",2025-03-22 02:00:00,8.53116666666667,9.40181666666667
"4132",2025-03-22 03:00:00,8.5045,9.40155
"4133",2025-03-22 04:00:00,8.50333333333333,9.40398333333333
"4134",2025-03-22 05:00:00,8.51025,9.40585
"4135",2025-03-22 06:00:00,8.50691666666667,9.40850833333333
"4136",2025-03-22 07:00:00,8.55708333333333,9.410975
"4137",2025-03-22 08:00:00,8.64991666666667,9.41594166666667
"4138",2025-03-22 09:00:00,8.75358333333333,9.42181666666667
"4139",2025-03-22 10:00:00,8.83141666666667,9.42403333333333
"4140",2025-03-22 11:00:00,8.91291666666667,9.42363333333333
"4141",2025-03-22 12:00:00,9.10166666666667,9.42160833333333
"4142",2025-03-22 13:00:00,9.33091666666667,9.42061666666667
"4143",2025-03-22 14:00:00,9.19183333333333,9.41970833333333
"4144",2025-03-22 15:00:00,9.13033333333333,9.41780833333333
"4145",2025-03-22 16:00:00,9.08741666666667,9.41764166666667
"4146",2025-03-22 17:00:00,8.94208333333333,9.41849166666667
"4147",2025-03-22 18:00:00,8.81708333333333,9.41951666666667
"4148",2025-03-22 19:00:00,8.73875,9.42425
"4149",2025-03-22 20:00:00,8.67008333333333,9.43218333333333
"4150",2025-03-22 21:00:00,8.66383333333333,9.43741666666667
"4151",2025-03-22 22:00:00,8.56108333333333,9.43851666666667
"4152",2025-03-22 23:00:00,8.54,9.44294166666667
"4153",2025-03-23,8.52958333333333,9.44513333333333
"4154",2025-03-23 01:00:00,8.48475,9.44989166666667
"4155",2025-03-23 02:00:00,8.51175,9.44916666666667
"4156",2025-03-23 03:00:00,8.45866666666667,9.447575
"4157",2025-03-23 04:00:00,8.40583333333333,9.44518333333333
"4158",2025-03-23 05:00:00,8.34091666666667,9.44768333333333
"4159",2025-03-23 06:00:00,8.3125,9.44869166666667
"4160",2025-03-23 07:00:00,8.39141666666667,9.45315833333333
"4161",2025-03-23 08:00:00,8.61858333333333,9.45935833333333
"4162",2025-03-23 09:00:00,8.92016666666667,9.4645
"4163",2025-03-23 10:00:00,9.22725,9.4693
"4164",2025-03-23 11:00:00,9.51825,9.472425
"4165",2025-03-23 12:00:00,9.69625,9.4726
"4166",2025-03-23 13:00:00,9.72891666666667,9.46721666666667
"4167",2025-03-23 14:00:00,9.63683333333333,9.46260833333333
"4168",2025-03-23 15:00:00,9.45316666666667,9.45795
"4169",2025-03-23 16:00:00,9.32483333333333,9.45503333333333
"4170",2025-03-23 17:00:00,9.14858333333333,9.45469166666667
"4171",2025-03-23 18:00:00,8.94891666666667,9.45360833333333
"4172",2025-03-23 19:00:00,8.80066666666667,9.45370833333333
"4173",2025-03-23 20:00:00,8.72208333333333,9.45595
"4174",2025-03-23 21:00:00,8.6615,9.45815
"4175",2025-03-23 22:00:00,8.611,9.46165833333333
"4176",2025-03-23 23:00:00,8.566,9.465025
"4177",2025-03-24,8.52991666666667,9.46698333333333
"4178",2025-03-24 01:00:00,8.50183333333333,9.46435833333333
"4179",2025-03-24 02:00:00,8.45741666666667,9.46130833333333
"4180",2025-03-24 03:00:00,8.42366666666667,9.46174166666667
"4181",2025-03-24 04:00:00,8.40016666666667,9.46365
"4182",2025-03-24 05:00:00,8.38475,9.46834166666667
"4183",2025-03-24 06:00:00,8.3595,9.473275
"4184",2025-03-24 07:00:00,8.43566666666667,9.47345833333333
"4185",2025-03-24 08:00:00,8.7045,9.47354166666667
"4186",2025-03-24 09:00:00,9.03775,9.47618333333333
"4187",2025-03-24 10:00:00,9.36741666666667,9.476725
"4188",2025-03-24 11:00:00,9.64225,9.47536666666667
"4189",2025-03-24 12:00:00,9.84433333333333,9.47463333333333
"4190",2025-03-24 13:00:00,9.86441666666667,9.46870833333333
"4191",2025-03-24 14:00:00,9.78033333333333,9.4628
"4192",2025-03-24 15:00:00,9.61008333333333,9.45546666666667
"4193",2025-03-24 16:00:00,9.37666666666667,9.448625
"4194",2025-03-24 17:00:00,9.14066666666667,9.44335
"4195",2025-03-24 18:00:00,8.96,9.439725
"4196",2025-03-24 19:00:00,8.84758333333333,9.439825
"4197",2025-03-24 20:00:00,8.77366666666667,9.44059166666667
"4198",2025-03-24 21:00:00,8.72508333333333,9.43919166666667
"4199",2025-03-24 22:00:00,8.68875,9.43849166666667
"4200",2025-03-24 23:00:00,8.63783333333333,9.436625
"4201",2025-03-25,8.60291666666667,9.43459166666667
"4202",2025-03-25 01:00:00,8.57258333333333,9.43298333333333
"4203",2025-03-25 02:00:00,8.54341666666667,9.429425
"4204",2025-03-25 03:00:00,8.51125,9.426625
"4205",2025-03-25 04:00:00,8.48425,9.42378333333333
"4206",2025-03-25 05:00:00,8.4595,9.42181666666667
"4207",2025-03-25 06:00:00,8.46166666666667,9.42214166666667
"4208",2025-03-25 07:00:00,8.56725,9.42336666666667
"4209",2025-03-25 08:00:00,8.83391666666667,9.42549166666667
"4210",2025-03-25 09:00:00,9.12466666666667,9.42846666666667
"4211",2025-03-25 10:00:00,9.43383333333333,9.42515
"4212",2025-03-25 11:00:00,9.70716666666667,9.4205
"4213",2025-03-25 12:00:00,9.77908333333333,9.411575
"4214",2025-03-25 13:00:00,9.75883333333333,9.39866666666667
"4215",2025-03-25 14:00:00,9.76916666666667,9.39144166666667
"4216",2025-03-25 15:00:00,9.64683333333333,9.385575
"4217",2025-03-25 16:00:00,9.38816666666667,9.37926666666667
"4218",2025-03-25 17:00:00,9.14558333333333,9.375375
"4219",2025-03-25 18:00:00,8.95791666666667,9.37599166666667
"4220",2025-03-25 19:00:00,8.83775,9.374725
"4221",2025-03-25 20:00:00,8.75833333333333,9.37576666666667
"4222",2025-03-25 21:00:00,8.73533333333333,9.3755
"4223",2025-03-25 22:00:00,8.72108333333333,9.373675
"4224",2025-03-25 23:00:00,8.66816666666667,9.3712
"4225",2025-03-26,8.61858333333333,9.36775
"4226",2025-03-26 01:00:00,8.59208333333333,9.36588333333333
"4227",2025-03-26 02:00:00,8.59458333333333,9.362675
"4228",2025-03-26 03:00:00,8.59191666666667,9.35903333333333
"4229",2025-03-26 04:00:00,8.57766666666667,9.35503333333333
"4230",2025-03-26 05:00:00,8.56583333333333,9.35128333333333
"4231",2025-03-26 06:00:00,8.5735,9.34855833333333
"4232",2025-03-26 07:00:00,8.68591666666667,9.34466666666667
"4233",2025-03-26 08:00:00,8.85566666666667,9.33946666666667
"4234",2025-03-26 09:00:00,9.0585,9.33929166666667
"4235",2025-03-26 10:00:00,9.62958333333333,9.33098333333333
"4236",2025-03-26 11:00:00,9.94966666666667,9.325525
"4237",2025-03-26 12:00:00,10.0259166666667,9.32216666666667
"4238",2025-03-26 13:00:00,9.6965,9.314
"4239",2025-03-26 14:00:00,9.84025,9.31188333333333
"4240",2025-03-26 15:00:00,9.8315,9.3115
"4241",2025-03-26 16:00:00,9.53325,9.304025
"4242",2025-03-26 17:00:00,9.21383333333333,9.29940833333333
"4243",2025-03-26 18:00:00,8.99041666666667,9.29733333333333
"4244",2025-03-26 19:00:00,8.88066666666667,9.30008333333333
"4245",2025-03-26 20:00:00,8.80508333333333,9.3053
"4246",2025-03-26 21:00:00,8.75408333333333,9.310125
"4247",2025-03-26 22:00:00,8.683,9.309075
"4248",2025-03-26 23:00:00,8.65333333333333,9.307925
"4249",2025-03-27,8.64133333333333,9.30586666666667
"4250",2025-03-27 01:00:00,8.60825,9.30333333333333
"4251",2025-03-27 02:00:00,8.56241666666667,9.300475
"4252",2025-03-27 03:00:00,8.55908333333333,9.30205833333333
"4253",2025-03-27 04:00:00,8.57891666666667,9.30298333333333
"4254",2025-03-27 05:00:00,8.55716666666667,9.29985833333333
"4255",2025-03-27 06:00:00,8.54658333333333,9.302625
"4256",2025-03-27 07:00:00,8.41966666666667,9.27725
"4257",2025-03-27 08:00:00,8.9405,0.096
"4258",2025-03-27 09:00:00,8.72,0.10475
"4259",2025-03-27 10:00:00,8.78375,0.102725
"4260",2025-03-27 11:00:00,9.0975,0.108025
"4261",2025-03-27 12:00:00,9.04925,0.106575
"4262",2025-03-27 13:00:00,8.9585,0.1053
"4263",2025-03-27 14:00:00,9.01,0.106925
"4264",2025-03-27 15:00:00,9.07725,0.109
"4265",2025-03-27 16:00:00,8.87625,0.104575
"4266",2025-03-27 17:00:00,8.745,0.104175
"4267",2025-03-27 18:00:00,8.6955,0.1042
"4268",2025-03-27 19:00:00,8.6265,0.10235
"4269",2025-03-27 20:00:00,8.563,0.103425
"4270",2025-03-27 21:00:00,8.55825,0.1023
"4271",2025-03-27 22:00:00,8.5465,0.10015
"4272",2025-03-27 23:00:00,8.5495,0.099475
"4273",2025-03-28,8.56125,0.09935
"4274",2025-03-28 01:00:00,8.55725,0.0993
"4275",2025-03-28 02:00:00,8.5515,0.099575
"4276",2025-03-28 03:00:00,8.55575,0.099875
"4277",2025-03-28 04:00:00,8.5665,0.09875
"4278",2025-03-28 05:00:00,8.57825,0.09805
"4279",2025-03-28 06:00:00,8.53225,0.09685
"4280",2025-03-28 07:00:00,8.49475,0.096075
"4281",2025-03-28 08:00:00,8.52975,0.09705
"4282",2025-03-28 09:00:00,8.6915,0.09905
"4283",2025-03-28 10:00:00,8.92775,0.102875
"4284",2025-03-28 11:00:00,8.8975,0.100025
"4285",2025-03-28 12:00:00,9.00525,0.1015
"4286",2025-03-28 13:00:00,9.23075,0.104475
"4287",2025-03-28 14:00:00,9.0915,0.1019
"4288",2025-03-28 15:00:00,9.15975,0.10565
"4289",2025-03-28 16:00:00,9.12,0.104125
"4290",2025-03-28 17:00:00,8.7985,0.10075
"4291",2025-03-28 18:00:00,8.69825,0.097075
"4292",2025-03-28 19:00:00,8.58925,0.095525
"4293",2025-03-28 20:00:00,8.50525,0.095625
"4294",2025-03-28 21:00:00,8.411,0.093325
"4295",2025-03-28 22:00:00,8.33125,0.0945
"4296",2025-03-28 23:00:00,8.265,0.092725
"4297",2025-03-29,8.2275,0.09175
"4298",2025-03-29 01:00:00,8.2155,0.090725
"4299",2025-03-29 02:00:00,8.1635,0.090025
"4300",2025-03-29 03:00:00,8.14575,0.089675
"4301",2025-03-29 04:00:00,8.201,0.093175
"4302",2025-03-29 05:00:00,8.25325,0.09395
"4303",2025-03-29 06:00:00,8.28575,0.09355
"4304",2025-03-29 07:00:00,8.22525,0.092575
"4305",2025-03-29 08:00:00,8.22775,0.0909
"4306",2025-03-29 09:00:00,8.45225,0.094475
"4307",2025-03-29 10:00:00,8.7555,0.098775
"4308",2025-03-29 11:00:00,9.0715,0.100575
"4309",2025-03-29 12:00:00,9.3225,0.102425
"4310",2025-03-29 13:00:00,9.5245,0.1057
"4311",2025-03-29 14:00:00,9.568,0.102625
"4312",2025-03-29 15:00:00,9.39475,0.104125
"4313",2025-03-29 16:00:00,9.17875,0.102725
"4314",2025-03-29 17:00:00,8.9715,0.1022
"4315",2025-03-29 18:00:00,8.81025,0.1028
"4316",2025-03-29 19:00:00,8.67525,0.101725
"4317",2025-03-29 20:00:00,8.5925,0.102375
"4318",2025-03-29 21:00:00,8.53975,0.101825
"4319",2025-03-29 22:00:00,8.50725,0.101775
"4320",2025-03-29 23:00:00,8.49625,0.102775
"4321",2025-03-30,8.47425,0.102525
"4322",2025-03-30 01:00:00,8.41725,0.102975
"4323",2025-03-30 02:00:00,8.40225,0.1018
"4324",2025-03-30 03:00:00,8.433,0.102625
"4325",2025-03-30 04:00:00,8.455,0.1051
"4326",2025-03-30 05:00:00,8.4805,0.104425
"4327",2025-03-30 06:00:00,8.49375,0.10055
"4328",2025-03-30 07:00:00,8.46475,0.099975
"4329",2025-03-30 08:00:00,8.49825,0.098925
"4330",2025-03-30 09:00:00,8.56625,0.099475
"4331",2025-03-30 10:00:00,8.71225,0.094825
"4332",2025-03-30 11:00:00,9.0055,0.09605
"4333",2025-03-30 12:00:00,9.322,0.097275
"4334",2025-03-30 13:00:00,9.51,0.095825
"4335",2025-03-30 14:00:00,9.532,0.09635
"4336",2025-03-30 15:00:00,9.369,0.097775
"4337",2025-03-30 16:00:00,8.972,0.097675
"4338",2025-03-30 17:00:00,8.8025,0.095375
"4339",2025-03-30 18:00:00,8.719,0.094225
"4340",2025-03-30 19:00:00,8.58725,0.096175
"4341",2025-03-30 20:00:00,8.50675,0.095575
"4342",2025-03-30 21:00:00,8.51575,0.095225
"4343",2025-03-30 22:00:00,8.47325,0.0952
"4344",2025-03-30 23:00:00,8.46325,0.094425
"4345",2025-03-31,8.4495,0.093725
"4346",2025-03-31 01:00:00,8.439,0.096525
"4347",2025-03-31 02:00:00,8.42875,0.094375
"4348",2025-03-31 03:00:00,8.36225,0.094625
"4349",2025-03-31 04:00:00,8.287,0.091975
"4350",2025-03-31 05:00:00,8.2875,0.09125
"4351",2025-03-31 06:00:00,8.2365,0.090875
"4352",2025-03-31 07:00:00,8.20875,0.089625
"4353",2025-03-31 08:00:00,8.32125,0.09025
"4354",2025-03-31 09:00:00,8.50675,0.091
"4355",2025-03-31 10:00:00,8.758,0.093775
"4356",2025-03-31 11:00:00,8.86475,0.0963
"4357",2025-03-31 12:00:00,8.5125,0.0937
"4358",2025-03-31 13:00:00,8.38925,0.0947
"4359",2025-03-31 14:00:00,8.945,0.100775
"4360",2025-03-31 15:00:00,8.7805,0.0993
"4361",2025-03-31 16:00:00,8.81225,0.102875
"4362",2025-03-31 17:00:00,8.78475,0.1021
"4363",2025-03-31 18:00:00,8.56125,0.099075
"4364",2025-03-31 19:00:00,8.3915,0.09765
"4365",2025-03-31 20:00:00,8.308,0.098175
"4366",2025-03-31 21:00:00,8.2565,0.097075
"4367",2025-03-31 22:00:00,8.281,0.0976
"4368",2025-03-31 23:00:00,8.28825,0.098725
"4369",2025-04-01,8.32125,0.098325
"4370",2025-04-01 01:00:00,8.34375,0.097825
"4371",2025-04-01 02:00:00,8.34825,0.09955
"4372",2025-04-01 03:00:00,8.16125,0.09655
"4373",2025-04-01 04:00:00,8.02825,0.096775
"4374",2025-04-01 05:00:00,8.2065,0.100025
"4375",2025-04-01 06:00:00,8.1685,0.097275
"4376",2025-04-01 07:00:00,8.26025,0.099575
"4377",2025-04-01 08:00:00,8.30925,0.0993
"4378",2025-04-01 09:00:00,8.28825,0.0993
"4379",2025-04-01 10:00:00,8.3545,0.099025
"4380",2025-04-01 11:00:00,8.6765,0.1015
"4381",2025-04-01 12:00:00,9.004,0.103175
"4382",2025-04-01 13:00:00,8.91675,0.101075
"4383",2025-04-01 14:00:00,9.05175,0.102575
"4384",2025-04-01 15:00:00,8.66525,0.09895
"4385",2025-04-01 16:00:00,8.5125,0.09875
"4386",2025-04-01 17:00:00,8.658,0.10005
"4387",2025-04-01 18:00:00,8.592,0.099225
"4388",2025-04-01 19:00:00,8.371,0.0938
"4389",2025-04-01 20:00:00,8.35825,0.0941
"4390",2025-04-01 21:00:00,8.33875,0.092675
"4391",2025-04-01 22:00:00,8.34625,0.0935
"4392",2025-04-01 23:00:00,8.3635,0.09275
"4393",2025-04-02,8.33975,0.09065
"4394",2025-04-02 01:00:00,8.30325,0.0887
"4395",2025-04-02 02:00:00,8.264,0.08855
"4396",2025-04-02 03:00:00,8.2625,0.0888
"4397",2025-04-02 04:00:00,8.211,0.087725
"4398",2025-04-02 05:00:00,8.16425,0.08715
"4399",2025-04-02 06:00:00,8.17925,0.087525
"4400",2025-04-02 07:00:00,8.15425,0.0886
"4401",2025-04-02 08:00:00,8.28125,0.0906
"4402",2025-04-02 09:00:00,8.44225,0.09275
"4403",2025-04-02 10:00:00,8.66425,0.09615
"4404",2025-04-02 11:00:00,8.81725,0.097325
"4405",2025-04-02 12:00:00,8.79475,0.097025
"4406",2025-04-02 13:00:00,9.026,0.100275
"4407",2025-04-02 14:00:00,8.99525,0.098425
"4408",2025-04-02 15:00:00,9.0085,0.099775
"4409",2025-04-02 16:00:00,8.79425,0.097875
"4410",2025-04-02 17:00:00,8.79625,0.102075
"4411",2025-04-02 18:00:00,8.70775,0.10065
"4412",2025-04-02 19:00:00,8.4915,0.097
"4413",2025-04-02 20:00:00,8.3495,0.09345
"4414",2025-04-02 21:00:00,8.3115,0.0909
"4415",2025-04-02 22:00:00,8.25725,0.0865
"4416",2025-04-02 23:00:00,8.15025,0.08575
"4417",2025-04-03,8.07775,0.08475
"4418",2025-04-03 01:00:00,8.05625,0.08415
"4419",2025-04-03 02:00:00,8.034,0.08365
"4420",2025-04-03 03:00:00,8.0215,0.08425
"4421",2025-04-03 04:00:00,7.99075,0.084225
"4422",2025-04-03 05:00:00,7.95225,0.083175
"4423",2025-04-03 06:00:00,7.92625,0.082975
"4424",2025-04-03 07:00:00,7.94175,0.08345
"4425",2025-04-03 08:00:00,8.0515,0.0856
"4426",2025-04-03 09:00:00,8.3255,0.0902
"4427",2025-04-03 10:00:00,8.68025,0.09305
"4428",2025-04-03 11:00:00,9.06175,0.09815
"4429",2025-04-03 12:00:00,9.369,0.099425
"4430",2025-04-03 13:00:00,9.579,0.10105
"4431",2025-04-03 14:00:00,9.61425,0.100675
"4432",2025-04-03 15:00:00,9.50525,0.099625
"4433",2025-04-03 16:00:00,9.3555,0.099025
"4434",2025-04-03 17:00:00,9.0695,0.098725
"4435",2025-04-03 18:00:00,8.823,0.097575
"4436",2025-04-03 19:00:00,8.597,0.0944
"4437",2025-04-03 20:00:00,8.45675,0.08975
"4438",2025-04-03 21:00:00,8.38025,0.0886
"4439",2025-04-03 22:00:00,8.32075,0.088275
"4440",2025-04-03 23:00:00,8.23975,0.086375
"4441",2025-04-04,8.183,0.0862
"4442",2025-04-04 01:00:00,8.12025,0.0837
"4443",2025-04-04 02:00:00,8.084,0.082075
"4444",2025-04-04 03:00:00,8.06925,0.082075
"4445",2025-04-04 04:00:00,8.04625,0.083175
"4446",2025-04-04 05:00:00,8.01025,0.081975
"4447",2025-04-04 06:00:00,7.9865,0.082425
"4448",2025-04-04 07:00:00,7.987,0.07975
"4449",2025-04-04 08:00:00,8.138,0.08395
"4450",2025-04-04 09:00:00,8.418,0.086275
"4451",2025-04-04 10:00:00,8.774,0.0934
"4452",2025-04-04 11:00:00,9.16675,0.1008
"4453",2025-04-04 12:00:00,9.48375,0.09965
"4454",2025-04-04 13:00:00,9.70675,0.102275
"4455",2025-04-04 14:00:00,9.71,0.1016
"4456",2025-04-04 15:00:00,9.6075,0.0989
"4457",2025-04-04 16:00:00,9.45575,0.099075
"4458",2025-04-04 17:00:00,9.23,0.0999
"4459",2025-04-04 18:00:00,8.9755,0.096875
"4460",2025-04-04 19:00:00,8.745,0.09415
"4461",2025-04-04 20:00:00,8.57825,0.09465
"4462",2025-04-04 21:00:00,8.49225,0.089675
"4463",2025-04-04 22:00:00,8.4655,0.08715
"4464",2025-04-04 23:00:00,8.45675,0.085575
"4465",2025-04-05,8.42,0.08415
"4466",2025-04-05 01:00:00,8.332,0.08315
"4467",2025-04-05 02:00:00,8.25575,0.082525
"4468",2025-04-05 03:00:00,8.20975,0.081275
"4469",2025-04-05 04:00:00,8.22925,0.08125
"4470",2025-04-05 05:00:00,8.218,0.07955
"4471",2025-04-05 06:00:00,8.206,0.081575
"4472",2025-04-05 07:00:00,8.22775,0.078725
"4473",2025-04-05 08:00:00,8.39525,0.08355
"4474",2025-04-05 09:00:00,8.69425,0.089525
"4475",2025-04-05 10:00:00,8.932,0.092525
"4476",2025-04-05 11:00:00,9.24725,0.098175
"4477",2025-04-05 12:00:00,9.5655,0.10115
"4478",2025-04-05 13:00:00,9.8565,0.10065
"4479",2025-04-05 14:00:00,9.9115,0.101125
"4480",2025-04-05 15:00:00,9.81,0.101675
"4481",2025-04-05 16:00:00,9.642,0.10005
"4482",2025-04-05 17:00:00,9.33975,0.099225
"4483",2025-04-05 18:00:00,9.05975,0.096875
"4484",2025-04-05 19:00:00,8.90975,0.096625
"4485",2025-04-05 20:00:00,8.74425,0.094925
"4486",2025-04-05 21:00:00,8.6315,0.093475
"4487",2025-04-05 22:00:00,8.547,0.091775
"4488",2025-04-05 23:00:00,8.4995,0.092375
"4489",2025-04-06,8.4705,0.093575
"4490",2025-04-06 01:00:00,8.42575,0.08985
"4491",2025-04-06 02:00:00,8.37975,0.090375
"4492",2025-04-06 03:00:00,8.36,0.09265
"4493",2025-04-06 04:00:00,8.349,0.091875
"4494",2025-04-06 05:00:00,8.3305,0.0925
"4495",2025-04-06 06:00:00,8.30625,0.093825
"4496",2025-04-06 07:00:00,8.33125,0.094225
"4497",2025-04-06 08:00:00,8.5285,0.09915
"4498",2025-04-06 09:00:00,8.81125,0.10055
"4499",2025-04-06 10:00:00,9.10375,0.098175
"4500",2025-04-06 11:00:00,9.32475,0.100375
"4501",2025-04-06 12:00:00,9.33125,0.102725
"4502",2025-04-06 13:00:00,9.26825,0.104425
"4503",2025-04-06 14:00:00,9.19425,0.10415
"4504",2025-04-06 15:00:00,9.19925,0.1037
"4505",2025-04-06 16:00:00,9.1485,0.105775
"4506",2025-04-06 17:00:00,9.038,0.10385
"4507",2025-04-06 18:00:00,8.97,0.105175
"4508",2025-04-06 19:00:00,8.894,0.104325
"4509",2025-04-06 20:00:00,8.787,0.10035
"4510",2025-04-06 21:00:00,8.766,0.101675
"4511",2025-04-06 22:00:00,8.78575,0.104075
"4512",2025-04-06 23:00:00,8.76,0.100575
"4513",2025-04-07,8.71775,0.100725
"4514",2025-04-07 01:00:00,8.6835,0.101475
"4515",2025-04-07 02:00:00,8.6795,0.103775
"4516",2025-04-07 03:00:00,8.67725,0.104825
"4517",2025-04-07 04:00:00,8.6925,0.10285
"4518",2025-04-07 05:00:00,8.64975,0.10215
"4519",2025-04-07 06:00:00,8.5885,0.100475
"4520",2025-04-07 07:00:00,8.6045,0.0986
"4521",2025-04-07 08:00:00,8.689,0.098625
"4522",2025-04-07 09:00:00,8.91175,0.101625
"4523",2025-04-07 10:00:00,9.14575,0.1033
"4524",2025-04-07 11:00:00,9.269,0.104325
"4525",2025-04-07 12:00:00,9.45725,0.106325
"4526",2025-04-07 13:00:00,9.67825,0.100125
"4527",2025-04-07 14:00:00,9.5205,0.099475
"4528",2025-04-07 15:00:00,9.25275,0.097225
"4529",2025-04-07 16:00:00,9.0855,0.0973
"4530",2025-04-07 17:00:00,9.0355,0.098925
"4531",2025-04-07 18:00:00,8.93425,0.097275
"4532",2025-04-07 19:00:00,8.81875,0.096175
"4533",2025-04-07 20:00:00,8.7055,0.09665
"4534",2025-04-07 21:00:00,8.654,0.0937
"4535",2025-04-07 22:00:00,8.55725,0.091775
"4536",2025-04-07 23:00:00,8.46025,0.089225
"4537",2025-04-08,8.42425,0.086725
"4538",2025-04-08 01:00:00,8.41975,0.085475
"4539",2025-04-08 02:00:00,8.4255,0.085525
"4540",2025-04-08 03:00:00,8.40175,0.08725
"4541",2025-04-08 04:00:00,8.35375,0.0865
"4542",2025-04-08 05:00:00,8.3275,0.08445
"4543",2025-04-08 06:00:00,8.25575,0.081475
"4544",2025-04-08 07:00:00,8.28975,0.081275
"4545",2025-04-08 08:00:00,8.4465,0.0833
"4546",2025-04-08 09:00:00,8.661,0.087575
"4547",2025-04-08 10:00:00,8.94475,0.090825
"4548",2025-04-08 11:00:00,9.315,0.098
"4549",2025-04-08 12:00:00,9.57825,0.10295
"4550",2025-04-08 13:00:00,9.6205,0.104325
"4551",2025-04-08 14:00:00,9.859,0.107975
"4552",2025-04-08 15:00:00,9.8025,0.104025
"4553",2025-04-08 16:00:00,9.45375,0.101125
"4554",2025-04-08 17:00:00,9.2745,0.098425
"4555",2025-04-08 18:00:00,9.0955,0.0949
"4556",2025-04-08 19:00:00,8.87775,0.0901
"4557",2025-04-08 20:00:00,8.735,0.08535
"4558",2025-04-08 21:00:00,8.63525,0.083125
"4559",2025-04-08 22:00:00,8.532,0.082225
"4560",2025-04-08 23:00:00,8.45575,0.082625
"4561",2025-04-09,8.39225,0.08215
"4562",2025-04-09 01:00:00,8.35175,0.082775
"4563",2025-04-09 02:00:00,8.316,0.082725
"4564",2025-04-09 03:00:00,8.29125,0.083725
"4565",2025-04-09 04:00:00,8.26425,0.0838
"4566",2025-04-09 05:00:00,8.2415,0.0832
"4567",2025-04-09 06:00:00,8.2185,0.083375
"4568",2025-04-09 07:00:00,8.2225,0.0839
"4569",2025-04-09 08:00:00,8.4155,0.087025
"4570",2025-04-09 09:00:00,8.68625,0.0859
"4571",2025-04-09 10:00:00,9.038,0.085575
"4572",2025-04-09 11:00:00,9.43,0.08915
"4573",2025-04-09 12:00:00,9.70125,0.094875
"4574",2025-04-09 13:00:00,9.85125,0.099775
"4575",2025-04-09 14:00:00,9.9005,0.100675
"4576",2025-04-09 15:00:00,9.83425,0.101125
"4577",2025-04-09 16:00:00,9.7125,0.10135
"4578",2025-04-09 17:00:00,9.49275,0.098175
"4579",2025-04-09 18:00:00,9.1835,0.094025
"4580",2025-04-09 19:00:00,8.94825,0.090325
"4581",2025-04-09 20:00:00,8.80725,0.089575
"4582",2025-04-09 21:00:00,8.71475,0.0898
"4583",2025-04-09 22:00:00,8.658,0.088425
"4584",2025-04-09 23:00:00,8.62075,0.088625
"4585",2025-04-10,8.5605,0.088
"4586",2025-04-10 01:00:00,8.5065,0.08835
"4587",2025-04-10 02:00:00,8.46875,0.08705
"4588",2025-04-10 03:00:00,8.45825,0.08965
"4589",2025-04-10 04:00:00,8.41025,0.0878
"4590",2025-04-10 05:00:00,8.3585,0.0875
"4591",2025-04-10 06:00:00,8.3415,0.087275
"4592",2025-04-10 07:00:00,8.34225,0.08535
"4593",2025-04-10 08:00:00,8.52625,0.0888
"4594",2025-04-10 09:00:00,8.85825,0.091125
"4595",2025-04-10 10:00:00,9.25,0.0976
"4596",2025-04-10 11:00:00,9.70875,0.105675
"4597",2025-04-10 12:00:00,10.07075,0.10645
"4598",2025-04-10 13:00:00,10.30125,0.1089
"4599",2025-04-10 14:00:00,10.32275,0.107775
"4600",2025-04-10 15:00:00,10.1335,0.106475
"4601",2025-04-10 16:00:00,9.91725,0.1065
"4602",2025-04-10 17:00:00,9.452,0.1005
"4603",2025-04-10 18:00:00,9.301,0.0996
"4604",2025-04-10 19:00:00,9.07925,0.0969
"4605",2025-04-10 20:00:00,8.89625,0.09415
"4606",2025-04-10 21:00:00,8.816,0.08975
"4607",2025-04-10 22:00:00,8.77575,0.0868
"4608",2025-04-10 23:00:00,8.747,0.0847
"4609",2025-04-11,8.69225,0.084525
"4610",2025-04-11 01:00:00,8.6285,0.0829
"4611",2025-04-11 02:00:00,8.6195,0.083525
"4612",2025-04-11 03:00:00,8.589,0.0844
"4613",2025-04-11 04:00:00,8.55925,0.0815
"4614",2025-04-11 05:00:00,8.51175,0.082175
"4615",2025-04-11 06:00:00,8.48825,0.082175
"4616",2025-04-11 07:00:00,8.4985,0.0827
"4617",2025-04-11 08:00:00,8.685,0.08485
"4618",2025-04-11 09:00:00,8.9615,0.089775
"4619",2025-04-11 10:00:00,9.17725,0.095
"4620",2025-04-11 11:00:00,9.4425,0.1001
"4621",2025-04-11 12:00:00,9.61125,0.103525
"4622",2025-04-11 13:00:00,9.8295,0.105775
"4623",2025-04-11 14:00:00,9.94425,0.1026
"4624",2025-04-11 15:00:00,9.84125,0.09785
"4625",2025-04-11 16:00:00,9.339,0.0943
"4626",2025-04-11 17:00:00,9.32825,0.098575
"4627",2025-04-11 18:00:00,9.17125,0.095275
"4628",2025-04-11 19:00:00,8.954,0.091525
"4629",2025-04-11 20:00:00,8.82625,0.086425
"4630",2025-04-11 21:00:00,8.69425,0.083175
"4631",2025-04-11 22:00:00,8.615,0.082025
"4632",2025-04-11 23:00:00,8.543,0.0817
"4633",2025-04-12,8.443,0.086825
"4634",2025-04-12 01:00:00,8.36825,0.087075
"4635",2025-04-12 02:00:00,8.29525,0.085425
"4636",2025-04-12 03:00:00,8.26575,0.08555
"4637",2025-04-12 04:00:00,8.2295,0.085025
"4638",2025-04-12 05:00:00,8.21275,0.0847
"4639",2025-04-12 06:00:00,8.2085,0.083875
"4640",2025-04-12 07:00:00,8.2065,0.084
"4641",2025-04-12 08:00:00,8.39,0.0869
"4642",2025-04-12 09:00:00,8.67025,0.09205
"4643",2025-04-12 10:00:00,8.968,0.09435
"4644",2025-04-12 11:00:00,9.236,0.1006
"4645",2025-04-12 12:00:00,9.542,0.103125
"4646",2025-04-12 13:00:00,9.84375,0.106975
"4647",2025-04-12 14:00:00,9.88075,0.106625
"4648",2025-04-12 15:00:00,9.7255,0.1048
"4649",2025-04-12 16:00:00,9.578,0.1067
"4650",2025-04-12 17:00:00,9.31,0.1026
"4651",2025-04-12 18:00:00,9.00975,0.10025
"4652",2025-04-12 19:00:00,8.771,0.097575
"4653",2025-04-12 20:00:00,8.61575,0.09415
"4654",2025-04-12 21:00:00,8.55325,0.089925
"4655",2025-04-12 22:00:00,8.51625,0.08665
"4656",2025-04-12 23:00:00,8.47725,0.08595
"4657",2025-04-13,8.3865,0.082375
"4658",2025-04-13 01:00:00,8.2795,0.0793
"4659",2025-04-13 02:00:00,8.26575,0.080625
"4660",2025-04-13 03:00:00,8.2495,0.078925
"4661",2025-04-13 04:00:00,8.1645,0.077225
"4662",2025-04-13 05:00:00,8.102,0.077025
"4663",2025-04-13 06:00:00,8.05325,0.077675
"4664",2025-04-13 07:00:00,8.05775,0.077375
"4665",2025-04-13 08:00:00,8.2915,0.0799
"4666",2025-04-13 09:00:00,8.625,0.081675
"4667",2025-04-13 10:00:00,8.99125,0.08415
"4668",2025-04-13 11:00:00,9.3805,0.092725
"4669",2025-04-13 12:00:00,9.68375,0.099175
"4670",2025-04-13 13:00:00,9.941,0.10545
"4671",2025-04-13 14:00:00,9.98125,0.1037
"4672",2025-04-13 15:00:00,9.81,0.10265
"4673",2025-04-13 16:00:00,9.654,0.1032
"4674",2025-04-13 17:00:00,9.419,0.099925
"4675",2025-04-13 18:00:00,9.1385,0.098
"4676",2025-04-13 19:00:00,8.9015,0.096
"4677",2025-04-13 20:00:00,8.72825,0.094025
"4678",2025-04-13 21:00:00,8.61,0.0904
"4679",2025-04-13 22:00:00,8.53975,0.087525
"4680",2025-04-13 23:00:00,8.481,0.087325
"4681",2025-04-14,8.40475,0.08565
"4682",2025-04-14 01:00:00,8.3525,0.08405
"4683",2025-04-14 02:00:00,8.30575,0.08385
"4684",2025-04-14 03:00:00,8.26675,0.0839
"4685",2025-04-14 04:00:00,8.22775,0.082725
"4686",2025-04-14 05:00:00,8.1955,0.0824
"4687",2025-04-14 06:00:00,8.1435,0.08125
"4688",2025-04-14 07:00:00,8.146,0.081675
"4689",2025-04-14 08:00:00,8.414,0.0858
"4690",2025-04-14 09:00:00,8.76725,0.091525
"4691",2025-04-14 10:00:00,9.12175,0.094525
"4692",2025-04-14 11:00:00,9.5215,0.1021
"4693",2025-04-14 12:00:00,9.82,0.103475
"4694",2025-04-14 13:00:00,10.07125,0.101825
"4695",2025-04-14 14:00:00,10.112,0.0971
"4696",2025-04-14 15:00:00,9.9895,0.09675
"4697",2025-04-14 16:00:00,9.82175,0.0966
"4698",2025-04-14 17:00:00,9.54225,0.094425
"4699",2025-04-14 18:00:00,9.23425,0.092775
"4700",2025-04-14 19:00:00,8.99275,0.089675
"4701",2025-04-14 20:00:00,8.822,0.087275
"4702",2025-04-14 21:00:00,8.70375,0.0848
"4703",2025-04-14 22:00:00,8.6205,0.0825
"4704",2025-04-14 23:00:00,8.5585,0.081575
"4705",2025-04-15,8.50925,0.081
"4706",2025-04-15 01:00:00,8.43825,0.079675
"4707",2025-04-15 02:00:00,8.3835,0.084475
"4708",2025-04-15 03:00:00,8.3595,0.08685
"4709",2025-04-15 04:00:00,8.32125,0.0842
"4710",2025-04-15 05:00:00,8.28825,0.082875
"4711",2025-04-15 06:00:00,8.2405,0.082175
"4712",2025-04-15 07:00:00,8.2755,0.082225
"4713",2025-04-15 08:00:00,8.5535,0.0858
"4714",2025-04-15 09:00:00,8.85725,0.0896
"4715",2025-04-15 10:00:00,9.22975,0.093325
"4716",2025-04-15 11:00:00,9.6155,0.100125
"4717",2025-04-15 12:00:00,9.89225,0.104025
"4718",2025-04-15 13:00:00,10.09925,0.10605
"4719",2025-04-15 14:00:00,10.169,0.099625
"4720",2025-04-15 15:00:00,9.9795,0.0949
"4721",2025-04-15 16:00:00,9.84575,0.0975
"4722",2025-04-15 17:00:00,9.566,0.0948
"4723",2025-04-15 18:00:00,9.4095,0.09515
"4724",2025-04-15 19:00:00,9.14175,0.092375
"4725",2025-04-15 20:00:00,8.921,0.088525
"4726",2025-04-15 21:00:00,8.82125,0.08395
"4727",2025-04-15 22:00:00,8.754,0.0836
"4728",2025-04-15 23:00:00,8.67575,0.08355
"4729",2025-04-16,8.60275,0.085
"4730",2025-04-16 01:00:00,8.5425,0.085625
"4731",2025-04-16 02:00:00,8.4985,0.085775
"4732",2025-04-16 03:00:00,8.459,0.086425
"4733",2025-04-16 04:00:00,8.4305,0.086225
"4734",2025-04-16 05:00:00,8.402,0.086325
"4735",2025-04-16 06:00:00,8.33825,0.08475
"4736",2025-04-16 07:00:00,8.37325,0.08565
"4737",2025-04-16 08:00:00,8.593,0.088275
"4738",2025-04-16 09:00:00,8.89275,0.091925
"4739",2025-04-16 10:00:00,9.20175,0.096225
"4740",2025-04-16 11:00:00,9.571,0.102975
"4741",2025-04-16 12:00:00,9.864,0.10545
"4742",2025-04-16 13:00:00,10.1005,0.105175
"4743",2025-04-16 14:00:00,10.14875,0.101575
"4744",2025-04-16 15:00:00,10,0.100325
"4745",2025-04-16 16:00:00,9.8315,0.10135
"4746",2025-04-16 17:00:00,9.52675,0.097075
"4747",2025-04-16 18:00:00,9.2385,0.09665
"4748",2025-04-16 19:00:00,8.974,0.095775
"4749",2025-04-16 20:00:00,8.78975,0.095575
"4750",2025-04-16 21:00:00,8.70475,0.091725
"4751",2025-04-16 22:00:00,8.62025,0.086975
"4752",2025-04-16 23:00:00,8.5555,0.08485
"4753",2025-04-17,8.45625,0.08135
"4754",2025-04-17 01:00:00,8.3515,0.0794
"4755",2025-04-17 02:00:00,8.2705,0.08045
"4756",2025-04-17 03:00:00,8.2405,0.081675
"4757",2025-04-17 04:00:00,8.219,0.0806
"4758",2025-04-17 05:00:00,8.2415,0.081675
"4759",2025-04-17 06:00:00,8.298,0.082925
"4760",2025-04-17 07:00:00,8.37475,0.0837
"4761",2025-04-17 08:00:00,8.50125,0.0835
"4762",2025-04-17 09:00:00,8.7625,0.0864
"4763",2025-04-17 10:00:00,9.085,0.088975
"4764",2025-04-17 11:00:00,9.43125,0.09625
"4765",2025-04-17 12:00:00,9.68975,0.100925
"4766",2025-04-17 13:00:00,9.89675,0.103225
"4767",2025-04-17 14:00:00,9.93525,0.103425
"4768",2025-04-17 15:00:00,9.78975,0.102125
"4769",2025-04-17 16:00:00,9.6355,0.104075
"4770",2025-04-17 17:00:00,9.36675,0.09765
"4771",2025-04-17 18:00:00,9.0965,0.0959
"4772",2025-04-17 19:00:00,8.888,0.094375
"4773",2025-04-17 20:00:00,8.7095,0.09155
"4774",2025-04-17 21:00:00,8.62225,0.08695
"4775",2025-04-17 22:00:00,8.58225,0.08415
"4776",2025-04-17 23:00:00,8.562,0.08315
"4777",2025-04-18,8.5575,0.083
"4778",2025-04-18 01:00:00,8.461,0.081425
"4779",2025-04-18 02:00:00,8.4105,0.08255
"4780",2025-04-18 03:00:00,8.43225,0.087425
"4781",2025-04-18 04:00:00,8.39525,0.0858
"4782",2025-04-18 05:00:00,8.3635,0.085525
"4783",2025-04-18 06:00:00,8.38725,0.083075
"4784",2025-04-18 07:00:00,8.4,0.08325
"4785",2025-04-18 08:00:00,8.509,0.08315
"4786",2025-04-18 09:00:00,8.73325,0.082175
"4787",2025-04-18 10:00:00,9.07875,0.084475
"4788",2025-04-18 11:00:00,9.45075,0.08885
"4789",2025-04-18 12:00:00,9.728,0.09735
"4790",2025-04-18 13:00:00,9.935,0.101175
"4791",2025-04-18 14:00:00,9.947,0.100825
"4792",2025-04-18 15:00:00,9.80175,0.099025
"4793",2025-04-18 16:00:00,9.634,0.09925
"4794",2025-04-18 17:00:00,9.38425,0.0926
"4795",2025-04-18 18:00:00,9.11525,0.089525
"4796",2025-04-18 19:00:00,8.90775,0.087325
"4797",2025-04-18 20:00:00,8.746,0.085125
"4798",2025-04-18 21:00:00,8.6655,0.084575
"4799",2025-04-18 22:00:00,8.59875,0.083675
"4800",2025-04-18 23:00:00,8.5395,0.0839
"4801",2025-04-19,8.432,0.088925
"4802",2025-04-19 01:00:00,8.38475,0.0883
"4803",2025-04-19 02:00:00,8.3305,0.087225
"4804",2025-04-19 03:00:00,8.261,0.0862
"4805",2025-04-19 04:00:00,8.23475,0.086125
"4806",2025-04-19 05:00:00,8.22675,0.086675
"4807",2025-04-19 06:00:00,8.18275,0.08585
"4808",2025-04-19 07:00:00,8.1975,0.0857
"4809",2025-04-19 08:00:00,8.448,0.0889
"4810",2025-04-19 09:00:00,8.78375,0.091525
"4811",2025-04-19 10:00:00,9.04325,0.094225
"4812",2025-04-19 11:00:00,9.3135,0.0966
"4813",2025-04-19 12:00:00,9.37575,0.098425
"4814",2025-04-19 13:00:00,9.9575,0.1028
"4815",2025-04-19 14:00:00,10.09475,0.102325
"4816",2025-04-19 15:00:00,9.96025,0.100375
"4817",2025-04-19 16:00:00,9.8095,0.1028
"4818",2025-04-19 17:00:00,9.56775,0.0971
"4819",2025-04-19 18:00:00,9.321,0.09655
"4820",2025-04-19 19:00:00,9.09175,0.095025
"4821",2025-04-19 20:00:00,8.89925,0.091425
"4822",2025-04-19 21:00:00,8.814,0.0865
"4823",2025-04-19 22:00:00,8.7225,0.083225
"4824",2025-04-19 23:00:00,8.656,0.08095
"4825",2025-04-20,8.53325,0.0795
"4826",2025-04-20 01:00:00,8.443,0.07775
"4827",2025-04-20 02:00:00,8.4125,0.077475
"4828",2025-04-20 03:00:00,8.379,0.07785
"4829",2025-04-20 04:00:00,8.33075,0.077375
"4830",2025-04-20 05:00:00,8.2605,0.076675
"4831",2025-04-20 06:00:00,8.206,0.076
"4832",2025-04-20 07:00:00,8.228,0.0769
"4833",2025-04-20 08:00:00,8.47175,0.079075
"4834",2025-04-20 09:00:00,8.80025,0.08075
"4835",2025-04-20 10:00:00,9.14025,0.080025
"4836",2025-04-20 11:00:00,9.51775,0.086075
"4837",2025-04-20 12:00:00,9.80625,0.0934
"4838",2025-04-20 13:00:00,10.01475,0.097525
"4839",2025-04-20 14:00:00,10.0835,0.09805
"4840",2025-04-20 15:00:00,10.0005,0.098625
"4841",2025-04-20 16:00:00,9.84275,0.098575
"4842",2025-04-20 17:00:00,9.55625,0.092225
"4843",2025-04-20 18:00:00,9.2575,0.088925
"4844",2025-04-20 19:00:00,9.03,0.084875
"4845",2025-04-20 20:00:00,8.87525,0.08165
"4846",2025-04-20 21:00:00,8.77575,0.0808
"4847",2025-04-20 22:00:00,8.70125,0.07905
"4848",2025-04-20 23:00:00,8.64325,0.07925
"4849",2025-04-21,8.5345,0.0776
"4850",2025-04-21 01:00:00,8.39875,0.075725
"4851",2025-04-21 02:00:00,8.3185,0.07625
"4852",2025-04-21 03:00:00,8.262,0.07595
"4853",2025-04-21 04:00:00,8.21375,0.077
"4854",2025-04-21 05:00:00,8.16475,0.076375
"4855",2025-04-21 06:00:00,8.12525,0.076275
"4856",2025-04-21 07:00:00,8.1325,0.07795
"4857",2025-04-21 08:00:00,8.34975,0.0787
"4858",2025-04-21 09:00:00,8.6805,0.08005
"4859",2025-04-21 10:00:00,9.0205,0.077275
"4860",2025-04-21 11:00:00,9.387,0.08005
"4861",2025-04-21 12:00:00,9.68225,0.081775
"4862",2025-04-21 13:00:00,9.92825,0.083225
"4863",2025-04-21 14:00:00,9.9935,0.083025
"4864",2025-04-21 15:00:00,9.8635,0.0826
"4865",2025-04-21 16:00:00,9.706,0.08325
"4866",2025-04-21 17:00:00,9.44725,0.08055
"4867",2025-04-21 18:00:00,9.18925,0.08005
"4868",2025-04-21 19:00:00,8.97875,0.079025
"4869",2025-04-21 20:00:00,8.76025,0.07955
"4870",2025-04-21 21:00:00,8.66175,0.078225
"4871",2025-04-21 22:00:00,8.54525,0.07875
"4872",2025-04-21 23:00:00,8.4185,0.0802
"4873",2025-04-22,8.309,0.07925
"4874",2025-04-22 01:00:00,8.252,0.0784
"4875",2025-04-22 02:00:00,8.217,0.0783
"4876",2025-04-22 03:00:00,8.16425,0.077875
"4877",2025-04-22 04:00:00,8.0985,0.077075
"4878",2025-04-22 05:00:00,8.06675,0.077425
"4879",2025-04-22 06:00:00,8.02075,0.077375
"4880",2025-04-22 07:00:00,8.07025,0.07865
"4881",2025-04-22 08:00:00,8.3295,0.080975
"4882",2025-04-22 09:00:00,8.66525,0.081375
"4883",2025-04-22 10:00:00,9.01975,0.08105
"4884",2025-04-22 11:00:00,9.4045,0.09205
"4885",2025-04-22 12:00:00,9.714,0.097825
"4886",2025-04-22 13:00:00,9.96,0.101125
"4887",2025-04-22 14:00:00,10.051,0.1018
"4888",2025-04-22 15:00:00,9.80925,0.103425
"4889",2025-04-22 16:00:00,9.46175,0.099575
"4890",2025-04-22 17:00:00,9.52075,0.1001
"4891",2025-04-22 18:00:00,9.294,0.0978
"4892",2025-04-22 19:00:00,9.06825,0.095525
"4893",2025-04-22 20:00:00,8.86625,0.09195
"4894",2025-04-22 21:00:00,8.7725,0.08725
"4895",2025-04-22 22:00:00,8.7465,0.0843
"4896",2025-04-22 23:00:00,8.71575,0.080975
"4897",2025-04-23,8.688,0.079475
"4898",2025-04-23 01:00:00,8.665,0.0822
"4899",2025-04-23 02:00:00,8.6485,0.079675
"4900",2025-04-23 03:00:00,8.573,0.084
"4901",2025-04-23 04:00:00,8.53475,0.0805
"4902",2025-04-23 05:00:00,8.46225,0.080075
"4903",2025-04-23 06:00:00,8.36775,0.0851
"4904",2025-04-23 07:00:00,8.38525,0.086525
"4905",2025-04-23 08:00:00,8.59175,0.089375
"4906",2025-04-23 09:00:00,8.8345,0.09285
"4907",2025-04-23 10:00:00,9.147,0.0968
"4908",2025-04-23 11:00:00,9.43975,0.09955
"4909",2025-04-23 12:00:00,9.70375,0.102175
"4910",2025-04-23 13:00:00,9.7085,0.1025
"4911",2025-04-23 14:00:00,9.829,0.10375
"4912",2025-04-23 15:00:00,9.92975,0.103075
"4913",2025-04-23 16:00:00,9.80025,0.1026
"4914",2025-04-23 17:00:00,9.4935,0.100225
"4915",2025-04-23 18:00:00,9.214,0.09745
"4916",2025-04-23 19:00:00,8.98875,0.0952
"4917",2025-04-23 20:00:00,8.77225,0.09375
"4918",2025-04-23 21:00:00,8.6775,0.0915
"4919",2025-04-23 22:00:00,8.59,0.085975
"4920",2025-04-23 23:00:00,8.49625,0.083775
"4921",2025-04-24,8.41925,0.0813
"4922",2025-04-24 01:00:00,8.3625,0.078575
"4923",2025-04-24 02:00:00,8.35175,0.07885
"4924",2025-04-24 03:00:00,8.3395,0.078975
"4925",2025-04-24 04:00:00,8.3085,0.078325
"4926",2025-04-24 05:00:00,8.27675,0.07745
"4927",2025-04-24 06:00:00,8.2525,0.0793
"4928",2025-04-24 07:00:00,8.4712,1.92442
"4929",2025-04-24 08:00:00,8.82275,9.359025
"4930",2025-04-24 09:00:00,8.86575,9.361475
"4931",2025-04-24 10:00:00,9.1325,9.3667
"4932",2025-04-24 11:00:00,9.4745,9.368925
"4933",2025-04-24 12:00:00,9.59925,9.364675
"4934",2025-04-24 13:00:00,9.93225,9.35415
"4935",2025-04-24 14:00:00,9.8105,9.347525
"4936",2025-04-24 15:00:00,9.68525,9.340775
"4937",2025-04-24 16:00:00,9.53425,9.334025
"4938",2025-04-24 17:00:00,9.413,9.32965
"4939",2025-04-24 18:00:00,9.0935,9.32485
"4940",2025-04-24 19:00:00,8.975,9.322975
"4941",2025-04-24 20:00:00,8.858,9.323275
"4942",2025-04-24 21:00:00,8.775,9.32625
"4943",2025-04-24 22:00:00,8.72925,9.3287
"4944",2025-04-24 23:00:00,8.6995,9.327675
"4945",2025-04-25,8.6765,9.32845
"4946",2025-04-25 01:00:00,8.6375,9.326475
"4947",2025-04-25 02:00:00,8.56775,9.3237
"4948",2025-04-25 03:00:00,8.535,9.319
"4949",2025-04-25 04:00:00,8.5355,9.319575
"4950",2025-04-25 05:00:00,8.52925,9.318325
"4951",2025-04-25 06:00:00,8.48125,9.318
"4952",2025-04-25 07:00:00,8.56,9.321975
"4953",2025-04-25 08:00:00,8.79175,9.326175
"4954",2025-04-25 09:00:00,8.9745,9.3272
"4955",2025-04-25 10:00:00,9.0395,9.327475
"4956",2025-04-25 11:00:00,9.50975,9.329075
"4957",2025-04-25 12:00:00,9.6605,9.326075
"4958",2025-04-25 13:00:00,9.7765,9.3218
"4959",2025-04-25 14:00:00,9.92425,9.317525
"4960",2025-04-25 15:00:00,9.80725,9.314275
"4961",2025-04-25 16:00:00,9.6275,9.31055
"4962",2025-04-25 17:00:00,9.26725,9.305275
"4963",2025-04-25 18:00:00,8.9555,9.30455
"4964",2025-04-25 19:00:00,8.8185,9.307575
"4965",2025-04-25 20:00:00,8.7315,9.3128
"4966",2025-04-25 21:00:00,8.7095,9.32145
"4967",2025-04-25 22:00:00,8.64975,9.32925
"4968",2025-04-25 23:00:00,8.61375,9.330975
"4969",2025-04-26,8.6055,9.331975
"4970",2025-04-26 01:00:00,8.58125,9.329825
"4971",2025-04-26 02:00:00,8.58925,9.3262
"4972",2025-04-26 03:00:00,8.59825,9.324825
"4973",2025-04-26 04:00:00,8.5955,9.3229
"4974",2025-04-26 05:00:00,8.5745,9.3204
"4975",2025-04-26 06:00:00,8.56325,9.320025
"4976",2025-04-26 07:00:00,8.552,9.320025
"4977",2025-04-26 08:00:00,8.57475,9.32045
"4978",2025-04-26 09:00:00,8.6045,9.32115
"4979",2025-04-26 10:00:00,8.621,9.32285
"4980",2025-04-26 11:00:00,8.6555,9.323875
"4981",2025-04-26 12:00:00,8.669,9.3238
"4982",2025-04-26 13:00:00,8.714,9.32295
"4983",2025-04-26 14:00:00,8.7035,9.321825
"4984",2025-04-26 15:00:00,8.672,9.320775
"4985",2025-04-26 16:00:00,8.68425,9.3191
"4986",2025-04-26 17:00:00,8.69425,9.319675
"4987",2025-04-26 18:00:00,8.65825,9.320725
"4988",2025-04-26 19:00:00,8.627,9.323
"4989",2025-04-26 20:00:00,8.613,9.3263
"4990",2025-04-26 21:00:00,8.59975,9.33155
"4991",2025-04-26 22:00:00,8.592,9.33365
"4992",2025-04-26 23:00:00,8.59625,9.335825
"4993",2025-04-27,8.59725,9.337075
"4994",2025-04-27 01:00:00,8.60125,9.337575
"4995",2025-04-27 02:00:00,8.60475,9.337375
"4996",2025-04-27 03:00:00,8.60575,9.3379
"4997",2025-04-27 04:00:00,8.6025,9.33905
"4998",2025-04-27 05:00:00,8.604,9.3397
"4999",2025-04-27 06:00:00,8.5965,9.34175
"5000",2025-04-27 07:00:00,8.61175,9.3492
"5001",2025-04-27 08:00:00,8.65775,9.35615
"5002",2025-04-27 09:00:00,8.8325,9.360925
"5003",2025-04-27 10:00:00,8.87,9.36355
"5004",2025-04-27 11:00:00,9.12,9.3696
"5005",2025-04-27 12:00:00,9.5495,9.3774
"5006",2025-04-27 13:00:00,9.6815,9.37895
"5007",2025-04-27 14:00:00,9.792,9.381575
"5008",2025-04-27 15:00:00,9.67075,9.37835
"5009",2025-04-27 16:00:00,9.50725,9.3745
"5010",2025-04-27 17:00:00,9.236,9.3708
"5011",2025-04-27 18:00:00,8.96675,9.375025
"5012",2025-04-27 19:00:00,8.7505,9.384725
"5013",2025-04-27 20:00:00,8.59975,9.395025
"5014",2025-04-27 21:00:00,8.51525,9.406225
"5015",2025-04-27 22:00:00,8.472,9.41375
"5016",2025-04-27 23:00:00,8.45225,9.4189
"5017",2025-04-28,8.41325,9.42315
"5018",2025-04-28 01:00:00,8.314,9.4247
"5019",2025-04-28 02:00:00,8.2325,9.4257
"5020",2025-04-28 03:00:00,8.18375,9.4272
"5021",2025-04-28 04:00:00,8.14775,9.42995
"5022",2025-04-28 05:00:00,8.12925,9.4303
"5023",2025-04-28 06:00:00,8.106,9.434025
"5024",2025-04-28 07:00:00,8.19325,9.440575
"5025",2025-04-28 08:00:00,8.4775,9.4483
"5026",2025-04-28 09:00:00,8.7945,9.454325
"5027",2025-04-28 10:00:00,9.13275,9.461275
"5028",2025-04-28 11:00:00,9.464,9.465675
"5029",2025-04-28 12:00:00,9.7085,9.4641
"5030",2025-04-28 13:00:00,9.8695,9.46115
"5031",2025-04-28 14:00:00,9.899,9.456375
"5032",2025-04-28 15:00:00,9.7925,9.449925
"5033",2025-04-28 16:00:00,9.63375,9.4442
"5034",2025-04-28 17:00:00,9.4085,9.441025
"5035",2025-04-28 18:00:00,9.21575,9.438525
"5036",2025-04-28 19:00:00,8.95,9.4358
"5037",2025-04-28 20:00:00,8.7645,9.43595
"5038",2025-04-28 21:00:00,8.7105,9.4387
"5039",2025-04-28 22:00:00,8.655,9.4408
"5040",2025-04-28 23:00:00,8.56625,9.441625
"5041",2025-04-29,8.4975,9.4415
"5042",2025-04-29 01:00:00,8.46575,9.44005
"5043",2025-04-29 02:00:00,8.4525,9.4385
"5044",2025-04-29 03:00:00,8.418,9.435575
"5045",2025-04-29 04:00:00,8.389,9.434175
"5046",2025-04-29 05:00:00,8.37875,9.4305
"5047",2025-04-29 06:00:00,8.36325,9.431525
"5048",2025-04-29 07:00:00,8.462,9.43225
"5049",2025-04-29 08:00:00,8.68525,9.436925
"5050",2025-04-29 09:00:00,8.9605,9.440975
"5051",2025-04-29 10:00:00,9.1915,9.444175
"5052",2025-04-29 11:00:00,9.147,9.441125
"5053",2025-04-29 12:00:00,9.4935,9.444825
"5054",2025-04-29 13:00:00,9.7495,9.441625
"5055",2025-04-29 14:00:00,9.8055,9.43515
"5056",2025-04-29 15:00:00,9.658,9.427475
"5057",2025-04-29 16:00:00,9.41,9.4216
"5058",2025-04-29 17:00:00,9.38475,9.420025
"5059",2025-04-29 18:00:00,9.1865,9.41745
"5060",2025-04-29 19:00:00,9.00075,9.415025
"5061",2025-04-29 20:00:00,8.84425,9.415975
"5062",2025-04-29 21:00:00,8.74625,9.4164
"5063",2025-04-29 22:00:00,8.706,9.417275
"5064",2025-04-29 23:00:00,8.6685,9.415775
"5065",2025-04-30,8.59725,9.41455
"5066",2025-04-30 01:00:00,8.48125,9.413425
"5067",2025-04-30 02:00:00,8.421,9.411925
"5068",2025-04-30 03:00:00,8.37975,9.411
"5069",2025-04-30 04:00:00,8.334,9.409525
"5070",2025-04-30 05:00:00,8.3015,9.40765
"5071",2025-04-30 06:00:00,8.264,9.407575
"5072",2025-04-30 07:00:00,8.35125,9.411025
"5073",2025-04-30 08:00:00,8.63625,9.4153
"5074",2025-04-30 09:00:00,8.9285,9.4179
"5075",2025-04-30 10:00:00,9.249,9.42185
"5076",2025-04-30 11:00:00,9.54,9.423525
"5077",2025-04-30 12:00:00,9.7695,9.419625
"5078",2025-04-30 13:00:00,9.9645,9.41335
"5079",2025-04-30 14:00:00,10.0035,9.407625
"5080",2025-04-30 15:00:00,9.881,9.401
"5081",2025-04-30 16:00:00,9.70625,9.39395
"5082",2025-04-30 17:00:00,9.421,9.38895
"5083",2025-04-30 18:00:00,9.2025,9.384725
"5084",2025-04-30 19:00:00,8.98,9.3807
"5085",2025-04-30 20:00:00,8.82025,9.379625
"5086",2025-04-30 21:00:00,8.72775,9.38255
"5087",2025-04-30 22:00:00,8.6405,9.386125
"5088",2025-04-30 23:00:00,8.566,9.38555
"5089",2025-05-01,8.5225,9.385775
"5090",2025-05-01 01:00:00,8.47675,9.384775
"5091",2025-05-01 02:00:00,8.4335,9.38305
"5092",2025-05-01 03:00:00,8.39775,9.382625
"5093",2025-05-01 04:00:00,8.3445,9.3813
"5094",2025-05-01 05:00:00,8.30825,9.380825
"5095",2025-05-01 06:00:00,8.28975,9.3818
"5096",2025-05-01 07:00:00,8.41,9.3847
"5097",2025-05-01 08:00:00,8.678,9.388225
"5098",2025-05-01 09:00:00,8.96175,9.392625
"5099",2025-05-01 10:00:00,9.298,9.396675
"5100",2025-05-01 11:00:00,9.66025,9.3978
"5101",2025-05-01 12:00:00,9.8995,9.394675
"5102",2025-05-01 13:00:00,10.0895,9.387925
"5103",2025-05-01 14:00:00,10.08775,9.382475
"5104",2025-05-01 15:00:00,9.95225,9.3748
"5105",2025-05-01 16:00:00,9.75075,9.368675
"5106",2025-05-01 17:00:00,9.497,9.36315
"5107",2025-05-01 18:00:00,9.25725,9.3587
"5108",2025-05-01 19:00:00,9.0435,9.355575
"5109",2025-05-01 20:00:00,8.89675,9.35675
"5110",2025-05-01 21:00:00,8.82725,9.3589
"5111",2025-05-01 22:00:00,8.78425,9.360375
"5112",2025-05-01 23:00:00,8.70825,9.3603
"5113",2025-05-02,8.651,9.363025
"5114",2025-05-02 01:00:00,8.60475,9.3641
"5115",2025-05-02 02:00:00,8.57725,9.362325
"5116",2025-05-02 03:00:00,8.56675,9.36115
"5117",2025-05-02 04:00:00,8.54525,9.360275
"5118",2025-05-02 05:00:00,8.489,9.35945
"5119",2025-05-02 06:00:00,8.472,9.3589
"5120",2025-05-02 07:00:00,8.57125,9.360825
"5121",2025-05-02 08:00:00,8.8025,9.36555
"5122",2025-05-02 09:00:00,9.07775,9.36855
"5123",2025-05-02 10:00:00,9.40025,9.370825
"5124",2025-05-02 11:00:00,9.76225,9.3727
"5125",2025-05-02 12:00:00,10.0405,9.369025
"5126",2025-05-02 13:00:00,9.74825,9.362325
"5127",2025-05-02 14:00:00,9.95275,9.361125
"5128",2025-05-02 15:00:00,10.12025,9.35735
"5129",2025-05-02 16:00:00,9.683,9.349475
"5130",2025-05-02 17:00:00,9.50775,9.348
"5131",2025-05-02 18:00:00,9.1985,9.34775
"5132",2025-05-02 19:00:00,9.03125,9.35195
"5133",2025-05-02 20:00:00,8.99225,9.3577
"5134",2025-05-02 21:00:00,8.859,9.3577
"5135",2025-05-02 22:00:00,8.793,9.35835
"5136",2025-05-02 23:00:00,8.78625,9.3572
"5137",2025-05-03,8.76925,9.35745
"5138",2025-05-03 01:00:00,8.74475,9.356775
"5139",2025-05-03 02:00:00,8.7445,9.35575
"5140",2025-05-03 03:00:00,8.7475,9.355625
"5141",2025-05-03 04:00:00,8.723,9.359525
"5142",2025-05-03 05:00:00,8.69775,9.360975
"5143",2025-05-03 06:00:00,8.68025,9.364375
"5144",2025-05-03 07:00:00,8.6785,9.36655
"5145",2025-05-03 08:00:00,8.72475,9.3697
"5146",2025-05-03 09:00:00,8.766,9.373025
"5147",2025-05-03 10:00:00,8.88575,9.37515
"5148",2025-05-03 11:00:00,8.96825,9.377275
"5149",2025-05-03 12:00:00,9.05625,9.378025
"5150",2025-05-03 13:00:00,9.1455,9.378025
"5151",2025-05-03 14:00:00,9.16975,9.375625
"5152",2025-05-03 15:00:00,9.1625,9.3739
"5153",2025-05-03 16:00:00,8.98675,9.372925
"5154",2025-05-03 17:00:00,9.00675,9.3752
"5155",2025-05-03 18:00:00,9.02425,9.376725
"5156",2025-05-03 19:00:00,8.7745,9.380025
"5157",2025-05-03 20:00:00,8.6315,9.384525
"5158",2025-05-03 21:00:00,8.57625,9.38865
"5159",2025-05-03 22:00:00,8.50225,9.3911
"5160",2025-05-03 23:00:00,8.43,9.39095
"5161",2025-05-04,8.3985,9.3879
"5162",2025-05-04 01:00:00,8.368,9.3868
"5163",2025-05-04 02:00:00,8.40525,9.385875
"5164",2025-05-04 03:00:00,8.34475,9.38745
"5165",2025-05-04 04:00:00,8.323,9.387825
"5166",2025-05-04 05:00:00,8.274,9.390375
"5167",2025-05-04 06:00:00,8.23575,9.395425
"5168",2025-05-04 07:00:00,8.2535,9.399475
"5169",2025-05-04 08:00:00,8.46475,9.3982
"5170",2025-05-04 09:00:00,8.72325,9.39435
"5171",2025-05-04 10:00:00,9.0365,9.391
"5172",2025-05-04 11:00:00,9.375,9.3864
"5173",2025-05-04 12:00:00,9.669,9.38075
"5174",2025-05-04 13:00:00,9.893,9.3785
"5175",2025-05-04 14:00:00,9.9715,9.377475
"5176",2025-05-04 15:00:00,9.89,9.374225
"5177",2025-05-04 16:00:00,9.7085,9.36815
"5178",2025-05-04 17:00:00,9.4235,9.3642
"5179",2025-05-04 18:00:00,9.1665,9.364025
"5180",2025-05-04 19:00:00,8.92,9.3724
"5181",2025-05-04 20:00:00,8.74,9.3829
"5182",2025-05-04 21:00:00,8.6475,9.392125
"5183",2025-05-04 22:00:00,8.58425,9.399925
"5184",2025-05-04 23:00:00,8.54875,9.4034
"5185",2025-05-05,8.53475,9.40655
"5186",2025-05-05 01:00:00,8.4925,9.406625
"5187",2025-05-05 02:00:00,8.42925,9.4082
"5188",2025-05-05 03:00:00,8.3155,9.4084
"5189",2025-05-05 04:00:00,8.2395,9.4096
"5190",2025-05-05 05:00:00,8.26,9.4103
"5191",2025-05-05 06:00:00,8.32425,9.414175
"5192",2025-05-05 07:00:00,8.38425,9.41915
"5193",2025-05-05 08:00:00,8.57125,9.420925
"5194",2025-05-05 09:00:00,8.85875,9.418475
"5195",2025-05-05 10:00:00,9.204,9.420225
"5196",2025-05-05 11:00:00,9.541,9.42325
"5197",2025-05-05 12:00:00,9.832,9.421175
"5198",2025-05-05 13:00:00,10.0695,9.415325
"5199",2025-05-05 14:00:00,10.11925,9.4098
"5200",2025-05-05 15:00:00,10.04875,9.403
"5201",2025-05-05 16:00:00,9.92325,9.393975
"5202",2025-05-05 17:00:00,9.67675,9.39
"5203",2025-05-05 18:00:00,9.45725,9.387025
"5204",2025-05-05 19:00:00,9.30875,9.3878
"5205",2025-05-05 20:00:00,9.07975,9.388925
"5206",2025-05-05 21:00:00,8.9315,9.392025
"5207",2025-05-05 22:00:00,8.8445,9.39225
"5208",2025-05-05 23:00:00,8.82725,9.391225
"5209",2025-05-06,8.805,9.389675
"5210",2025-05-06 01:00:00,8.7505,9.388525
"5211",2025-05-06 02:00:00,8.6815,9.389875
"5212",2025-05-06 03:00:00,8.633,9.391575
"5213",2025-05-06 04:00:00,8.56875,9.39205
"5214",2025-05-06 05:00:00,8.43725,9.39065
"5215",2025-05-06 06:00:00,8.377,9.39455
"5216",2025-05-06 07:00:00,8.44825,9.40145
"5217",2025-05-06 08:00:00,8.68875,9.406325
"5218",2025-05-06 09:00:00,8.96975,9.4116
"5219",2025-05-06 10:00:00,9.30025,9.41505
"5220",2025-05-06 11:00:00,9.64175,9.414525
"5221",2025-05-06 12:00:00,9.917,9.40915
"5222",2025-05-06 13:00:00,10.13,9.4025
"5223",2025-05-06 14:00:00,10.167,9.39645
"5224",2025-05-06 15:00:00,10.10275,9.384975
"5225",2025-05-06 16:00:00,9.96325,9.37745
"5226",2025-05-06 17:00:00,9.698,9.370525
"5227",2025-05-06 18:00:00,9.449,9.364975
"5228",2025-05-06 19:00:00,9.18375,9.36065
"5229",2025-05-06 20:00:00,9.011,9.359225
"5230",2025-05-06 21:00:00,8.90675,9.3608
"5231",2025-05-06 22:00:00,8.84025,9.369025
"5232",2025-05-06 23:00:00,8.7635,9.3711
"5233",2025-05-07,8.713,9.371825
"5234",2025-05-07 01:00:00,8.663,9.372
"5235",2025-05-07 02:00:00,8.59225,9.37155
"5236",2025-05-07 03:00:00,8.56125,9.373625
"5237",2025-05-07 04:00:00,8.5425,9.37265
"5238",2025-05-07 05:00:00,8.516,9.3734
"5239",2025-05-07 06:00:00,8.48325,9.375125
"5240",2025-05-07 07:00:00,8.566,9.37915
"5241",2025-05-07 08:00:00,8.802,9.3865
"5242",2025-05-07 09:00:00,9.0755,9.392675
"5243",2025-05-07 10:00:00,9.42825,9.399825
"5244",2025-05-07 11:00:00,9.78825,9.40575
"5245",2025-05-07 12:00:00,10.00275,9.40435
"5246",2025-05-07 13:00:00,10.174,9.39945
"5247",2025-05-07 14:00:00,9.98875,9.393775
"5248",2025-05-07 15:00:00,10.09375,9.392
"5249",2025-05-07 16:00:00,10.09875,9.3942
"5250",2025-05-07 17:00:00,9.74975,9.39235
"5251",2025-05-07 18:00:00,9.61175,9.391525
"5252",2025-05-07 19:00:00,9.41425,9.391025
"5253",2025-05-07 20:00:00,9.2085,9.393125
"5254",2025-05-07 21:00:00,9.06075,9.39815
"5255",2025-05-07 22:00:00,8.9595,9.4047
"5256",2025-05-07 23:00:00,8.87275,9.412125
"5257",2025-05-08,8.7905,9.4155
"5258",2025-05-08 01:00:00,8.725,9.4166
"5259",2025-05-08 02:00:00,8.669,9.41805
"5260",2025-05-08 03:00:00,8.6325,9.420375
"5261",2025-05-08 04:00:00,8.578,9.4214
"5262",2025-05-08 05:00:00,8.529,9.41915
"5263",2025-05-08 06:00:00,8.5155,9.42625
"5264",2025-05-08 07:00:00,8.604,9.4303
"5265",2025-05-08 08:00:00,8.84425,9.435625
"5266",2025-05-08 09:00:00,9.10375,9.433775
"5267",2025-05-08 10:00:00,9.4335,9.43235
"5268",2025-05-08 11:00:00,9.777,9.42985
"5269",2025-05-08 12:00:00,10.05,9.425425
"5270",2025-05-08 13:00:00,10.251,9.421975
"5271",2025-05-08 14:00:00,10.2625,9.4164
"5272",2025-05-08 15:00:00,10.168,9.411225
"5273",2025-05-08 16:00:00,9.998,9.40475
"5274",2025-05-08 17:00:00,9.69925,9.399825
"5275",2025-05-08 18:00:00,9.437,9.40075
"5276",2025-05-08 19:00:00,9.243,9.406875
"5277",2025-05-08 20:00:00,9.0585,9.416975
"5278",2025-05-08 21:00:00,8.94925,9.42505
"5279",2025-05-08 22:00:00,8.85975,9.42685
"5280",2025-05-08 23:00:00,8.79625,9.4293
"5281",2025-05-09,8.76075,9.4306
"5282",2025-05-09 01:00:00,8.72175,9.431625
"5283",2025-05-09 02:00:00,8.68675,9.4325
"5284",2025-05-09 03:00:00,8.65525,9.433725
"5285",2025-05-09 04:00:00,8.6375,9.433825
"5286",2025-05-09 05:00:00,8.618,9.43335
"5287",2025-05-09 06:00:00,8.6155,9.43535
"5288",2025-05-09 07:00:00,8.70925,9.437975
"5289",2025-05-09 08:00:00,8.88525,9.43925
"5290",2025-05-09 09:00:00,9.15775,9.438275
"5291",2025-05-09 10:00:00,9.43225,9.436025
"5292",2025-05-09 11:00:00,9.74375,9.4357
"5293",2025-05-09 12:00:00,10.0115,9.437075
"5294",2025-05-09 13:00:00,10.149,9.43405
"5295",2025-05-09 14:00:00,10.093,9.4259
"5296",2025-05-09 15:00:00,9.96425,9.418375
"5297",2025-05-09 16:00:00,9.9415,9.413675
"5298",2025-05-09 17:00:00,9.712,9.40795
"5299",2025-05-09 18:00:00,9.4615,9.40265
"5300",2025-05-09 19:00:00,9.19075,9.3987
"5301",2025-05-09 20:00:00,9.0045,9.397625
"5302",2025-05-09 21:00:00,8.90375,9.398925
"5303",2025-05-09 22:00:00,8.85025,9.4005
"5304",2025-05-09 23:00:00,8.7765,9.398575
"5305",2025-05-10,8.7545,9.396625
"5306",2025-05-10 01:00:00,8.7095,9.395625
"5307",2025-05-10 02:00:00,8.67525,9.392825
"5308",2025-05-10 03:00:00,8.6425,9.3904
"5309",2025-05-10 04:00:00,8.61175,9.3886
"5310",2025-05-10 05:00:00,8.57,9.386025
"5311",2025-05-10 06:00:00,8.55175,9.386325
"5312",2025-05-10 07:00:00,8.64325,9.388575
"5313",2025-05-10 08:00:00,8.85225,9.391925
"5314",2025-05-10 09:00:00,9.0855,9.393725
"5315",2025-05-10 10:00:00,9.33325,9.3961
"5316",2025-05-10 11:00:00,9.69725,9.4006
"5317",2025-05-10 12:00:00,9.9635,9.39815
"5318",2025-05-10 13:00:00,10.1275,9.391575
"5319",2025-05-10 14:00:00,10.0535,9.3858
"5320",2025-05-10 15:00:00,9.9445,9.379
"5321",2025-05-10 16:00:00,9.787,9.373925
"5322",2025-05-10 17:00:00,9.64525,9.36975
"5323",2025-05-10 18:00:00,9.408,9.364025
"5324",2025-05-10 19:00:00,9.1825,9.35995
"5325",2025-05-10 20:00:00,8.94725,9.35925
"5326",2025-05-10 21:00:00,8.83275,9.359725
"5327",2025-05-10 22:00:00,8.796,9.35945
"5328",2025-05-10 23:00:00,8.77,9.3572
"5329",2025-05-11,8.74175,9.351725
"5330",2025-05-11 01:00:00,8.7045,9.3479
"5331",2025-05-11 02:00:00,8.68225,9.34755
"5332",2025-05-11 03:00:00,8.646,9.343725
"5333",2025-05-11 04:00:00,8.55125,9.3403
"5334",2025-05-11 05:00:00,8.482,9.33605
"5335",2025-05-11 06:00:00,8.49075,9.33435
"5336",2025-05-11 07:00:00,8.622,9.334225
"5337",2025-05-11 08:00:00,8.80575,9.3352
"5338",2025-05-11 09:00:00,8.974,9.333225
"5339",2025-05-11 10:00:00,9.198,9.329525
"5340",2025-05-11 11:00:00,9.2475,9.327575
"5341",2025-05-11 12:00:00,9.2945,9.325125
"5342",2025-05-11 13:00:00,9.34875,9.321225
"5343",2025-05-11 14:00:00,9.4795,9.321025
"5344",2025-05-11 15:00:00,9.36,9.318375
"5345",2025-05-11 16:00:00,9.55375,9.3182
"5346",2025-05-11 17:00:00,9.43025,9.314775
"5347",2025-05-11 18:00:00,9.183,9.312975
"5348",2025-05-11 19:00:00,8.8885,9.3093
"5349",2025-05-11 20:00:00,8.76225,9.307
"5350",2025-05-11 21:00:00,8.6935,9.3041
"5351",2025-05-11 22:00:00,8.68,9.301625
"5352",2025-05-11 23:00:00,8.66075,9.2994
"5353",2025-05-12,8.60725,9.2964
"5354",2025-05-12 01:00:00,8.532,9.29465
"5355",2025-05-12 02:00:00,8.51175,9.2954
"5356",2025-05-12 03:00:00,8.482,9.300675
"5357",2025-05-12 04:00:00,8.4415,9.311925
"5358",2025-05-12 05:00:00,8.40475,9.310425
"5359",2025-05-12 06:00:00,8.3895,9.3094
"5360",2025-05-12 07:00:00,8.45975,9.31175
"5361",2025-05-12 08:00:00,8.65475,9.3167
"5362",2025-05-12 09:00:00,8.76025,9.320375
"5363",2025-05-12 10:00:00,8.80825,9.32355
"5364",2025-05-12 11:00:00,8.7675,9.325975
"5365",2025-05-12 12:00:00,8.74225,9.32665
"5366",2025-05-12 13:00:00,8.70175,9.331625
"5367",2025-05-12 14:00:00,9.16525,9.335175
"5368",2025-05-12 15:00:00,9.44775,9.336625
"5369",2025-05-12 16:00:00,9.4175,9.335875
"5370",2025-05-12 17:00:00,9.07825,9.33195
"5371",2025-05-12 18:00:00,8.889,9.333425
"5372",2025-05-12 19:00:00,8.67375,9.341675
"5373",2025-05-12 20:00:00,8.55225,9.352325
"5374",2025-05-12 21:00:00,8.52625,9.35885
"5375",2025-05-12 22:00:00,8.4845,9.3656
"5376",2025-05-12 23:00:00,8.4545,9.370225
"5377",2025-05-13,8.479,9.3737
"5378",2025-05-13 01:00:00,8.48225,9.3765
"5379",2025-05-13 02:00:00,8.481,9.3782
"5380",2025-05-13 03:00:00,8.48625,9.3817
"5381",2025-05-13 04:00:00,8.486,9.38585
"5382",2025-05-13 05:00:00,8.48675,9.388025
"5383",2025-05-13 06:00:00,8.48325,9.39265
"5384",2025-05-13 07:00:00,8.52825,9.3991
"5385",2025-05-13 08:00:00,8.615,9.403425
"5386",2025-05-13 09:00:00,8.768,9.407975
"5387",2025-05-13 10:00:00,8.8775,9.41085
"5388",2025-05-13 11:00:00,9.15475,9.41425
"5389",2025-05-13 12:00:00,9.25625,9.41615
"5390",2025-05-13 13:00:00,9.5795,9.4226
"5391",2025-05-13 14:00:00,9.28825,9.415025
"5392",2025-05-13 15:00:00,9.1125,9.41075
"5393",2025-05-13 16:00:00,9.22025,9.410775
"5394",2025-05-13 17:00:00,9.2535,9.4105
"5395",2025-05-13 18:00:00,9.0325,9.407025
"5396",2025-05-13 19:00:00,8.81175,9.407025
"5397",2025-05-13 20:00:00,8.6685,9.411275
"5398",2025-05-13 21:00:00,8.588,9.415775
"5399",2025-05-13 22:00:00,8.53975,9.41925
"5400",2025-05-13 23:00:00,8.54425,9.421775
"5401",2025-05-14,8.56225,9.4219
"5402",2025-05-14 01:00:00,8.5395,9.421025
"5403",2025-05-14 02:00:00,8.534,9.421125
"5404",2025-05-14 03:00:00,8.55575,9.422125
"5405",2025-05-14 04:00:00,8.5395,9.422025
"5406",2025-05-14 05:00:00,8.497,9.421575
"5407",2025-05-14 06:00:00,8.43125,9.424425
"5408",2025-05-14 07:00:00,8.45175,9.4301
"5409",2025-05-14 08:00:00,8.66075,9.4349
"5410",2025-05-14 09:00:00,8.88875,9.438525
"5411",2025-05-14 10:00:00,9.214,9.44255
"5412",2025-05-14 11:00:00,9.4395,9.444025
"5413",2025-05-14 12:00:00,9.62175,9.44105
"5414",2025-05-14 13:00:00,9.867,9.439575
"5415",2025-05-14 14:00:00,9.8605,9.4372
"5416",2025-05-14 15:00:00,9.77025,9.436075
"5417",2025-05-14 16:00:00,9.59975,9.434925
"5418",2025-05-14 17:00:00,9.32875,9.43125
"5419",2025-05-14 18:00:00,9.088,9.426775
"5420",2025-05-14 19:00:00,8.83775,9.423575
"5421",2025-05-14 20:00:00,8.68425,9.421925
"5422",2025-05-14 21:00:00,8.6095,9.421225
"5423",2025-05-14 22:00:00,8.5665,9.42055
"5424",2025-05-14 23:00:00,8.509,9.418
"5425",2025-05-15,8.40175,9.416875
"5426",2025-05-15 01:00:00,8.35625,9.414675
"5427",2025-05-15 02:00:00,8.33,9.413075
"5428",2025-05-15 03:00:00,8.29525,9.413375
"5429",2025-05-15 04:00:00,8.25775,9.412125
"5430",2025-05-15 05:00:00,8.2285,9.412275
"5431",2025-05-15 06:00:00,8.23475,9.41375
"5432",2025-05-15 07:00:00,8.34225,9.418475
"5433",2025-05-15 08:00:00,8.61275,9.420775
"5434",2025-05-15 09:00:00,8.881,9.417275
"5435",2025-05-15 10:00:00,9.20475,9.41995
"5436",2025-05-15 11:00:00,9.46466666666667,9.42366666666667
"5437",2025-05-15 12:00:00,10.03175,9.42085
"5438",2025-05-15 13:00:00,9.8555,9.41963333333333
"5439",2025-05-15 14:00:00,9.78783333333333,9.41683333333333
"5440",2025-05-15 15:00:00,9.514,9.40983333333333
"5441",2025-05-15 16:00:00,9.41658333333333,9.40720833333333
"5442",2025-05-15 17:00:00,9.20875,9.407275
"5443",2025-05-15 18:00:00,8.94966666666667,9.41186666666667
"5444",2025-05-15 19:00:00,8.81383333333333,9.41264166666667
"5445",2025-05-15 20:00:00,8.76425,9.41146666666667
"5446",2025-05-15 21:00:00,8.72933333333333,9.41363333333333
"5447",2025-05-15 22:00:00,8.71375,9.41430833333333
"5448",2025-05-15 23:00:00,8.70583333333333,9.41404166666667
"5449",2025-05-16,8.68308333333333,9.413275
"5450",2025-05-16 01:00:00,8.6445,9.412275
"5451",2025-05-16 02:00:00,8.57241666666667,9.41075
"5452",2025-05-16 03:00:00,8.51708333333333,9.40939166666667
"5453",2025-05-16 04:00:00,8.47425,9.40921666666667
"5454",2025-05-16 05:00:00,8.44158333333333,9.40993333333333
"5455",2025-05-16 06:00:00,8.4205,9.41130833333333
"5456",2025-05-16 07:00:00,8.521,9.414125
"5457",2025-05-16 08:00:00,8.70966666666667,9.41881666666667
"5458",2025-05-16 09:00:00,8.94108333333333,9.42360833333333
"5459",2025-05-16 10:00:00,9.23241666666667,9.42811666666667
"5460",2025-05-16 11:00:00,9.51925,9.424225
"5461",2025-05-16 12:00:00,9.75633333333333,9.415775
"5462",2025-05-16 13:00:00,9.84883333333333,9.40025833333333
"5463",2025-05-16 14:00:00,9.80858333333333,9.39421666666667
"5464",2025-05-16 15:00:00,9.7095,9.38880833333333
"5465",2025-05-16 16:00:00,9.57183333333333,9.38016666666667
"5466",2025-05-16 17:00:00,9.34883333333333,9.37526666666667
"5467",2025-05-16 18:00:00,9.148,9.36985833333333
"5468",2025-05-16 19:00:00,9.00466666666667,9.366675
"5469",2025-05-16 20:00:00,8.87091666666667,9.365625
"5470",2025-05-16 21:00:00,8.80141666666667,9.36550833333333
"5471",2025-05-16 22:00:00,8.7525,9.36635
"5472",2025-05-16 23:00:00,8.74466666666667,9.36308333333333
"5473",2025-05-17,8.76066666666667,9.36308333333333
"5474",2025-05-17 01:00:00,8.77158333333333,9.36299166666667
"5475",2025-05-17 02:00:00,8.75516666666667,9.35834166666667
"5476",2025-05-17 03:00:00,8.72408333333333,9.35955833333333
"5477",2025-05-17 04:00:00,8.68216666666667,9.36413333333333
"5478",2025-05-17 05:00:00,8.635,9.36571666666667
"5479",2025-05-17 06:00:00,8.59966666666667,9.364375
"5480",2025-05-17 07:00:00,8.55533333333333,9.364475
"5481",2025-05-17 08:00:00,8.60941666666667,9.37350833333333
"5482",2025-05-17 09:00:00,8.84691666666667,9.3803
"5483",2025-05-17 10:00:00,9.04433333333333,9.385325
"5484",2025-05-17 11:00:00,9.12725,9.387975
"5485",2025-05-17 12:00:00,9.56333333333333,9.38869166666667
"5486",2025-05-17 13:00:00,9.6365,9.39020833333333
"5487",2025-05-17 14:00:00,9.54433333333333,9.389575
"5488",2025-05-17 15:00:00,9.63275,9.39173333333333
"5489",2025-05-17 16:00:00,9.50975,9.39335833333333
"5490",2025-05-17 17:00:00,9.15083333333333,9.39400833333333
"5491",2025-05-17 18:00:00,8.95625,9.395475
"5492",2025-05-17 19:00:00,8.82583333333333,9.39679166666667
"5493",2025-05-17 20:00:00,8.67175,9.40024166666667
"5494",2025-05-17 21:00:00,8.58483333333333,9.40445
"5495",2025-05-17 22:00:00,8.54766666666667,9.40730833333333
"5496",2025-05-17 23:00:00,8.512,9.410975
"5497",2025-05-18,8.48716666666667,9.41485
"5498",2025-05-18 01:00:00,8.46041666666667,9.41528333333333
"5499",2025-05-18 02:00:00,8.43883333333333,9.41871666666667
"5500",2025-05-18 03:00:00,8.41925,9.42223333333333
"5501",2025-05-18 04:00:00,8.38533333333333,9.42505833333333
"5502",2025-05-18 05:00:00,8.37258333333333,9.43014166666667
"5503",2025-05-18 06:00:00,8.33175,9.435075
"5504",2025-05-18 07:00:00,8.361,9.43826666666667
"5505",2025-05-18 08:00:00,8.58208333333333,9.43935
"5506",2025-05-18 09:00:00,8.83116666666667,9.44240833333333
"5507",2025-05-18 10:00:00,9.1255,9.44035833333333
"5508",2025-05-18 11:00:00,9.39816666666667,9.43758333333333
"5509",2025-05-18 12:00:00,9.6345,9.44016666666667
"5510",2025-05-18 13:00:00,9.80641666666667,9.4434
"5511",2025-05-18 14:00:00,9.79283333333333,9.44016666666667
"5512",2025-05-18 15:00:00,9.747,9.43713333333333
"5513",2025-05-18 16:00:00,9.614,9.43168333333333
"5514",2025-05-18 17:00:00,9.28933333333333,9.4239
"5515",2025-05-18 18:00:00,9.02933333333333,9.41924166666667
"5516",2025-05-18 19:00:00,8.885,9.42418333333333
"5517",2025-05-18 20:00:00,8.7475,9.4266
"5518",2025-05-18 21:00:00,8.67108333333333,9.43179166666667
"5519",2025-05-18 22:00:00,8.666,9.43809166666667
"5520",2025-05-18 23:00:00,8.682,9.43789166666667
"5521",2025-05-19,8.65733333333333,9.43736666666667
"5522",2025-05-19 01:00:00,8.66891666666667,9.438175
"5523",2025-05-19 02:00:00,8.67233333333333,9.43875
"5524",2025-05-19 03:00:00,8.67558333333333,9.44250833333333
"5525",2025-05-19 04:00:00,8.675,9.44245833333333
"5526",2025-05-19 05:00:00,8.67233333333333,9.440675
"5527",2025-05-19 06:00:00,8.67791666666667,9.44215833333333
"5528",2025-05-19 07:00:00,8.71558333333333,9.44576666666667
"5529",2025-05-19 08:00:00,8.79491666666667,9.44619166666667
"5530",2025-05-19 09:00:00,8.9485,9.4474
"5531",2025-05-19 10:00:00,9.31533333333333,9.44396666666667
"5532",2025-05-19 11:00:00,9.28875,9.44540833333333
"5533",2025-05-19 12:00:00,9.55791666666667,9.44520833333333
"5534",2025-05-19 13:00:00,9.98516666666667,9.443625
"5535",2025-05-19 14:00:00,9.97133333333333,9.438475
"5536",2025-05-19 15:00:00,9.95441666666667,9.43681666666667
"5537",2025-05-19 16:00:00,9.78258333333333,9.43043333333333
"5538",2025-05-19 17:00:00,9.48633333333333,9.422325
"5539",2025-05-19 18:00:00,9.23983333333333,9.42008333333333
"5540",2025-05-19 19:00:00,8.99333333333333,9.41873333333333
"5541",2025-05-19 20:00:00,8.82316666666667,9.42168333333333
"5542",2025-05-19 21:00:00,8.71,9.42901666666667
"5543",2025-05-19 22:00:00,8.65258333333333,9.43444166666667
"5544",2025-05-19 23:00:00,8.58566666666667,9.43449166666667
"5545",2025-05-20,8.50941666666667,9.43448333333333
"5546",2025-05-20 01:00:00,8.45608333333333,9.43279166666667
"5547",2025-05-20 02:00:00,8.40158333333333,9.434725
"5548",2025-05-20 03:00:00,8.35483333333333,9.43615
"5549",2025-05-20 04:00:00,8.33325,9.43904166666667
"5550",2025-05-20 05:00:00,8.28716666666667,9.43909166666667
"5551",2025-05-20 06:00:00,8.239,9.43934166666667
"5552",2025-05-20 07:00:00,8.3385,9.44319166666667
"5553",2025-05-20 08:00:00,8.6065,9.46428333333333
"5554",2025-05-20 09:00:00,8.88566666666667,9.47064166666667
"5555",2025-05-20 10:00:00,9.1915,9.47098333333333
"5556",2025-05-20 11:00:00,9.46916666666667,9.47618333333333
"5557",2025-05-20 12:00:00,9.68316666666667,9.47918333333333
"5558",2025-05-20 13:00:00,9.7985,9.47841666666667
"5559",2025-05-20 14:00:00,9.79391666666667,9.474425
"5560",2025-05-20 15:00:00,9.7245,9.46940833333333
"5561",2025-05-20 16:00:00,9.57683333333333,9.46280833333333
"5562",2025-05-20 17:00:00,9.34083333333333,9.45549166666667
"5563",2025-05-20 18:00:00,9.11108333333333,9.4505
"5564",2025-05-20 19:00:00,8.92375,9.44789166666667
"5565",2025-05-20 20:00:00,8.76583333333333,9.446675
"5566",2025-05-20 21:00:00,8.67616666666667,9.44648333333333
"5567",2025-05-20 22:00:00,8.61516666666667,9.44693333333333
"5568",2025-05-20 23:00:00,8.54425,9.44745833333333
"5569",2025-05-21,8.48175,9.45129166666667
"5570",2025-05-21 01:00:00,8.44316666666667,9.45348333333333
"5571",2025-05-21 02:00:00,8.41658333333333,9.45279166666667
"5572",2025-05-21 03:00:00,8.37558333333333,9.4515
"5573",2025-05-21 04:00:00,8.34516666666667,9.45299166666667
"5574",2025-05-21 05:00:00,8.32141666666667,9.450125
"5575",2025-05-21 06:00:00,8.31341666666667,9.451375
"5576",2025-05-21 07:00:00,8.41625,9.45448333333333
"5577",2025-05-21 08:00:00,8.66375,9.45341666666667
"5578",2025-05-21 09:00:00,8.93541666666667,9.45095833333333
"5579",2025-05-21 10:00:00,9.24608333333333,9.453125
"5580",2025-05-21 11:00:00,9.55133333333333,9.454825
"5581",2025-05-21 12:00:00,9.80091666666667,9.44783333333333
"5582",2025-05-21 13:00:00,9.92483333333333,9.43726666666667
"5583",2025-05-21 14:00:00,9.90608333333333,9.42624166666667
"5584",2025-05-21 15:00:00,9.85333333333333,9.4125
"5585",2025-05-21 16:00:00,9.60158333333333,9.40345833333333
"5586",2025-05-21 17:00:00,9.38583333333333,9.3994
"5587",2025-05-21 18:00:00,9.29883333333333,9.39913333333333
"5588",2025-05-21 19:00:00,9.07,9.39926666666667
"5589",2025-05-21 20:00:00,8.89691666666667,9.40371666666667
"5590",2025-05-21 21:00:00,8.81083333333333,9.40745
"5591",2025-05-21 22:00:00,8.74058333333333,9.408
"5592",2025-05-21 23:00:00,8.67883333333333,9.40601666666667
"5593",2025-05-22,8.61808333333333,9.404525
"5594",2025-05-22 01:00:00,8.56241666666667,9.40389166666667
"5595",2025-05-22 02:00:00,8.54775,9.40200833333333
"5596",2025-05-22 03:00:00,8.60016666666667,9.40124166666667
"5597",2025-05-22 04:00:00,8.57608333333333,9.39934166666667
"5598",2025-05-22 05:00:00,8.49083333333333,9.39946666666667
"5599",2025-05-22 06:00:00,8.47883333333333,9.40125
"5600",2025-05-22 07:00:00,8.54166666666667,9.40519166666667
"5601",2025-05-22 08:00:00,8.70833333333333,9.41198333333333
"5602",2025-05-22 09:00:00,8.98016666666667,9.41723333333333
"5603",2025-05-22 10:00:00,9.31641666666667,9.42013333333333
"5604",2025-05-22 11:00:00,9.59725,9.41938333333333
"5605",2025-05-22 12:00:00,9.82566666666667,9.416825
"5606",2025-05-22 13:00:00,9.94383333333333,9.41300833333333
"5607",2025-05-22 14:00:00,9.92533333333333,9.40955833333333
"5608",2025-05-22 15:00:00,9.8525,9.40381666666667
"5609",2025-05-22 16:00:00,9.67966666666667,9.39660833333333
"5610",2025-05-22 17:00:00,9.48883333333333,9.39278333333333
"5611",2025-05-22 18:00:00,9.26591666666667,9.39228333333333
"5612",2025-05-22 19:00:00,9.03591666666667,9.39334166666667
"5613",2025-05-22 20:00:00,8.897,9.39734166666667
"5614",2025-05-22 21:00:00,8.79858333333333,9.40135833333333
"5615",2025-05-22 22:00:00,8.74916666666667,9.40245
"5616",2025-05-22 23:00:00,8.70208333333333,9.40240833333333
"5617",2025-05-23,8.65691666666667,9.40178333333333
"5618",2025-05-23 01:00:00,8.60016666666667,9.40021666666667
"5619",2025-05-23 02:00:00,8.552,9.40521666666667
"5620",2025-05-23 03:00:00,8.5175,9.4036
"5621",2025-05-23 04:00:00,8.47783333333333,9.40380833333333
"5622",2025-05-23 05:00:00,8.46633333333333,9.40590833333333
"5623",2025-05-23 06:00:00,8.45008333333333,9.40986666666667
"5624",2025-05-23 07:00:00,8.53508333333333,9.41119166666667
"5625",2025-05-23 08:00:00,8.7685,9.412775
"5626",2025-05-23 09:00:00,9.02291666666667,9.41303333333333
"5627",2025-05-23 10:00:00,9.32666666666667,9.41345
"5628",2025-05-23 11:00:00,9.61075,9.4169
"5629",2025-05-23 12:00:00,9.87025,9.41974166666667
"5630",2025-05-23 13:00:00,10.011,9.41770833333333
"5631",2025-05-23 14:00:00,10.00325,9.41315
"5632",2025-05-23 15:00:00,9.92491666666667,9.408475
"5633",2025-05-23 16:00:00,9.76691666666667,9.40264166666667
"5634",2025-05-23 17:00:00,9.53825,9.39769166666667
"5635",2025-05-23 18:00:00,9.316,9.39551666666667
"5636",2025-05-23 19:00:00,9.08066666666667,9.3939
"5637",2025-05-23 20:00:00,8.91266666666667,9.39281666666667
"5638",2025-05-23 21:00:00,8.80483333333333,9.396825
"5639",2025-05-23 22:00:00,8.72991666666667,9.405625
"5640",2025-05-23 23:00:00,8.66391666666667,9.41130833333333
"5641",2025-05-24,8.60958333333333,9.4139
"5642",2025-05-24 01:00:00,8.57225,9.41429166666667
"5643",2025-05-24 02:00:00,8.54441666666667,9.41444166666667
"5644",2025-05-24 03:00:00,8.51583333333333,9.41345
"5645",2025-05-24 04:00:00,8.49616666666667,9.413225
"5646",2025-05-24 05:00:00,8.46666666666667,9.412325
"5647",2025-05-24 06:00:00,8.45291666666667,9.41456666666667
"5648",2025-05-24 07:00:00,8.55058333333333,9.41753333333333
"5649",2025-05-24 08:00:00,8.77683333333333,9.418875
"5650",2025-05-24 09:00:00,9.02958333333333,9.41659166666667
"5651",2025-05-24 10:00:00,9.34116666666667,9.41403333333333
"5652",2025-05-24 11:00:00,9.63241666666667,9.41131666666667
"5653",2025-05-24 12:00:00,9.889,9.41155833333333
"5654",2025-05-24 13:00:00,10.036,9.41048333333333
"5655",2025-05-24 14:00:00,10.0479166666667,9.40571666666667
"5656",2025-05-24 15:00:00,9.98675,9.39965
"5657",2025-05-24 16:00:00,9.84566666666667,9.39241666666667
"5658",2025-05-24 17:00:00,9.61658333333333,9.38556666666667
"5659",2025-05-24 18:00:00,9.36341666666667,9.38075833333333
"5660",2025-05-24 19:00:00,9.13916666666667,9.37853333333333
"5661",2025-05-24 20:00:00,9.00183333333333,9.37835
"5662",2025-05-24 21:00:00,8.904,9.38696666666667
"5663",2025-05-24 22:00:00,8.84841666666667,9.39411666666667
"5664",2025-05-24 23:00:00,8.8035,9.39775
"5665",2025-05-25,8.747,9.39820833333333
"5666",2025-05-25 01:00:00,8.71066666666667,9.39930833333333
"5667",2025-05-25 02:00:00,8.68025,9.39946666666667
"5668",2025-05-25 03:00:00,8.652,9.40055833333333
"5669",2025-05-25 04:00:00,8.64375,9.399025
"5670",2025-05-25 05:00:00,8.6445,9.39774166666667
"5671",2025-05-25 06:00:00,8.6405,9.40126666666667
"5672",2025-05-25 07:00:00,8.69925,9.40445833333333
"5673",2025-05-25 08:00:00,8.88966666666667,9.40399166666667
"5674",2025-05-25 09:00:00,9.15175,9.40086666666667
"5675",2025-05-25 10:00:00,9.4665,9.40058333333333
"5676",2025-05-25 11:00:00,9.74016666666667,9.399775
"5677",2025-05-25 12:00:00,9.99525,9.3976
"5678",2025-05-25 13:00:00,10.111,9.39468333333333
"5679",2025-05-25 14:00:00,10.0581666666667,9.38879166666667
"5680",2025-05-25 15:00:00,9.95891666666667,9.38288333333333
"5681",2025-05-25 16:00:00,9.55558333333333,9.375675
"5682",2025-05-25 17:00:00,9.34766666666667,9.37300833333333
"5683",2025-05-25 18:00:00,9.2045,9.36945
"5684",2025-05-25 19:00:00,9.03233333333333,9.37261666666667
"5685",2025-05-25 20:00:00,8.95616666666667,9.37721666666667
"5686",2025-05-25 21:00:00,8.87958333333333,9.383125
"5687",2025-05-25 22:00:00,8.81683333333333,9.39069166666667
"5688",2025-05-25 23:00:00,8.80141666666667,9.39665
"5689",2025-05-26,8.79041666666667,9.40125833333333
"5690",2025-05-26 01:00:00,8.76441666666667,9.403975
"5691",2025-05-26 02:00:00,8.75033333333333,9.40613333333333
"5692",2025-05-26 03:00:00,8.74708333333333,9.40676666666667
"5693",2025-05-26 04:00:00,8.7275,9.4073
"5694",2025-05-26 05:00:00,8.65875,9.40735
"5695",2025-05-26 06:00:00,8.59458333333333,9.4151
"5696",2025-05-26 07:00:00,8.60325,9.42188333333333
"5697",2025-05-26 08:00:00,8.76066666666667,9.426175
"5698",2025-05-26 09:00:00,9.0565,9.42821666666667
"5699",2025-05-26 10:00:00,9.34991666666667,9.42808333333333
"5700",2025-05-26 11:00:00,9.63858333333333,9.43049166666667
"5701",2025-05-26 12:00:00,9.89383333333333,9.43426666666667
"5702",2025-05-26 13:00:00,10.0306666666667,9.43454166666667
"5703",2025-05-26 14:00:00,10.01225,9.431925
"5704",2025-05-26 15:00:00,9.90116666666667,9.428025
"5705",2025-05-26 16:00:00,9.76091666666667,9.42415833333333
"5706",2025-05-26 17:00:00,9.54983333333333,9.42026666666667
"5707",2025-05-26 18:00:00,9.33425,9.41650833333333
"5708",2025-05-26 19:00:00,9.09225,9.416825
"5709",2025-05-26 20:00:00,8.91625,9.42218333333333
"5710",2025-05-26 21:00:00,8.83033333333333,9.43159166666667
"5711",2025-05-26 22:00:00,8.76925,9.43795
"5712",2025-05-26 23:00:00,8.69766666666667,9.44224166666667
"5713",2025-05-27,8.63008333333333,9.44611666666667
"5714",2025-05-27 01:00:00,8.59216666666667,9.448125
"5715",2025-05-27 02:00:00,8.56975,9.446325
"5716",2025-05-27 03:00:00,8.5495,9.44430833333333
"5717",2025-05-27 04:00:00,8.50958333333333,9.44276666666667
"5718",2025-05-27 05:00:00,8.48083333333333,9.44266666666667
"5719",2025-05-27 06:00:00,8.48916666666667,9.44334166666667
"5720",2025-05-27 07:00:00,8.57625,9.44569166666667
"5721",2025-05-27 08:00:00,8.79941666666667,9.44885
"5722",2025-05-27 09:00:00,9.05341666666667,9.451675
"5723",2025-05-27 10:00:00,9.36516666666667,9.45139166666667
"5724",2025-05-27 11:00:00,9.6735,9.44563333333333
"5725",2025-05-27 12:00:00,9.92666666666667,9.43505
"5726",2025-05-27 13:00:00,10.064,9.4237
"5727",2025-05-27 14:00:00,10.0764166666667,9.41358333333333
"5728",2025-05-27 15:00:00,10.032,9.40356666666667
"5729",2025-05-27 16:00:00,9.89741666666667,9.39445
"5730",2025-05-27 17:00:00,9.64958333333333,9.3886
"5731",2025-05-27 18:00:00,9.39241666666667,9.38393333333333
"5732",2025-05-27 19:00:00,9.16208333333333,9.38371666666667
"5733",2025-05-27 20:00:00,8.98125,9.386575
"5734",2025-05-27 21:00:00,8.87358333333333,9.39070833333333
"5735",2025-05-27 22:00:00,8.80025,9.39375
"5736",2025-05-27 23:00:00,8.75241666666667,9.39655
"5737",2025-05-28,8.71883333333333,9.3975
"5738",2025-05-28 01:00:00,8.69266666666667,9.397225
"5739",2025-05-28 02:00:00,8.67241666666667,9.3969
"5740",2025-05-28 03:00:00,8.65508333333333,9.39515833333333
"5741",2025-05-28 04:00:00,8.6435,9.39331666666667
"5742",2025-05-28 05:00:00,8.63441666666667,9.394
"5743",2025-05-28 06:00:00,8.63033333333333,9.39778333333333
"5744",2025-05-28 07:00:00,8.69116666666667,9.39946666666667
"5745",2025-05-28 08:00:00,8.89766666666667,9.402475
"5746",2025-05-28 09:00:00,9.16241666666667,9.4069
"5747",2025-05-28 10:00:00,9.47525,9.40950833333333
"5748",2025-05-28 11:00:00,9.79316666666667,9.40735833333333
"5749",2025-05-28 12:00:00,10.0679166666667,9.40209166666667
"5750",2025-05-28 13:00:00,10.2601666666667,9.38598333333333
"5751",2025-05-28 14:00:00,10.3046666666667,9.37866666666667
"5752",2025-05-28 15:00:00,10.2835,9.37409166666667
"5753",2025-05-28 16:00:00,10.11375,9.3697
"5754",2025-05-28 17:00:00,9.83241666666667,9.36731666666667
"5755",2025-05-28 18:00:00,9.56266666666667,9.36810833333333
"5756",2025-05-28 19:00:00,9.35066666666667,9.37855
"5757",2025-05-28 20:00:00,9.13791666666667,9.384825
"5758",2025-05-28 21:00:00,8.93541666666667,9.3884
"5759",2025-05-28 22:00:00,8.85358333333333,9.39258333333333
"5760",2025-05-28 23:00:00,8.80975,9.398775
"5761",2025-05-29,8.768,9.40626666666667
"5762",2025-05-29 01:00:00,8.71658333333333,9.40830833333333
"5763",2025-05-29 02:00:00,8.66141666666667,9.41215
"5764",2025-05-29 03:00:00,8.63066666666667,9.41433333333333
"5765",2025-05-29 04:00:00,8.58875,9.41856666666667
"5766",2025-05-29 05:00:00,8.56483333333333,9.423125
"5767",2025-05-29 06:00:00,8.5525,9.43005833333333
"5768",2025-05-29 07:00:00,8.64066666666667,9.43831666666667
"5769",2025-05-29 08:00:00,8.8675,9.44250833333333
"5770",2025-05-29 09:00:00,9.12516666666667,9.44904166666667
"5771",2025-05-29 10:00:00,9.3505,9.4533
"5772",2025-05-29 11:00:00,9.56508333333333,9.455625
"5773",2025-05-29 12:00:00,9.84816666666667,9.45701666666667
"5774",2025-05-29 13:00:00,10.0796666666667,9.452275
"5775",2025-05-29 14:00:00,10.2308333333333,9.44959166666667
"5776",2025-05-29 15:00:00,10.18725,9.444525
"5777",2025-05-29 16:00:00,10.0201666666667,9.43855
"5778",2025-05-29 17:00:00,9.7505,9.43139166666667
"5779",2025-05-29 18:00:00,9.48141666666667,9.42685
"5780",2025-05-29 19:00:00,9.26908333333333,9.428725
"5781",2025-05-29 20:00:00,9.04541666666667,9.43145833333333
"5782",2025-05-29 21:00:00,8.928,9.43131666666667
"5783",2025-05-29 22:00:00,8.84458333333333,9.43175833333333
"5784",2025-05-29 23:00:00,8.78508333333333,9.43331666666667
"5785",2025-05-30,8.73333333333333,9.43815
"5786",2025-05-30 01:00:00,8.70058333333333,9.44135833333333
"5787",2025-05-30 02:00:00,8.67583333333333,9.442675
"5788",2025-05-30 03:00:00,8.63133333333333,9.44520833333333
"5789",2025-05-30 04:00:00,8.60725,9.44620833333333
"5790",2025-05-30 05:00:00,8.57441666666667,9.449375
"5791",2025-05-30 06:00:00,8.58075,9.45411666666667
"5792",2025-05-30 07:00:00,8.66541666666667,9.45740833333333
"5793",2025-05-30 08:00:00,8.88908333333333,9.45789166666667
"5794",2025-05-30 09:00:00,9.17525,9.456025
"5795",2025-05-30 10:00:00,9.53791666666667,9.45199166666667
"5796",2025-05-30 11:00:00,9.88166666666667,9.45158333333333
"5797",2025-05-30 12:00:00,10.1574166666667,9.4528
"5798",2025-05-30 13:00:00,10.32875,9.448025
"5799",2025-05-30 14:00:00,10.34725,9.44121666666667
"5800",2025-05-30 15:00:00,10.28875,9.43385833333333
"5801",2025-05-30 16:00:00,10.1355,9.42548333333333
"5802",2025-05-30 17:00:00,9.86541666666667,9.41670833333333
"5803",2025-05-30 18:00:00,9.53575,9.4087
"5804",2025-05-30 19:00:00,9.25858333333333,9.40590833333333
"5805",2025-05-30 20:00:00,9.0835,9.40483333333333
"5806",2025-05-30 21:00:00,9.01591666666667,9.40513333333333
"5807",2025-05-30 22:00:00,8.91958333333333,9.40518333333333
"5808",2025-05-30 23:00:00,8.858,9.4044
"5809",2025-05-31,8.81958333333333,9.40291666666667
"5810",2025-05-31 01:00:00,8.79133333333333,9.40201666666667
"5811",2025-05-31 02:00:00,8.7715,9.40049166666667
"5812",2025-05-31 03:00:00,8.75358333333333,9.40013333333333
"5813",2025-05-31 04:00:00,8.74008333333333,9.39984166666667
"5814",2025-05-31 05:00:00,8.73075,9.403325
"5815",2025-05-31 06:00:00,8.75291666666667,9.41009166666667
"5816",2025-05-31 07:00:00,8.80358333333333,9.41255833333333
"5817",2025-05-31 08:00:00,8.99858333333333,9.41379166666667
"5818",2025-05-31 09:00:00,9.27266666666667,9.41454166666667
"5819",2025-05-31 10:00:00,9.62991666666667,9.41238333333333
"5820",2025-05-31 11:00:00,9.97208333333333,9.41591666666667
"5821",2025-05-31 12:00:00,10.2558333333333,9.41656666666667
"5822",2025-05-31 13:00:00,10.46575,9.41356666666667
"5823",2025-05-31 14:00:00,10.4801666666667,9.40889166666667
"5824",2025-05-31 15:00:00,10.291,9.402475
"5825",2025-05-31 16:00:00,10.0649166666667,9.39605833333333
"5826",2025-05-31 17:00:00,9.91058333333333,9.39303333333333
"5827",2025-05-31 18:00:00,9.6515,9.389475
"5828",2025-05-31 19:00:00,9.39858333333333,9.388025
"5829",2025-05-31 20:00:00,9.15816666666667,9.38698333333333
"5830",2025-05-31 21:00:00,8.98258333333333,9.39364166666667
"5831",2025-05-31 22:00:00,8.88158333333333,9.40006666666667
"5832",2025-05-31 23:00:00,8.83741666666667,9.40176666666667
"5833",2025-06-01,8.81183333333333,9.40395
"5834",2025-06-01 01:00:00,8.76133333333333,9.40506666666667
"5835",2025-06-01 02:00:00,8.72133333333333,9.40541666666667
"5836",2025-06-01 03:00:00,8.68466666666667,9.406025
"5837",2025-06-01 04:00:00,8.66741666666667,9.40476666666667
"5838",2025-06-01 05:00:00,8.65408333333333,9.40424166666667
"5839",2025-06-01 06:00:00,8.64633333333333,9.4072
"5840",2025-06-01 07:00:00,8.74483333333333,9.41186666666667
"5841",2025-06-01 08:00:00,8.95583333333333,9.41480833333333
"5842",2025-06-01 09:00:00,9.204,9.41660833333333
"5843",2025-06-01 10:00:00,9.50333333333333,9.41515
"5844",2025-06-01 11:00:00,9.81108333333333,9.41366666666667
"5845",2025-06-01 12:00:00,10.0519166666667,9.40895
"5846",2025-06-01 13:00:00,10.1953333333333,9.40275
"5847",2025-06-01 14:00:00,10.1686666666667,9.39583333333333
"5848",2025-06-01 15:00:00,10.1794166666667,9.39445833333333
"5849",2025-06-01 16:00:00,10.0633333333333,9.39010833333333
"5850",2025-06-01 17:00:00,9.81566666666667,9.385125
"5851",2025-06-01 18:00:00,9.55491666666667,9.38311666666667
"5852",2025-06-01 19:00:00,9.2845,9.387225
"5853",2025-06-01 20:00:00,9.0575,9.39353333333333
"5854",2025-06-01 21:00:00,8.92675,9.3991
"5855",2025-06-01 22:00:00,8.84758333333333,9.4062
"5856",2025-06-01 23:00:00,8.78008333333333,9.41433333333333
"5857",2025-06-02,8.74983333333333,9.41775833333333
"5858",2025-06-02 01:00:00,8.70066666666667,9.42075833333333
"5859",2025-06-02 02:00:00,8.65225,9.4226
"5860",2025-06-02 03:00:00,8.61825,9.42625
"5861",2025-06-02 04:00:00,8.55775,9.43016666666667
"5862",2025-06-02 05:00:00,8.51083333333333,9.430125
"5863",2025-06-02 06:00:00,8.49283333333333,9.430475
"5864",2025-06-02 07:00:00,8.56775,9.43209166666667
"5865",2025-06-02 08:00:00,8.81333333333333,9.43505833333333
"5866",2025-06-02 09:00:00,9.09141666666667,9.43996666666667
"5867",2025-06-02 10:00:00,9.42575,9.443775
"5868",2025-06-02 11:00:00,9.76633333333333,9.44538333333333
"5869",2025-06-02 12:00:00,10.0419166666667,9.44035833333333
"5870",2025-06-02 13:00:00,10.20375,9.43303333333333
"5871",2025-06-02 14:00:00,10.2386666666667,9.425725
"5872",2025-06-02 15:00:00,10.1979166666667,9.41930833333333
"5873",2025-06-02 16:00:00,10.0713333333333,9.41305
"5874",2025-06-02 17:00:00,9.79908333333333,9.40595
"5875",2025-06-02 18:00:00,9.53641666666667,9.39981666666667
"5876",2025-06-02 19:00:00,9.25558333333333,9.4015
"5877",2025-06-02 20:00:00,9.03241666666667,9.40608333333333
"5878",2025-06-02 21:00:00,8.90816666666667,9.40753333333333
"5879",2025-06-02 22:00:00,8.83916666666667,9.41010833333333
"5880",2025-06-02 23:00:00,8.78025,9.41340833333333
"5881",2025-06-03,8.69558333333333,9.4191
"5882",2025-06-03 01:00:00,8.62408333333333,9.42250833333333
"5883",2025-06-03 02:00:00,8.56408333333333,9.42273333333333
"5884",2025-06-03 03:00:00,8.51066666666667,9.42459166666667
"5885",2025-06-03 04:00:00,8.47308333333333,9.42795
"5886",2025-06-03 05:00:00,8.44358333333333,9.43005833333333
"5887",2025-06-03 06:00:00,8.438,9.4338
"5888",2025-06-03 07:00:00,8.53775,9.43503333333333
"5889",2025-06-03 08:00:00,8.78783333333333,9.43495833333333
"5890",2025-06-03 09:00:00,9.07075,9.435125
"5891",2025-06-03 10:00:00,9.421,9.43290833333333
"5892",2025-06-03 11:00:00,9.75908333333333,9.42963333333333
"5893",2025-06-03 12:00:00,10.0481666666667,9.427
"5894",2025-06-03 13:00:00,10.2245,9.426
"5895",2025-06-03 14:00:00,10.28775,9.42394166666667
"5896",2025-06-03 15:00:00,10.2315,9.42020833333333
"5897",2025-06-03 16:00:00,10.0599166666667,9.4135
"5898",2025-06-03 17:00:00,9.8165,9.40586666666667
"5899",2025-06-03 18:00:00,9.57991666666667,9.39926666666667
"5900",2025-06-03 19:00:00,9.29883333333333,9.39681666666667
"5901",2025-06-03 20:00:00,9.06258333333333,9.40150833333333
"5902",2025-06-03 21:00:00,8.94616666666667,9.40586666666667
"5903",2025-06-03 22:00:00,8.8565,9.41339166666667
"5904",2025-06-03 23:00:00,8.77158333333333,9.41866666666667
"5905",2025-06-04,8.72883333333333,9.42129166666667
"5906",2025-06-04 01:00:00,8.66608333333333,9.4222
"5907",2025-06-04 02:00:00,8.60125,9.42300833333333
"5908",2025-06-04 03:00:00,8.55291666666667,9.42431666666667
"5909",2025-06-04 04:00:00,8.5185,9.4258
"5910",2025-06-04 05:00:00,8.47466666666667,9.4266
"5911",2025-06-04 06:00:00,8.46675,9.4271
"5912",2025-06-04 07:00:00,8.57141666666667,9.42840833333333
"5913",2025-06-04 08:00:00,8.81125,9.431325
"5914",2025-06-04 09:00:00,9.08333333333333,9.43269166666667
"5915",2025-06-04 10:00:00,9.42825,9.43005
"5916",2025-06-04 11:00:00,9.76841666666667,9.42554166666667
"5917",2025-06-04 12:00:00,10.0378333333333,9.41835
"5918",2025-06-04 13:00:00,10.2223333333333,9.40088333333333
"5919",2025-06-04 14:00:00,10.2360833333333,9.3919
"5920",2025-06-04 15:00:00,10.1885833333333,9.38698333333333
"5921",2025-06-04 16:00:00,10.0180833333333,9.38106666666667
"5922",2025-06-04 17:00:00,9.76191666666667,9.37716666666667
"5923",2025-06-04 18:00:00,9.49183333333333,9.37548333333333
"5924",2025-06-04 19:00:00,9.22566666666667,9.37646666666667
"5925",2025-06-04 20:00:00,9.03091666666667,9.3771
"5926",2025-06-04 21:00:00,8.94558333333333,9.38015
"5927",2025-06-04 22:00:00,8.87841666666667,9.38498333333333
"5928",2025-06-04 23:00:00,8.78516666666667,9.383175
"5929",2025-06-05,8.70366666666667,9.38225833333333
"5930",2025-06-05 01:00:00,8.66525,9.381075
"5931",2025-06-05 02:00:00,8.6375,9.37973333333333
"5932",2025-06-05 03:00:00,8.61858333333333,9.37881666666667
"5933",2025-06-05 04:00:00,8.59108333333333,9.37879166666667
"5934",2025-06-05 05:00:00,8.54641666666667,9.37939166666667
"5935",2025-06-05 06:00:00,8.53025,9.38193333333333
"5936",2025-06-05 07:00:00,8.62791666666667,9.3846
"5937",2025-06-05 08:00:00,8.86491666666667,9.38599166666667
"5938",2025-06-05 09:00:00,9.13041666666667,9.38721666666667
"5939",2025-06-05 10:00:00,9.4615,9.38785833333333
"5940",2025-06-05 11:00:00,9.79191666666667,9.39045
"5941",2025-06-05 12:00:00,10.0744166666667,9.39025833333333
"5942",2025-06-05 13:00:00,10.2254166666667,9.38408333333333
"5943",2025-06-05 14:00:00,10.26275,9.37701666666667
"5944",2025-06-05 15:00:00,10.1969166666667,9.3718
"5945",2025-06-05 16:00:00,10.0320833333333,9.36645
"5946",2025-06-05 17:00:00,9.80508333333333,9.36070833333333
"5947",2025-06-05 18:00:00,9.57116666666667,9.3584
"5948",2025-06-05 19:00:00,9.34533333333333,9.35993333333333
"5949",2025-06-05 20:00:00,9.11383333333333,9.35931666666667
"5950",2025-06-05 21:00:00,8.95566666666667,9.360575
"5951",2025-06-05 22:00:00,8.91725,9.36596666666667
"5952",2025-06-05 23:00:00,8.83116666666667,9.375725
"5953",2025-06-06,8.76825,9.37925
"5954",2025-06-06 01:00:00,8.7335,9.38073333333333
"5955",2025-06-06 02:00:00,8.70275,9.3834
"5956",2025-06-06 03:00:00,8.67258333333333,9.386725
"5957",2025-06-06 04:00:00,8.65141666666667,9.388925
"5958",2025-06-06 05:00:00,8.63508333333333,9.39424166666667
"5959",2025-06-06 06:00:00,8.63925,9.39915833333333
"5960",2025-06-06 07:00:00,8.71041666666667,9.40385
"5961",2025-06-06 08:00:00,8.93141666666667,9.40809166666667
"5962",2025-06-06 09:00:00,9.22566666666667,9.41229166666667
"5963",2025-06-06 10:00:00,9.52825,9.41479166666667
"5964",2025-06-06 11:00:00,9.80958333333333,9.41384166666667
"5965",2025-06-06 12:00:00,10.0589166666667,9.41005833333333
"5966",2025-06-06 13:00:00,10.2525,9.40670833333333
"5967",2025-06-06 14:00:00,10.3095,9.40170833333333
"5968",2025-06-06 15:00:00,10.2579166666667,9.39573333333333
"5969",2025-06-06 16:00:00,10.0574166666667,9.38914166666667
"5970",2025-06-06 17:00:00,9.81158333333333,9.3828
"5971",2025-06-06 18:00:00,9.61916666666667,9.3797
"5972",2025-06-06 19:00:00,9.38241666666667,9.38179166666667
"5973",2025-06-06 20:00:00,9.18425,9.383825
"5974",2025-06-06 21:00:00,9.06525,9.38530833333333
"5975",2025-06-06 22:00:00,8.95333333333333,9.38764166666667
"5976",2025-06-06 23:00:00,8.87516666666667,9.38876666666667
"5977",2025-06-07,8.81775,9.39466666666667
"5978",2025-06-07 01:00:00,8.76658333333333,9.39605833333333
"5979",2025-06-07 02:00:00,8.74266666666667,9.39570833333333
"5980",2025-06-07 03:00:00,8.72391666666667,9.39554166666667
"5981",2025-06-07 04:00:00,8.70275,9.39771666666667
"5982",2025-06-07 05:00:00,8.68725,9.40145
"5983",2025-06-07 06:00:00,8.68,9.40838333333333
"5984",2025-06-07 07:00:00,8.74541666666667,9.41009166666667
"5985",2025-06-07 08:00:00,8.95508333333333,9.41415833333333
"5986",2025-06-07 09:00:00,9.21808333333333,9.41833333333333
"5987",2025-06-07 10:00:00,9.563,9.42213333333333
"5988",2025-06-07 11:00:00,9.91108333333333,9.42328333333333
"5989",2025-06-07 12:00:00,10.19125,9.42029166666667
"5990",2025-06-07 13:00:00,10.3463333333333,9.416775
"5991",2025-06-07 14:00:00,10.3785833333333,9.41206666666667
"5992",2025-06-07 15:00:00,10.32575,9.4071
"5993",2025-06-07 16:00:00,10.15075,9.40076666666667
"5994",2025-06-07 17:00:00,9.87825,9.39458333333333
"5995",2025-06-07 18:00:00,9.60825,9.38965833333333
"5996",2025-06-07 19:00:00,9.42441666666667,9.39169166666667
"5997",2025-06-07 20:00:00,9.22975,9.39320833333333
"5998",2025-06-07 21:00:00,9.11208333333333,9.39471666666667
"5999",2025-06-07 22:00:00,9.01316666666667,9.39775
"6000",2025-06-07 23:00:00,8.94691666666667,9.402675
"6001",2025-06-08,8.8835,9.40534166666667
"6002",2025-06-08 01:00:00,8.83625,9.407375
"6003",2025-06-08 02:00:00,8.80225,9.408275
"6004",2025-06-08 03:00:00,8.7835,9.408125
"6005",2025-06-08 04:00:00,8.77091666666667,9.40883333333333
"6006",2025-06-08 05:00:00,8.75,9.411575
"6007",2025-06-08 06:00:00,8.74508333333333,9.414175
"6008",2025-06-08 07:00:00,8.808,9.4178
"6009",2025-06-08 08:00:00,8.99833333333333,9.41809166666667
"6010",2025-06-08 09:00:00,9.27541666666667,9.41815833333333
"6011",2025-06-08 10:00:00,9.6225,9.415625
"6012",2025-06-08 11:00:00,9.96341666666667,9.413225
"6013",2025-06-08 12:00:00,10.2579166666667,9.409525
"6014",2025-06-08 13:00:00,10.4025833333333,9.40463333333333
"6015",2025-06-08 14:00:00,10.457,9.39979166666667
"6016",2025-06-08 15:00:00,10.4199166666667,9.395275
"6017",2025-06-08 16:00:00,10.24225,9.38776666666667
"6018",2025-06-08 17:00:00,9.99625,9.38458333333333
"6019",2025-06-08 18:00:00,9.73375,9.38254166666667
"6020",2025-06-08 19:00:00,9.48416666666667,9.38496666666667
"6021",2025-06-08 20:00:00,9.24483333333333,9.387975
"6022",2025-06-08 21:00:00,9.14058333333333,9.39290833333333
"6023",2025-06-08 22:00:00,9.02283333333333,9.39938333333333
"6024",2025-06-08 23:00:00,8.93458333333333,9.40255833333333
"6025",2025-06-09,8.87441666666667,9.40125
"6026",2025-06-09 01:00:00,8.82733333333333,9.40100833333333
"6027",2025-06-09 02:00:00,8.80966666666667,9.40075
"6028",2025-06-09 03:00:00,8.79116666666667,9.39914166666667
"6029",2025-06-09 04:00:00,8.75716666666667,9.39854166666667
"6030",2025-06-09 05:00:00,8.73366666666667,9.39805833333333
"6031",2025-06-09 06:00:00,8.73283333333333,9.398725
"6032",2025-06-09 07:00:00,8.79725,9.401125
"6033",2025-06-09 08:00:00,8.9915,9.406175
"6034",2025-06-09 09:00:00,9.25191666666667,9.406375
"6035",2025-06-09 10:00:00,9.58433333333333,9.40483333333333
"6036",2025-06-09 11:00:00,9.91583333333333,9.40690833333333
"6037",2025-06-09 12:00:00,10.2250833333333,9.40691666666667
"6038",2025-06-09 13:00:00,10.3841666666667,9.401075
"6039",2025-06-09 14:00:00,10.4316666666667,9.39276666666667
"6040",2025-06-09 15:00:00,10.1891666666667,9.38465833333333
"6041",2025-06-09 16:00:00,9.72366666666667,9.37775833333333
"6042",2025-06-09 17:00:00,9.47041666666667,9.37976666666667
"6043",2025-06-09 18:00:00,9.31491666666667,9.38146666666667
"6044",2025-06-09 19:00:00,9.20166666666667,9.3875
"6045",2025-06-09 20:00:00,9.07458333333333,9.39666666666667
"6046",2025-06-09 21:00:00,9.0725,9.386925
"6047",2025-06-09 22:00:00,9.00058333333333,9.39084166666667
"6048",2025-06-09 23:00:00,8.91216666666667,9.392125
"6049",2025-06-10,8.86841666666667,9.39094166666667
"6050",2025-06-10 01:00:00,8.84266666666667,9.39115833333333
"6051",2025-06-10 02:00:00,8.81983333333333,9.39083333333333
"6052",2025-06-10 03:00:00,8.79991666666667,9.39164166666667
"6053",2025-06-10 04:00:00,8.79041666666667,9.39188333333333
"6054",2025-06-10 05:00:00,8.7595,9.3909
"6055",2025-06-10 06:00:00,8.7635,9.3919
"6056",2025-06-10 07:00:00,8.82108333333333,9.39565833333333
"6057",2025-06-10 08:00:00,9.00816666666667,9.39506666666667
"6058",2025-06-10 09:00:00,9.24391666666667,9.39159166666667
"6059",2025-06-10 10:00:00,9.58233333333333,9.3885
"6060",2025-06-10 11:00:00,9.90333333333333,9.38534166666667
"6061",2025-06-10 12:00:00,10.1283333333333,9.38140833333333
"6062",2025-06-10 13:00:00,10.32475,9.37513333333333
"6063",2025-06-10 14:00:00,10.3795,9.36993333333333
"6064",2025-06-10 15:00:00,10.314,9.36405833333333
"6065",2025-06-10 16:00:00,10.0704166666667,9.35780833333333
"6066",2025-06-10 17:00:00,9.72491666666667,9.35976666666667
"6067",2025-06-10 18:00:00,9.42125,9.3566
"6068",2025-06-10 19:00:00,9.24433333333333,9.35928333333333
"6069",2025-06-10 20:00:00,9.09625,9.36391666666667
"6070",2025-06-10 21:00:00,9.01541666666667,9.37366666666667
"6071",2025-06-10 22:00:00,9.09975,9.3863
"6072",2025-06-10 23:00:00,8.97258333333333,9.383975
"6073",2025-06-11,8.88341666666667,9.38325833333333
"6074",2025-06-11 01:00:00,8.82025,9.38445
"6075",2025-06-11 02:00:00,8.80183333333333,9.38559166666667
"6076",2025-06-11 03:00:00,8.76408333333333,9.38264166666667
"6077",2025-06-11 04:00:00,8.72808333333333,9.386325
"6078",2025-06-11 05:00:00,8.70025,9.38858333333333
"6079",2025-06-11 06:00:00,8.692,9.39215
"6080",2025-06-11 07:00:00,8.7455,9.39355
"6081",2025-06-11 08:00:00,8.9345,9.39495
"6082",2025-06-11 09:00:00,9.19225,9.39639166666667
"6083",2025-06-11 10:00:00,9.51916666666667,9.39561666666667
"6084",2025-06-11 11:00:00,9.83991666666667,9.393875
"6085",2025-06-11 12:00:00,10.0831666666667,9.39289166666667
"6086",2025-06-11 13:00:00,10.2319166666667,9.39103333333333
"6087",2025-06-11 14:00:00,10.2368333333333,9.38730833333333
"6088",2025-06-11 15:00:00,10.1766666666667,9.38224166666667
"6089",2025-06-11 16:00:00,10.027,9.37604166666667
"6090",2025-06-11 17:00:00,9.82025,9.37095
"6091",2025-06-11 18:00:00,9.58583333333333,9.37036666666667
"6092",2025-06-11 19:00:00,9.2795,9.37309166666667
"6093",2025-06-11 20:00:00,9.05658333333333,9.37813333333333
"6094",2025-06-11 21:00:00,8.93141666666667,9.38608333333333
"6095",2025-06-11 22:00:00,8.84841666666667,9.39346666666667
"6096",2025-06-11 23:00:00,8.79841666666667,9.39388333333333
"6097",2025-06-12,8.747,9.39498333333333
"6098",2025-06-12 01:00:00,8.70241666666667,9.39736666666667
"6099",2025-06-12 02:00:00,8.6675,9.39931666666667
"6100",2025-06-12 03:00:00,8.63733333333333,9.39873333333333
"6101",2025-06-12 04:00:00,8.61208333333333,9.397775
"6102",2025-06-12 05:00:00,8.58008333333333,9.39825
"6103",2025-06-12 06:00:00,8.56666666666667,9.39810833333333
"6104",2025-06-12 07:00:00,8.64433333333333,9.39823333333333
"6105",2025-06-12 08:00:00,8.86958333333333,9.39883333333333
"6106",2025-06-12 09:00:00,9.129,9.40040833333333
"6107",2025-06-12 10:00:00,9.3945,9.40215833333333
"6108",2025-06-12 11:00:00,9.73975,9.40320833333333
"6109",2025-06-12 12:00:00,10.0270833333333,9.39856666666667
"6110",2025-06-12 13:00:00,10.1745833333333,9.392
"6111",2025-06-12 14:00:00,10.2061666666667,9.385275
"6112",2025-06-12 15:00:00,10.1384166666667,9.377275
"6113",2025-06-12 16:00:00,9.99208333333333,9.36906666666667
"6114",2025-06-12 17:00:00,9.74541666666667,9.36160833333333
"6115",2025-06-12 18:00:00,9.5445,9.35845833333333
"6116",2025-06-12 19:00:00,9.32341666666667,9.36070833333333
"6117",2025-06-12 20:00:00,9.09875,9.36319166666667
"6118",2025-06-12 21:00:00,8.97616666666667,9.364475
"6119",2025-06-12 22:00:00,8.89733333333333,9.366475
"6120",2025-06-12 23:00:00,8.83525,9.36728333333333
"6121",2025-06-13,8.80358333333333,9.36834166666667
"6122",2025-06-13 01:00:00,8.76458333333333,9.3696
"6123",2025-06-13 02:00:00,8.69691666666667,9.37136666666667
"6124",2025-06-13 03:00:00,8.65625,9.37384166666667
"6125",2025-06-13 04:00:00,8.61516666666667,9.375175
"6126",2025-06-13 05:00:00,8.588,9.37543333333333
"6127",2025-06-13 06:00:00,8.57525,9.37793333333333
"6128",2025-06-13 07:00:00,8.65816666666667,9.37821666666667
"6129",2025-06-13 08:00:00,8.88258333333333,9.37804166666667
"6130",2025-06-13 09:00:00,9.13366666666667,9.376525
"6131",2025-06-13 10:00:00,9.46466666666667,9.37485833333333
"6132",2025-06-13 11:00:00,9.7935,9.37368333333333
"6133",2025-06-13 12:00:00,10.0535,9.37164166666667
"6134",2025-06-13 13:00:00,10.2001666666667,9.36911666666667
"6135",2025-06-13 14:00:00,10.2400833333333,9.36676666666667
"6136",2025-06-13 15:00:00,10.2005,9.36426666666667
"6137",2025-06-13 16:00:00,10.0629166666667,9.36303333333333
"6138",2025-06-13 17:00:00,9.80583333333333,9.3634
"6139",2025-06-13 18:00:00,9.55708333333333,9.36493333333333
"6140",2025-06-13 19:00:00,9.2745,9.36764166666667
"6141",2025-06-13 20:00:00,9.03658333333333,9.37723333333333
"6142",2025-06-13 21:00:00,8.87916666666667,9.38391666666667
"6143",2025-06-13 22:00:00,8.79508333333333,9.3924
"6144",2025-06-13 23:00:00,8.75341666666667,9.395875
"6145",2025-06-14,8.70166666666667,9.39635833333333
"6146",2025-06-14 01:00:00,8.65275,9.39554166666667
"6147",2025-06-14 02:00:00,8.61425,9.39376666666667
"6148",2025-06-14 03:00:00,8.5895,9.39305833333333
"6149",2025-06-14 04:00:00,8.5545,9.3934
"6150",2025-06-14 05:00:00,8.53091666666667,9.397675
"6151",2025-06-14 06:00:00,8.52816666666667,9.401625
"6152",2025-06-14 07:00:00,8.62075,9.40600833333333
"6153",2025-06-14 08:00:00,8.84858333333333,9.40721666666667
"6154",2025-06-14 09:00:00,9.11641666666667,9.406125
"6155",2025-06-14 10:00:00,9.44833333333333,9.40293333333333
"6156",2025-06-14 11:00:00,9.7825,9.4028
"6157",2025-06-14 12:00:00,10.0571666666667,9.40460833333333
"6158",2025-06-14 13:00:00,10.2123333333333,9.403375
"6159",2025-06-14 14:00:00,10.2033333333333,9.39843333333333
"6160",2025-06-14 15:00:00,10.092,9.39274166666667
"6161",2025-06-14 16:00:00,9.84633333333333,9.38629166666667
"6162",2025-06-14 17:00:00,9.67758333333333,9.3804
"6163",2025-06-14 18:00:00,9.47925,9.37643333333333
"6164",2025-06-14 19:00:00,9.30475,9.37986666666667
"6165",2025-06-14 20:00:00,9.10616666666667,9.38805833333333
"6166",2025-06-14 21:00:00,8.944,9.398175
"6167",2025-06-14 22:00:00,8.85933333333333,9.40568333333333
"6168",2025-06-14 23:00:00,8.82491666666667,9.40905
"6169",2025-06-15,8.80158333333333,9.41216666666667
"6170",2025-06-15 01:00:00,8.749,9.41478333333333
"6171",2025-06-15 02:00:00,8.69458333333333,9.41361666666667
"6172",2025-06-15 03:00:00,8.65941666666667,9.41316666666667
"6173",2025-06-15 04:00:00,8.63883333333333,9.41175
"6174",2025-06-15 05:00:00,8.61433333333333,9.41275833333333
"6175",2025-06-15 06:00:00,8.60975,9.413175
"6176",2025-06-15 07:00:00,8.69408333333333,9.4156
"6177",2025-06-15 08:00:00,8.89266666666667,9.41815
"6178",2025-06-15 09:00:00,9.13658333333333,9.4188
"6179",2025-06-15 10:00:00,9.43291666666667,9.419575
"6180",2025-06-15 11:00:00,9.76441666666667,9.42143333333333
"6181",2025-06-15 12:00:00,9.99608333333333,9.4208
"6182",2025-06-15 13:00:00,9.9175,9.41519166666667
"6183",2025-06-15 14:00:00,10.11975,9.41345
"6184",2025-06-15 15:00:00,10.1843333333333,9.4095
"6185",2025-06-15 16:00:00,9.8285,9.401
"6186",2025-06-15 17:00:00,9.5105,9.39303333333333
"6187",2025-06-15 18:00:00,9.27116666666667,9.38705
"6188",2025-06-15 19:00:00,9.16025,9.38641666666667
"6189",2025-06-15 20:00:00,9.07458333333333,9.38788333333333
"6190",2025-06-15 21:00:00,8.9885,9.39138333333333
"6191",2025-06-15 22:00:00,8.94658333333333,9.39965833333333
"6192",2025-06-15 23:00:00,8.92525,9.40110833333333
"6193",2025-06-16,8.88641666666667,9.4038
"6194",2025-06-16 01:00:00,8.84341666666667,9.404
"6195",2025-06-16 02:00:00,8.77983333333333,9.40403333333333
"6196",2025-06-16 03:00:00,8.73458333333333,9.40324166666667
"6197",2025-06-16 04:00:00,8.70983333333333,9.40025833333333
"6198",2025-06-16 05:00:00,8.69375,9.40400833333333
"6199",2025-06-16 06:00:00,8.6985,9.407625
"6200",2025-06-16 07:00:00,8.77866666666667,9.40956666666667
"6201",2025-06-16 08:00:00,8.977,9.41125
"6202",2025-06-16 09:00:00,9.20658333333333,9.4149
"6203",2025-06-16 10:00:00,9.52625,9.41696666666667
"6204",2025-06-16 11:00:00,9.89191666666667,9.42108333333333
"6205",2025-06-16 12:00:00,9.91341666666667,9.41823333333333
"6206",2025-06-16 13:00:00,10.1093333333333,9.41854166666667
"6207",2025-06-16 14:00:00,10.0723333333333,9.41389166666667
"6208",2025-06-16 15:00:00,10.1879166666667,9.412325
"6209",2025-06-16 16:00:00,10.0643333333333,9.40696666666667
"6210",2025-06-16 17:00:00,9.83216666666667,9.40283333333333
"6211",2025-06-16 18:00:00,9.56275,9.39873333333333
"6212",2025-06-16 19:00:00,9.2925,9.39728333333333
"6213",2025-06-16 20:00:00,9.07133333333333,9.4011
"6214",2025-06-16 21:00:00,8.93108333333333,9.41464166666667
"6215",2025-06-16 22:00:00,8.86375,9.42139166666667
"6216",2025-06-16 23:00:00,8.804,9.42076666666667
"6217",2025-06-17,8.74433333333333,9.42066666666667
"6218",2025-06-17 01:00:00,8.699,9.42045
"6219",2025-06-17 02:00:00,8.65716666666667,9.42059166666667
"6220",2025-06-17 03:00:00,8.626,9.4201
"6221",2025-06-17 04:00:00,8.5995,9.42003333333333
"6222",2025-06-17 05:00:00,8.58375,9.42233333333333
"6223",2025-06-17 06:00:00,8.57541666666667,9.425725
"6224",2025-06-17 07:00:00,8.66158333333333,9.42786666666667
"6225",2025-06-17 08:00:00,8.895,9.43041666666667
"6226",2025-06-17 09:00:00,9.16475,9.43431666666667
"6227",2025-06-17 10:00:00,9.50358333333333,9.43258333333333
"6228",2025-06-17 11:00:00,9.84583333333333,9.43150833333333
"6229",2025-06-17 12:00:00,10.117,9.43078333333333
"6230",2025-06-17 13:00:00,10.28375,9.42988333333333
"6231",2025-06-17 14:00:00,10.3114166666667,9.42584166666667
"6232",2025-06-17 15:00:00,10.2288333333333,9.419425
"6233",2025-06-17 16:00:00,10.0713333333333,9.41188333333333
"6234",2025-06-17 17:00:00,9.8235,9.40388333333333
"6235",2025-06-17 18:00:00,9.573,9.39654166666667
"6236",2025-06-17 19:00:00,9.33533333333333,9.39500833333333
"6237",2025-06-17 20:00:00,9.146,9.39833333333333
"6238",2025-06-17 21:00:00,9.02658333333333,9.402675
"6239",2025-06-17 22:00:00,8.93225,9.40866666666667
"6240",2025-06-17 23:00:00,8.86875,9.41089166666667
"6241",2025-06-18,8.81775,9.41218333333333
"6242",2025-06-18 01:00:00,8.77991666666667,9.41189166666667
"6243",2025-06-18 02:00:00,8.75441666666667,9.41274166666667
"6244",2025-06-18 03:00:00,8.73316666666667,9.41150833333333
"6245",2025-06-18 04:00:00,8.70983333333333,9.411425
"6246",2025-06-18 05:00:00,8.67791666666667,9.41379166666667
"6247",2025-06-18 06:00:00,8.66883333333333,9.41575833333333
"6248",2025-06-18 07:00:00,8.70857142857143,9.41981428571428
"6249",2025-06-18 08:00:00,9.15,9.404375
"6250",2025-06-18 09:00:00,9.28525,9.408725
"6251",2025-06-18 10:00:00,9.6625,9.407325
"6252",2025-06-18 11:00:00,10.064,9.4067
"6253",2025-06-18 12:00:00,10.38625,9.401475
"6254",2025-06-18 13:00:00,10.5945,9.3947
"6255",2025-06-18 14:00:00,10.64875,9.38755
"6256",2025-06-18 15:00:00,10.59,9.381425
"6257",2025-06-18 16:00:00,10.479,9.3756
"6258",2025-06-18 17:00:00,10.25775,9.3704
"6259",2025-06-18 18:00:00,9.96125,9.3673
"6260",2025-06-18 19:00:00,9.653,9.367225
"6261",2025-06-18 20:00:00,9.319,9.367175
"6262",2025-06-18 21:00:00,9.07825,9.367725
"6263",2025-06-18 22:00:00,8.97775,9.37305
"6264",2025-06-18 23:00:00,8.9465,9.371575
"6265",2025-06-19,8.876,9.371925
"6266",2025-06-19 01:00:00,8.8095,9.371525
"6267",2025-06-19 02:00:00,8.77025,9.3706
"6268",2025-06-19 03:00:00,8.746,9.368275
"6269",2025-06-19 04:00:00,8.71625,9.365775
"6270",2025-06-19 05:00:00,8.6855,9.365825
"6271",2025-06-19 06:00:00,8.67375,9.3646
"6272",2025-06-19 07:00:00,8.76225,9.365725
"6273",2025-06-19 08:00:00,8.945,9.367175
"6274",2025-06-19 09:00:00,9.247,9.36865
"6275",2025-06-19 10:00:00,9.603,9.361825
"6276",2025-06-19 11:00:00,9.9755,9.35725
"6277",2025-06-19 12:00:00,10.28625,9.350225
"6278",2025-06-19 13:00:00,10.491,9.344825
"6279",2025-06-19 14:00:00,10.543,9.3377
"6280",2025-06-19 15:00:00,10.518,9.3333
"6281",2025-06-19 16:00:00,10.326,9.33125
"6282",2025-06-19 17:00:00,9.964,9.334375
"6283",2025-06-19 18:00:00,9.74875,9.33595
"6284",2025-06-19 19:00:00,9.424,9.33835
"6285",2025-06-19 20:00:00,9.13975,9.3383
"6286",2025-06-19 21:00:00,8.976,9.341075
"6287",2025-06-19 22:00:00,8.89525,9.341775
"6288",2025-06-19 23:00:00,8.854,9.3393
"6289",2025-06-20,8.80725,9.337275
"6290",2025-06-20 01:00:00,8.78,9.337125
"6291",2025-06-20 02:00:00,8.771,9.3367
"6292",2025-06-20 03:00:00,8.77125,9.335075
"6293",2025-06-20 04:00:00,8.75025,9.33645
"6294",2025-06-20 05:00:00,8.717,9.339
"6295",2025-06-20 06:00:00,8.716,9.341875
"6296",2025-06-20 07:00:00,8.758,9.3427
"6297",2025-06-20 08:00:00,8.86625,9.34495
"6298",2025-06-20 09:00:00,8.947,9.3491
"6299",2025-06-20 10:00:00,8.9545,9.35155
"6300",2025-06-20 11:00:00,9.07225,9.3533
"6301",2025-06-20 12:00:00,9.11525,9.35525
"6302",2025-06-20 13:00:00,9.479,9.354375
"6303",2025-06-20 14:00:00,9.96425,9.35455
"6304",2025-06-20 15:00:00,9.74925,9.354775
"6305",2025-06-20 16:00:00,9.5695,9.35195
"6306",2025-06-20 17:00:00,9.3405,9.351875
"6307",2025-06-20 18:00:00,9.293,9.356175
"6308",2025-06-20 19:00:00,9.01375,9.35655
"6309",2025-06-20 20:00:00,8.74475,9.3628
"6310",2025-06-20 21:00:00,8.6605,9.3623
"6311",2025-06-20 22:00:00,8.56975,9.37415
"6312",2025-06-20 23:00:00,8.542,9.374725
"6313",2025-06-21,8.56075,9.38055
"6314",2025-06-21 01:00:00,8.5335,9.384575
"6315",2025-06-21 02:00:00,8.5315,9.38375
"6316",2025-06-21 03:00:00,8.53025,9.382775
"6317",2025-06-21 04:00:00,8.504,9.384425
"6318",2025-06-21 05:00:00,8.4965,9.392775
"6319",2025-06-21 06:00:00,8.47175,9.393525
"6320",2025-06-21 07:00:00,8.5085,9.395575
"6321",2025-06-21 08:00:00,8.6315,9.39725
"6322",2025-06-21 09:00:00,8.785,9.40325
"6323",2025-06-21 10:00:00,9.06375,9.416125
"6324",2025-06-21 11:00:00,9.4455,9.422275
"6325",2025-06-21 12:00:00,9.57475,9.423025
"6326",2025-06-21 13:00:00,9.71425,9.42315
"6327",2025-06-21 14:00:00,9.49975,9.416775
"6328",2025-06-21 15:00:00,9.24975,9.409125
"6329",2025-06-21 16:00:00,9.116,9.407375
"6330",2025-06-21 17:00:00,9.05575,9.413775
"6331",2025-06-21 18:00:00,8.85075,9.418675
"6332",2025-06-21 19:00:00,8.72475,9.419875
"6333",2025-06-21 20:00:00,8.63075,9.41935
"6334",2025-06-21 21:00:00,8.6055,9.41855
"6335",2025-06-21 22:00:00,8.60025,9.419575
"6336",2025-06-21 23:00:00,8.59875,9.417975
"6337",2025-06-22,8.60125,9.4146
"6338",2025-06-22 01:00:00,8.58075,9.41225
"6339",2025-06-22 02:00:00,8.57875,9.410925
"6340",2025-06-22 03:00:00,8.5725,9.408325
"6341",2025-06-22 04:00:00,8.57975,9.4071
"6342",2025-06-22 05:00:00,8.58475,9.406325
"6343",2025-06-22 06:00:00,8.54375,9.408875
"6344",2025-06-22 07:00:00,8.5715,9.4148
"6345",2025-06-22 08:00:00,8.74025,9.416325
"6346",2025-06-22 09:00:00,8.914,9.418425
"6347",2025-06-22 10:00:00,9.3255,9.423275
"6348",2025-06-22 11:00:00,9.71375,9.426875
"6349",2025-06-22 12:00:00,9.99375,9.4251
"6350",2025-06-22 13:00:00,10.13625,9.420625
"6351",2025-06-22 14:00:00,10.046,9.416125
"6352",2025-06-22 15:00:00,9.93975,9.411475
"6353",2025-06-22 16:00:00,9.74825,9.4059
"6354",2025-06-22 17:00:00,9.77,9.4036
"6355",2025-06-22 18:00:00,9.63,9.398025
"6356",2025-06-22 19:00:00,9.3315,9.39285
"6357",2025-06-22 20:00:00,9.00575,9.3877
"6358",2025-06-22 21:00:00,8.868,9.3969
"6359",2025-06-22 22:00:00,8.7785,9.402125
"6360",2025-06-22 23:00:00,8.709,9.405975
"6361",2025-06-23,8.641,9.408275
"6362",2025-06-23 01:00:00,8.60425,9.4077
"6363",2025-06-23 02:00:00,8.5625,9.405825
"6364",2025-06-23 03:00:00,8.53925,9.407275
"6365",2025-06-23 04:00:00,8.50575,9.404425
"6366",2025-06-23 05:00:00,8.438,9.40255
"6367",2025-06-23 06:00:00,8.4095,9.404025
"6368",2025-06-23 07:00:00,8.5105,9.407525
"6369",2025-06-23 08:00:00,8.78125,9.41135
"6370",2025-06-23 09:00:00,9.0895,9.41365
"6371",2025-06-23 10:00:00,9.4565,9.414525
"6372",2025-06-23 11:00:00,9.8295,9.41335
"6373",2025-06-23 12:00:00,10.16075,9.408575
"6374",2025-06-23 13:00:00,10.37025,9.4018
"6375",2025-06-23 14:00:00,10.343,9.39575
"6376",2025-06-23 15:00:00,10.3355,9.387725
"6377",2025-06-23 16:00:00,10.116,9.3789
"6378",2025-06-23 17:00:00,9.9445,9.372
"6379",2025-06-23 18:00:00,9.59725,9.364675
"6380",2025-06-23 19:00:00,9.3195,9.360575
"6381",2025-06-23 20:00:00,9.09825,9.357575
"6382",2025-06-23 21:00:00,8.9365,9.35775
"6383",2025-06-23 22:00:00,8.874,9.359125
"6384",2025-06-23 23:00:00,8.8545,9.360225
"6385",2025-06-24,8.76825,9.3666
"6386",2025-06-24 01:00:00,8.68475,9.368925
"6387",2025-06-24 02:00:00,8.646,9.3679
"6388",2025-06-24 03:00:00,8.61375,9.36945
"6389",2025-06-24 04:00:00,8.586,9.370575
"6390",2025-06-24 05:00:00,8.55675,9.374325
"6391",2025-06-24 06:00:00,8.545,9.37615
"6392",2025-06-24 07:00:00,8.635,9.38005
"6393",2025-06-24 08:00:00,8.86775,9.384875
"6394",2025-06-24 09:00:00,9.17025,9.388775
"6395",2025-06-24 10:00:00,9.5605,9.393575
"6396",2025-06-24 11:00:00,9.94975,9.397
"6397",2025-06-24 12:00:00,10.28175,9.39715
"6398",2025-06-24 13:00:00,10.49375,9.393175
"6399",2025-06-24 14:00:00,10.597,9.388025
"6400",2025-06-24 15:00:00,10.57475,9.383425
"6401",2025-06-24 16:00:00,10.426,9.37815
"6402",2025-06-24 17:00:00,10.1455,9.37145
"6403",2025-06-24 18:00:00,9.8625,9.36585
"6404",2025-06-24 19:00:00,9.66,9.3651
"6405",2025-06-24 20:00:00,9.44075,9.372125
"6406",2025-06-24 21:00:00,9.10975,9.37885
"6407",2025-06-24 22:00:00,8.998,9.386325
"6408",2025-06-24 23:00:00,8.94225,9.388775
"6409",2025-06-25,8.8515,9.387675
"6410",2025-06-25 01:00:00,8.78225,9.38705
"6411",2025-06-25 02:00:00,8.7525,9.387475
"6412",2025-06-25 03:00:00,8.7145,9.38915
"6413",2025-06-25 04:00:00,8.683,9.390475
"6414",2025-06-25 05:00:00,8.6615,9.39335
"6415",2025-06-25 06:00:00,8.647,9.39755
"6416",2025-06-25 07:00:00,8.6985,9.400575
"6417",2025-06-25 08:00:00,8.91925,9.403025
"6418",2025-06-25 09:00:00,9.23325,9.405525
"6419",2025-06-25 10:00:00,9.6065,9.407925
"6420",2025-06-25 11:00:00,9.9985,9.4072
"6421",2025-06-25 12:00:00,10.34025,9.4029
"6422",2025-06-25 13:00:00,10.5415,9.39755
"6423",2025-06-25 14:00:00,10.62125,9.39265
"6424",2025-06-25 15:00:00,10.5585,9.385825
"6425",2025-06-25 16:00:00,10.377,9.38005
"6426",2025-06-25 17:00:00,10.25375,9.37535
"6427",2025-06-25 18:00:00,10.08475,9.3741
"6428",2025-06-25 19:00:00,9.683,9.374175
"6429",2025-06-25 20:00:00,9.31775,9.37085
"6430",2025-06-25 21:00:00,9.13775,9.377575
"6431",2025-06-25 22:00:00,8.99575,9.383225
"6432",2025-06-25 23:00:00,8.9045,9.386475
"6433",2025-06-26,8.91125,9.387625
"6434",2025-06-26 01:00:00,8.83875,9.387525
"6435",2025-06-26 02:00:00,8.7695,9.3893
"6436",2025-06-26 03:00:00,8.712,9.3893
"6437",2025-06-26 04:00:00,8.6605,9.390625
"6438",2025-06-26 05:00:00,8.635,9.393025
"6439",2025-06-26 06:00:00,8.6355,9.394725
"6440",2025-06-26 07:00:00,8.6965,9.3954
"6441",2025-06-26 08:00:00,8.91325,9.397825
"6442",2025-06-26 09:00:00,9.21875,9.401075
"6443",2025-06-26 10:00:00,9.608,9.402475
"6444",2025-06-26 11:00:00,10.029,9.401575
"6445",2025-06-26 12:00:00,10.32275,9.397675
"6446",2025-06-26 13:00:00,10.51875,9.39285
"6447",2025-06-26 14:00:00,10.59775,9.3872
"6448",2025-06-26 15:00:00,10.5465,9.382075
"6449",2025-06-26 16:00:00,10.4195,9.375825
"6450",2025-06-26 17:00:00,10.213,9.369225
"6451",2025-06-26 18:00:00,9.97725,9.3668
"6452",2025-06-26 19:00:00,9.62775,9.3653
"6453",2025-06-26 20:00:00,9.351,9.3637
"6454",2025-06-26 21:00:00,9.1275,9.36875
"6455",2025-06-26 22:00:00,9.0025,9.37535
"6456",2025-06-26 23:00:00,8.9645,9.378875
"6457",2025-06-27,8.899,9.37995
"6458",2025-06-27 01:00:00,8.85375,9.380425
"6459",2025-06-27 02:00:00,8.78225,9.379325
"6460",2025-06-27 03:00:00,8.7415,9.378525
"6461",2025-06-27 04:00:00,8.6955,9.37795
"6462",2025-06-27 05:00:00,8.66475,9.3821
"6463",2025-06-27 06:00:00,8.635,9.38675
"6464",2025-06-27 07:00:00,8.69725,9.3912
"6465",2025-06-27 08:00:00,8.933,9.396775
"6466",2025-06-27 09:00:00,9.27875,9.40245
"6467",2025-06-27 10:00:00,9.64625,9.406525
"6468",2025-06-27 11:00:00,10.05675,9.408725
"6469",2025-06-27 12:00:00,10.40225,9.408225
"6470",2025-06-27 13:00:00,10.65425,9.406475
"6471",2025-06-27 14:00:00,10.69075,9.403575
"6472",2025-06-27 15:00:00,10.6335,9.4001
"6473",2025-06-27 16:00:00,10.576,9.396925
"6474",2025-06-27 17:00:00,10.2355,9.392375
"6475",2025-06-27 18:00:00,9.94475,9.389175
"6476",2025-06-27 19:00:00,9.6745,9.38705
"6477",2025-06-27 20:00:00,9.42525,9.38975
"6478",2025-06-27 21:00:00,9.18425,9.3956
"6479",2025-06-27 22:00:00,9.02225,9.4002
"6480",2025-06-27 23:00:00,8.9515,9.4015
"6481",2025-06-28,8.903,9.402825
"6482",2025-06-28 01:00:00,8.844,9.4042
"6483",2025-06-28 02:00:00,8.78225,9.4036
"6484",2025-06-28 03:00:00,8.74575,9.404375
"6485",2025-06-28 04:00:00,8.724,9.40715
"6486",2025-06-28 05:00:00,8.6935,9.41015
"6487",2025-06-28 06:00:00,8.6775,9.413125
"6488",2025-06-28 07:00:00,8.72675,9.415775
"6489",2025-06-28 08:00:00,8.95225,9.42015
"6490",2025-06-28 09:00:00,9.29275,9.4246
"6491",2025-06-28 10:00:00,9.70175,9.42655
"6492",2025-06-28 11:00:00,10.09625,9.425225
"6493",2025-06-28 12:00:00,10.4315,9.421375
"6494",2025-06-28 13:00:00,10.67,9.4156
"6495",2025-06-28 14:00:00,10.814,9.411
"6496",2025-06-28 15:00:00,10.80125,9.406925
"6497",2025-06-28 16:00:00,10.62925,9.400875
"6498",2025-06-28 17:00:00,10.433,9.39625
"6499",2025-06-28 18:00:00,10.13025,9.391425
"6500",2025-06-28 19:00:00,9.8325,9.390075
"6501",2025-06-28 20:00:00,9.53975,9.38945
"6502",2025-06-28 21:00:00,9.2505,9.387525
"6503",2025-06-28 22:00:00,9.13225,9.3907
"6504",2025-06-28 23:00:00,9.00825,9.394325
"6505",2025-06-29,8.93925,9.397375
"6506",2025-06-29 01:00:00,8.88375,9.39865
"6507",2025-06-29 02:00:00,8.83425,9.40065
"6508",2025-06-29 03:00:00,8.81125,9.3994
"6509",2025-06-29 04:00:00,8.789,9.400825
"6510",2025-06-29 05:00:00,8.76075,9.4037
"6511",2025-06-29 06:00:00,8.75025,9.406275
"6512",2025-06-29 07:00:00,8.799,9.408
"6513",2025-06-29 08:00:00,9.01125,9.410525
"6514",2025-06-29 09:00:00,9.35175,9.41375
"6515",2025-06-29 10:00:00,9.7475,9.414975
"6516",2025-06-29 11:00:00,10.167,9.4133
"6517",2025-06-29 12:00:00,10.56575,9.408125
"6518",2025-06-29 13:00:00,10.77075,9.40085
"6519",2025-06-29 14:00:00,10.89875,9.3922
"6520",2025-06-29 15:00:00,10.918,9.384875
"6521",2025-06-29 16:00:00,10.73725,9.37695
"6522",2025-06-29 17:00:00,10.42925,9.369125
"6523",2025-06-29 18:00:00,10.04075,9.36185
"6524",2025-06-29 19:00:00,9.701,9.3569
"6525",2025-06-29 20:00:00,9.6385,9.357675
"6526",2025-06-29 21:00:00,9.38125,9.361125
"6527",2025-06-29 22:00:00,9.31025,9.365075
"6528",2025-06-29 23:00:00,9.223,9.365525
"6529",2025-06-30,9.127,9.36565
"6530",2025-06-30 01:00:00,9.007,9.362925
"6531",2025-06-30 02:00:00,8.9685,9.361075
"6532",2025-06-30 03:00:00,8.918,9.36005
"6533",2025-06-30 04:00:00,8.88275,9.362625
"6534",2025-06-30 05:00:00,8.8705,9.364425
"6535",2025-06-30 06:00:00,8.8625,9.369
"6536",2025-06-30 07:00:00,8.898,9.37135
"6537",2025-06-30 08:00:00,9.104,9.3738
"6538",2025-06-30 09:00:00,9.411,9.3757
"6539",2025-06-30 10:00:00,9.81725,9.373675
"6540",2025-06-30 11:00:00,10.28625,9.370725
"6541",2025-06-30 12:00:00,10.768,9.367975
"6542",2025-06-30 13:00:00,10.861,9.358025
"6543",2025-06-30 14:00:00,10.97475,9.347625
"6544",2025-06-30 15:00:00,10.26175,9.3412
"6545",2025-06-30 16:00:00,9.68525,9.33855
"6546",2025-06-30 17:00:00,9.567,9.34715
"6547",2025-06-30 18:00:00,9.45225,9.346575
"6548",2025-06-30 19:00:00,9.31325,9.344825
"6549",2025-06-30 20:00:00,9.20675,9.351375
"6550",2025-06-30 21:00:00,9.10125,9.3612
"6551",2025-06-30 22:00:00,9.067,9.371775
"6552",2025-06-30 23:00:00,9.04925,9.3729
"6553",2025-07-01,8.9855,9.3689
"6554",2025-07-01 01:00:00,8.933,9.364
"6555",2025-07-01 02:00:00,8.88975,9.360425
"6556",2025-07-01 03:00:00,8.85525,9.3569
"6557",2025-07-01 04:00:00,8.834,9.35395
"6558",2025-07-01 05:00:00,8.82175,9.352625
"6559",2025-07-01 06:00:00,8.82175,9.357125
"6560",2025-07-01 07:00:00,8.86475,9.3592
"6561",2025-07-01 08:00:00,9.08725,9.36395
"6562",2025-07-01 09:00:00,9.425,9.3669
"6563",2025-07-01 10:00:00,9.78125,9.367875
"6564",2025-07-01 11:00:00,10.147,9.367575
"6565",2025-07-01 12:00:00,10.59375,9.366375
"6566",2025-07-01 13:00:00,10.7575,9.35925
"6567",2025-07-01 14:00:00,10.15825,9.349025
"6568",2025-07-01 15:00:00,9.76175,9.340775
"6569",2025-07-01 16:00:00,9.6625,9.33515
"6570",2025-07-01 17:00:00,9.66525,9.332175
"6571",2025-07-01 18:00:00,9.534,9.332075
"6572",2025-07-01 19:00:00,9.75725,9.339575
"6573",2025-07-01 20:00:00,9.55225,9.36775
"6574",2025-07-01 21:00:00,9.42,9.383225
"6575",2025-07-01 22:00:00,9.242,9.376875
"6576",2025-07-01 23:00:00,9.12325,9.3708
"6577",2025-07-02,8.994,9.3618
"6578",2025-07-02 01:00:00,8.95225,9.358225
"6579",2025-07-02 02:00:00,8.90825,9.35795
"6580",2025-07-02 03:00:00,8.85875,9.361625
"6581",2025-07-02 04:00:00,8.82725,9.3625
"6582",2025-07-02 05:00:00,8.7885,9.364625
"6583",2025-07-02 06:00:00,8.76375,9.36555
"6584",2025-07-02 07:00:00,8.804,9.368475
"6585",2025-07-02 08:00:00,9.0245,9.372225
"6586",2025-07-02 09:00:00,9.32425,9.37395
"6587",2025-07-02 10:00:00,9.7185,9.37545
"6588",2025-07-02 11:00:00,10.13275,9.375875
"6589",2025-07-02 12:00:00,10.4995,9.37455
"6590",2025-07-02 13:00:00,10.6775,9.369275
"6591",2025-07-02 14:00:00,10.73975,9.362325
"6592",2025-07-02 15:00:00,10.70925,9.3576
"6593",2025-07-02 16:00:00,10.8095,9.355925
"6594",2025-07-02 17:00:00,10.5735,9.350025
"6595",2025-07-02 18:00:00,10.191,9.346025
"6596",2025-07-02 19:00:00,9.90125,9.347275
"6597",2025-07-02 20:00:00,9.45675,9.35145
"6598",2025-07-02 21:00:00,9.11375,9.3496
"6599",2025-07-02 22:00:00,8.984,9.354
"6600",2025-07-02 23:00:00,8.90525,9.35495
"6601",2025-07-03,8.84375,9.35495
"6602",2025-07-03 01:00:00,8.798,9.3551
"6603",2025-07-03 02:00:00,8.76625,9.355675
"6604",2025-07-03 03:00:00,8.74875,9.3552
"6605",2025-07-03 04:00:00,8.737,9.35515
"6606",2025-07-03 05:00:00,8.70775,9.355925
"6607",2025-07-03 06:00:00,8.69475,9.356175
"6608",2025-07-03 07:00:00,8.72675,9.358925
"6609",2025-07-03 08:00:00,8.9335,9.360675
"6610",2025-07-03 09:00:00,9.2875,9.3638
"6611",2025-07-03 10:00:00,9.68375,9.361725
"6612",2025-07-03 11:00:00,10.118,9.3613
"6613",2025-07-03 12:00:00,10.4845,9.3582
"6614",2025-07-03 13:00:00,10.73025,9.35025
"6615",2025-07-03 14:00:00,10.82725,9.34415
"6616",2025-07-03 15:00:00,10.32275,9.332575
"6617",2025-07-03 16:00:00,10.418,9.330475
"6618",2025-07-03 17:00:00,10.12575,9.333975
"6619",2025-07-03 18:00:00,9.66075,9.3385
"6620",2025-07-03 19:00:00,9.49625,9.3379
"6621",2025-07-03 20:00:00,9.29825,9.3412
"6622",2025-07-03 21:00:00,9.13425,9.343075
"6623",2025-07-03 22:00:00,8.9805,9.3479
"6624",2025-07-03 23:00:00,8.9045,9.3517
"6625",2025-07-04,8.86875,9.35275
"6626",2025-07-04 01:00:00,8.8075,9.354675
"6627",2025-07-04 02:00:00,8.7485,9.35615
"6628",2025-07-04 03:00:00,8.705,9.355575
"6629",2025-07-04 04:00:00,8.6805,9.35695
"6630",2025-07-04 05:00:00,8.6625,9.3594
"6631",2025-07-04 06:00:00,8.64525,9.362375
"6632",2025-07-04 07:00:00,8.706,9.36605
"6633",2025-07-04 08:00:00,8.92725,9.371475
"6634",2025-07-04 09:00:00,9.33225,9.3782
"6635",2025-07-04 10:00:00,9.7595,9.383175
"6636",2025-07-04 11:00:00,10.18275,9.38795
"6637",2025-07-04 12:00:00,10.47075,9.388775
"6638",2025-07-04 13:00:00,10.63875,9.38625
"6639",2025-07-04 14:00:00,10.7235,9.385975
"6640",2025-07-04 15:00:00,10.6565,9.383525
"6641",2025-07-04 16:00:00,10.5295,9.379925
"6642",2025-07-04 17:00:00,9.9265,9.37485
"6643",2025-07-04 18:00:00,9.7415,9.37455
"6644",2025-07-04 19:00:00,9.65475,9.382875
"6645",2025-07-04 20:00:00,9.499,9.39225
"6646",2025-07-04 21:00:00,9.19925,9.399475
"6647",2025-07-04 22:00:00,8.94875,9.407025
"6648",2025-07-04 23:00:00,8.867,9.409625
"6649",2025-07-05,8.80075,9.413025
"6650",2025-07-05 01:00:00,8.74825,9.413675
"6651",2025-07-05 02:00:00,8.711,9.413825
"6652",2025-07-05 03:00:00,8.677,9.41455
"6653",2025-07-05 04:00:00,8.62625,9.4161
"6654",2025-07-05 05:00:00,8.588,9.4185
"6655",2025-07-05 06:00:00,8.58525,9.42245
"6656",2025-07-05 07:00:00,8.6535,9.425375
"6657",2025-07-05 08:00:00,8.8885,9.429575
"6658",2025-07-05 09:00:00,9.237,9.43345
"6659",2025-07-05 10:00:00,9.637,9.435675
"6660",2025-07-05 11:00:00,10.0855,9.437725
"6661",2025-07-05 12:00:00,10.479,9.436275
"6662",2025-07-05 13:00:00,10.706,9.43215
"6663",2025-07-05 14:00:00,10.799,9.4257
"6664",2025-07-05 15:00:00,10.7625,9.4209
"6665",2025-07-05 16:00:00,10.64025,9.4158
"6666",2025-07-05 17:00:00,10.3305,9.408325
"6667",2025-07-05 18:00:00,9.91475,9.4022
"6668",2025-07-05 19:00:00,9.569,9.4006
"6669",2025-07-05 20:00:00,9.4975,9.40245
"6670",2025-07-05 21:00:00,9.241,9.402625
"6671",2025-07-05 22:00:00,9.2015,9.402225
"6672",2025-07-05 23:00:00,9.12375,9.402975
"6673",2025-07-06,8.9955,9.405175
"6674",2025-07-06 01:00:00,8.89,9.405725
"6675",2025-07-06 02:00:00,8.8295,9.403475
"6676",2025-07-06 03:00:00,8.783,9.4048
"6677",2025-07-06 04:00:00,8.757,9.40505
"6678",2025-07-06 05:00:00,8.73225,9.407775
"6679",2025-07-06 06:00:00,8.707,9.409
"6680",2025-07-06 07:00:00,8.76025,9.409975
"6681",2025-07-06 08:00:00,9.00475,9.411825
"6682",2025-07-06 09:00:00,9.36475,9.41335
"6683",2025-07-06 10:00:00,9.80175,9.413175
"6684",2025-07-06 11:00:00,10.2675,9.411125
"6685",2025-07-06 12:00:00,10.68575,9.404925
"6686",2025-07-06 13:00:00,10.935,9.39675
"6687",2025-07-06 14:00:00,11.0255,9.389125
"6688",2025-07-06 15:00:00,11.04925,9.381775
"6689",2025-07-06 16:00:00,10.92975,9.375425
"6690",2025-07-06 17:00:00,10.54,9.3678
"6691",2025-07-06 18:00:00,10.1385,9.360025
"6692",2025-07-06 19:00:00,9.744,9.355275
"6693",2025-07-06 20:00:00,9.49575,9.35595
"6694",2025-07-06 21:00:00,9.38325,9.35805
"6695",2025-07-06 22:00:00,9.24725,9.36075
"6696",2025-07-06 23:00:00,9.225,9.362875
"6697",2025-07-07,9.13775,9.3644
"6698",2025-07-07 01:00:00,9.04825,9.36355
"6699",2025-07-07 02:00:00,8.971,9.361425
"6700",2025-07-07 03:00:00,8.94525,9.35995
"6701",2025-07-07 04:00:00,8.88575,9.35855
"6702",2025-07-07 05:00:00,8.8425,9.360125
"6703",2025-07-07 06:00:00,8.827,9.3629
"6704",2025-07-07 07:00:00,8.876,9.366175
"6705",2025-07-07 08:00:00,9.09525,9.369975
"6706",2025-07-07 09:00:00,9.43525,9.37335
"6707",2025-07-07 10:00:00,9.91075,9.376175
"6708",2025-07-07 11:00:00,10.39875,9.37635
"6709",2025-07-07 12:00:00,10.74025,9.3725
"6710",2025-07-07 13:00:00,11.0135,9.36665
"6711",2025-07-07 14:00:00,11.172,9.361325
"6712",2025-07-07 15:00:00,11.18,9.35665
"6713",2025-07-07 16:00:00,11.03425,9.349625
"6714",2025-07-07 17:00:00,10.7325,9.341375
"6715",2025-07-07 18:00:00,10.4925,9.35235
"6716",2025-07-07 19:00:00,9.80925,9.345625
"6717",2025-07-07 20:00:00,9.42425,9.350325
"6718",2025-07-07 21:00:00,9.26475,9.361775
"6719",2025-07-07 22:00:00,9.10425,9.371325
"6720",2025-07-07 23:00:00,9.01375,9.373825
"6721",2025-07-08,8.97775,9.376275
"6722",2025-07-08 01:00:00,8.934,9.37665
"6723",2025-07-08 02:00:00,8.9075,9.37715
"6724",2025-07-08 03:00:00,8.898,9.375975
"6725",2025-07-08 04:00:00,8.848,9.3777
"6726",2025-07-08 05:00:00,8.8215,9.379725
"6727",2025-07-08 06:00:00,8.79075,9.383375
"6728",2025-07-08 07:00:00,8.8305,9.388725
"6729",2025-07-08 08:00:00,9.05675,9.3946
"6730",2025-07-08 09:00:00,9.38725,9.3985
"6731",2025-07-08 10:00:00,9.84025,9.402225
"6732",2025-07-08 11:00:00,10.4125,9.40535
"6733",2025-07-08 12:00:00,10.94525,9.4053
"6734",2025-07-08 13:00:00,11.338,9.4019
"6735",2025-07-08 14:00:00,11.70775,9.402575
"6736",2025-07-08 15:00:00,11.81225,9.40175
"6737",2025-07-08 16:00:00,11.64225,9.398125
"6738",2025-07-08 17:00:00,11.24025,9.3927
"6739",2025-07-08 18:00:00,10.85525,9.390075
"6740",2025-07-08 19:00:00,10.41975,9.39015
"6741",2025-07-08 20:00:00,10.03975,9.3894
"6742",2025-07-08 21:00:00,9.472,9.391625
"6743",2025-07-08 22:00:00,9.13375,9.399125
"6744",2025-07-08 23:00:00,9.082,9.4005
"6745",2025-07-09,9.058,9.404025
"6746",2025-07-09 01:00:00,8.9705,9.40465
"6747",2025-07-09 02:00:00,8.901,9.402275
"6748",2025-07-09 03:00:00,8.87,9.400275
"6749",2025-07-09 04:00:00,8.8255,9.402975
"6750",2025-07-09 05:00:00,8.78,9.406475
"6751",2025-07-09 06:00:00,8.76875,9.411425
"6752",2025-07-09 07:00:00,8.8195,9.41325
"6753",2025-07-09 08:00:00,9.045,9.418975
"6754",2025-07-09 09:00:00,9.38325,9.424125
"6755",2025-07-09 10:00:00,9.8465,9.4274
"6756",2025-07-09 11:00:00,10.402,9.4313
"6757",2025-07-09 12:00:00,10.78,9.43285
"6758",2025-07-09 13:00:00,11.0285,9.430325
"6759",2025-07-09 14:00:00,11.1945,9.42855
"6760",2025-07-09 15:00:00,11.21575,9.42575
"6761",2025-07-09 16:00:00,10.914,9.419325
"6762",2025-07-09 17:00:00,10.68075,9.4148
"6763",2025-07-09 18:00:00,10.37225,9.4111
"6764",2025-07-09 19:00:00,9.96575,9.4104
"6765",2025-07-09 20:00:00,9.59875,9.409125
"6766",2025-07-09 21:00:00,9.32425,9.409525
"6767",2025-07-09 22:00:00,9.21325,9.4163
"6768",2025-07-09 23:00:00,9.12775,9.41805
"6769",2025-07-10,9.0565,9.42045
"6770",2025-07-10 01:00:00,8.9635,9.422875
"6771",2025-07-10 02:00:00,8.9015,9.422525
"6772",2025-07-10 03:00:00,8.8515,9.4206
"6773",2025-07-10 04:00:00,8.81575,9.4197
"6774",2025-07-10 05:00:00,8.7955,9.41915
"6775",2025-07-10 06:00:00,8.7815,9.42175
"6776",2025-07-10 07:00:00,8.82025,9.4243
"6777",2025-07-10 08:00:00,9.07125,9.428775
"6778",2025-07-10 09:00:00,9.4165,9.4323
"6779",2025-07-10 10:00:00,9.87925,9.4325
"6780",2025-07-10 11:00:00,10.42275,9.43215
"6781",2025-07-10 12:00:00,10.84,9.427125
"6782",2025-07-10 13:00:00,11.14225,9.419675
"6783",2025-07-10 14:00:00,11.3095,9.41415
"6784",2025-07-10 15:00:00,11.37525,9.40795
"6785",2025-07-10 16:00:00,11.1855,9.401
"6786",2025-07-10 17:00:00,11.13975,9.396625
"6787",2025-07-10 18:00:00,10.90775,9.392775
"6788",2025-07-10 19:00:00,10.4715,9.389525
"6789",2025-07-10 20:00:00,10.009,9.38735
"6790",2025-07-10 21:00:00,9.7195,9.389925
"6791",2025-07-10 22:00:00,9.5115,9.39315
"6792",2025-07-10 23:00:00,9.269,9.39425
"6793",2025-07-11,9.0955,9.395175
"6794",2025-07-11 01:00:00,9.0465,9.394675
"6795",2025-07-11 02:00:00,8.99625,9.392775
"6796",2025-07-11 03:00:00,8.9655,9.392075
"6797",2025-07-11 04:00:00,8.917,9.3901
"6798",2025-07-11 05:00:00,8.9035,9.391325
"6799",2025-07-11 06:00:00,8.89125,9.394
"6800",2025-07-11 07:00:00,8.91125,9.396275
"6801",2025-07-11 08:00:00,9.13,9.39865
"6802",2025-07-11 09:00:00,9.52275,9.4017
"6803",2025-07-11 10:00:00,9.9945,9.40205
"6804",2025-07-11 11:00:00,10.5395,9.4021
"6805",2025-07-11 12:00:00,11.015,9.397125
"6806",2025-07-11 13:00:00,11.285,9.389425
"6807",2025-07-11 14:00:00,11.45475,9.384
"6808",2025-07-11 15:00:00,11.6105,9.380075
"6809",2025-07-11 16:00:00,11.4575,9.373925
"6810",2025-07-11 17:00:00,11.143,9.3677
"6811",2025-07-11 18:00:00,10.8615,9.36385
"6812",2025-07-11 19:00:00,10.776,9.363975
"6813",2025-07-11 20:00:00,10.351,9.3652
"6814",2025-07-11 21:00:00,9.832,9.367
"6815",2025-07-11 22:00:00,9.573,9.37215
"6816",2025-07-11 23:00:00,9.41875,9.376475
"6817",2025-07-12,9.2065,9.376525
"6818",2025-07-12 01:00:00,9.1235,9.3772
"6819",2025-07-12 02:00:00,9.0625,9.379525
"6820",2025-07-12 03:00:00,9.02175,9.380925
"6821",2025-07-12 04:00:00,8.97025,9.382475
"6822",2025-07-12 05:00:00,8.94275,9.385775
"6823",2025-07-12 06:00:00,8.91325,9.388825
"6824",2025-07-12 07:00:00,8.93775,9.392475
"6825",2025-07-12 08:00:00,9.163,9.3965
"6826",2025-07-12 09:00:00,9.5225,9.40045
"6827",2025-07-12 10:00:00,10.03625,9.402025
"6828",2025-07-12 11:00:00,10.58,9.40205
"6829",2025-07-12 12:00:00,10.93275,9.3963
"6830",2025-07-12 13:00:00,11.219,9.38815
"6831",2025-07-12 14:00:00,11.40425,9.383225
"6832",2025-07-12 15:00:00,11.4785,9.37755
"6833",2025-07-12 16:00:00,11.5975,9.374375
"6834",2025-07-12 17:00:00,11.49075,9.36895
"6835",2025-07-12 18:00:00,11.2405,9.3644
"6836",2025-07-12 19:00:00,10.84175,9.36045
"6837",2025-07-12 20:00:00,10.308,9.359425
"6838",2025-07-12 21:00:00,9.84475,9.36335
"6839",2025-07-12 22:00:00,9.622,9.368425
"6840",2025-07-12 23:00:00,9.48275,9.372175
"6841",2025-07-13,9.31525,9.3741
"6842",2025-07-13 01:00:00,9.249,9.37395
"6843",2025-07-13 02:00:00,9.1795,9.372625
"6844",2025-07-13 03:00:00,9.1365,9.37105
"6845",2025-07-13 04:00:00,9.07725,9.3729
"6846",2025-07-13 05:00:00,9.0455,9.3745
"6847",2025-07-13 06:00:00,9.0225,9.379125
"6848",2025-07-13 07:00:00,9.0535,9.3832
"6849",2025-07-13 08:00:00,9.2745,9.387325
"6850",2025-07-13 09:00:00,9.6385,9.3921
"6851",2025-07-13 10:00:00,10.13625,9.39465
"6852",2025-07-13 11:00:00,10.6785,9.3944
"6853",2025-07-13 12:00:00,11.13275,9.39085
"6854",2025-07-13 13:00:00,11.5055,9.3834
"6855",2025-07-13 14:00:00,11.7365,9.378175
"6856",2025-07-13 15:00:00,12.08825,9.37595
"6857",2025-07-13 16:00:00,12.36725,9.3739
"6858",2025-07-13 17:00:00,12.18525,9.3685
"6859",2025-07-13 18:00:00,11.66325,9.36255
"6860",2025-07-13 19:00:00,11.22625,9.361225
"6861",2025-07-13 20:00:00,10.58525,9.362675
"6862",2025-07-13 21:00:00,10.085,9.366175
"6863",2025-07-13 22:00:00,9.94975,9.37325
"6864",2025-07-13 23:00:00,9.5855,9.3753
"6865",2025-07-14,9.51825,9.37555
"6866",2025-07-14 01:00:00,9.37225,9.374725
"6867",2025-07-14 02:00:00,9.256,9.3747
"6868",2025-07-14 03:00:00,9.18275,9.3731
"6869",2025-07-14 04:00:00,9.148,9.373975
"6870",2025-07-14 05:00:00,9.10875,9.37545
"6871",2025-07-14 06:00:00,9.08,9.3786
"6872",2025-07-14 07:00:00,9.0765,9.381675
"6873",2025-07-14 08:00:00,9.24425,9.384475
"6874",2025-07-14 09:00:00,9.6425,9.389725
"6875",2025-07-14 10:00:00,10.23075,9.390025
"6876",2025-07-14 11:00:00,10.852,9.388325
"6877",2025-07-14 12:00:00,11.45975,9.38065
"6878",2025-07-14 13:00:00,11.928,9.374875
"6879",2025-07-14 14:00:00,12.315,9.370175
"6880",2025-07-14 15:00:00,12.4355,9.363225
"6881",2025-07-14 16:00:00,12.34525,9.35825
"6882",2025-07-14 17:00:00,11.783,9.35
"6883",2025-07-14 18:00:00,11.3505,9.34325
"6884",2025-07-14 19:00:00,10.86275,9.33885
"6885",2025-07-14 20:00:00,10.4645,9.33835
"6886",2025-07-14 21:00:00,10.09725,9.342275
"6887",2025-07-14 22:00:00,9.7495,9.345325
"6888",2025-07-14 23:00:00,9.417,9.346925
"6889",2025-07-15,9.24475,9.347725
"6890",2025-07-15 01:00:00,9.1655,9.34785
"6891",2025-07-15 02:00:00,9.1175,9.34715
"6892",2025-07-15 03:00:00,9.08225,9.344875
"6893",2025-07-15 04:00:00,9.0325,9.34275
"6894",2025-07-15 05:00:00,8.996,9.3409
"6895",2025-07-15 06:00:00,8.993,9.3423
"6896",2025-07-15 07:00:00,9.016,9.344225
"6897",2025-07-15 08:00:00,9.251,9.346975
"6898",2025-07-15 09:00:00,9.5835,9.347775
"6899",2025-07-15 10:00:00,10.07625,9.347175
"6900",2025-07-15 11:00:00,10.59625,9.34525
"6901",2025-07-15 12:00:00,11.04,9.34085
"6902",2025-07-15 13:00:00,11.39025,9.33915
"6903",2025-07-15 14:00:00,11.4915,9.332825
"6904",2025-07-15 15:00:00,11.48675,9.325925
"6905",2025-07-15 16:00:00,11.2845,9.319625
"6906",2025-07-15 17:00:00,11.047,9.315025
"6907",2025-07-15 18:00:00,10.85175,9.31265
"6908",2025-07-15 19:00:00,10.941,9.318425
"6909",2025-07-15 20:00:00,10.2095,9.31855
"6910",2025-07-15 21:00:00,9.6515,9.3226
"6911",2025-07-15 22:00:00,9.4035,9.328325
"6912",2025-07-15 23:00:00,9.25975,9.330475
"6913",2025-07-16,9.189,9.332075
"6914",2025-07-16 01:00:00,9.12525,9.3309
"6915",2025-07-16 02:00:00,9.10175,9.33175
"6916",2025-07-16 03:00:00,9.09125,9.33355
"6917",2025-07-16 04:00:00,9.0315,9.3331
"6918",2025-07-16 05:00:00,9.018,9.335725
"6919",2025-07-16 06:00:00,9.023,9.33855
"6920",2025-07-16 07:00:00,9.051,9.34015
"6921",2025-07-16 08:00:00,9.2025,9.342875
"6922",2025-07-16 09:00:00,9.519,9.3465
"6923",2025-07-16 10:00:00,9.9535,9.34755
"6924",2025-07-16 11:00:00,10.4775,9.348875
"6925",2025-07-16 12:00:00,10.98475,9.3492
"6926",2025-07-16 13:00:00,11.2785,9.341375
"6927",2025-07-16 14:00:00,11.48475,9.336575
"6928",2025-07-16 15:00:00,11.45925,9.33125
"6929",2025-07-16 16:00:00,11.35925,9.326775
"6930",2025-07-16 17:00:00,11.16,9.322025
"6931",2025-07-16 18:00:00,10.856,9.31715
"6932",2025-07-16 19:00:00,10.17525,9.315275
"6933",2025-07-16 20:00:00,9.57725,9.3179
"6934",2025-07-16 21:00:00,9.399,9.322825
"6935",2025-07-16 22:00:00,9.30675,9.3294
"6936",2025-07-16 23:00:00,9.1985,9.3307
"6937",2025-07-17,9.119,9.3313
"6938",2025-07-17 01:00:00,9.084,9.33125
"6939",2025-07-17 02:00:00,9.06425,9.3326
"6940",2025-07-17 03:00:00,9.01225,9.3329
"6941",2025-07-17 04:00:00,8.993,9.33255
"6942",2025-07-17 05:00:00,8.96325,9.3334
"6943",2025-07-17 06:00:00,8.95075,9.334625
"6944",2025-07-17 07:00:00,8.992,9.336925
"6945",2025-07-17 08:00:00,9.192,9.3418
"6946",2025-07-17 09:00:00,9.55875,9.3478
"6947",2025-07-17 10:00:00,10.00825,9.35115
"6948",2025-07-17 11:00:00,10.57475,9.354025
"6949",2025-07-17 12:00:00,10.9585,9.35255
"6950",2025-07-17 13:00:00,11.20475,9.347525
"6951",2025-07-17 14:00:00,11.50425,9.342775
"6952",2025-07-17 15:00:00,11.52325,9.338975
"6953",2025-07-17 16:00:00,11.24725,9.332975
"6954",2025-07-17 17:00:00,10.89375,9.3272
"6955",2025-07-17 18:00:00,10.14625,9.3236
"6956",2025-07-17 19:00:00,9.81025,9.327925
"6957",2025-07-17 20:00:00,9.49225,9.33105
"6958",2025-07-17 21:00:00,9.367,9.337525
"6959",2025-07-17 22:00:00,9.26575,9.34245
"6960",2025-07-17 23:00:00,9.21325,9.345575
"6961",2025-07-18,9.16775,9.3496
"6962",2025-07-18 01:00:00,9.13325,9.351475
"6963",2025-07-18 02:00:00,9.14775,9.353125
"6964",2025-07-18 03:00:00,9.16075,9.3539
"6965",2025-07-18 04:00:00,9.0865,9.354275
"6966",2025-07-18 05:00:00,9.00275,9.357725
"6967",2025-07-18 06:00:00,8.945,9.363125
"6968",2025-07-18 07:00:00,8.97725,9.366575
"6969",2025-07-18 08:00:00,9.17725,9.371925
"6970",2025-07-18 09:00:00,9.53375,9.376425
"6971",2025-07-18 10:00:00,9.9985,9.379775
"6972",2025-07-18 11:00:00,10.5015,9.381825
"6973",2025-07-18 12:00:00,10.934,9.38195
"6974",2025-07-18 13:00:00,11.20525,9.37815
"6975",2025-07-18 14:00:00,11.40475,9.37625
"6976",2025-07-18 15:00:00,11.41775,9.3729
"6977",2025-07-18 16:00:00,11.41375,9.37085
"6978",2025-07-18 17:00:00,11.23825,9.36825
"6979",2025-07-18 18:00:00,10.69175,9.362625
"6980",2025-07-18 19:00:00,10.40575,9.363275
"6981",2025-07-18 20:00:00,9.976,9.3647
"6982",2025-07-18 21:00:00,9.5535,9.368825
"6983",2025-07-18 22:00:00,9.37325,9.37445
"6984",2025-07-18 23:00:00,9.2315,9.37515
"6985",2025-07-19,9.10325,9.37555
"6986",2025-07-19 01:00:00,9.00625,9.374575
"6987",2025-07-19 02:00:00,8.96075,9.376475
"6988",2025-07-19 03:00:00,8.91475,9.37725
"6989",2025-07-19 04:00:00,8.8825,9.37765
"6990",2025-07-19 05:00:00,8.84025,9.38035
"6991",2025-07-19 06:00:00,8.79825,9.3841
"6992",2025-07-19 07:00:00,8.83475,9.3876
"6993",2025-07-19 08:00:00,9.07975,9.39365
"6994",2025-07-19 09:00:00,9.46925,9.39875
"6995",2025-07-19 10:00:00,9.957,9.401425
"6996",2025-07-19 11:00:00,10.47325,9.403125
"6997",2025-07-19 12:00:00,10.8725,9.40055
"6998",2025-07-19 13:00:00,11.1865,9.395725
"6999",2025-07-19 14:00:00,11.35075,9.391125
"7000",2025-07-19 15:00:00,11.3915,9.386275
"7001",2025-07-19 16:00:00,11.129,9.378225
"7002",2025-07-19 17:00:00,11.02775,9.3737
"7003",2025-07-19 18:00:00,10.731,9.3701
"7004",2025-07-19 19:00:00,10.23725,9.36635
"7005",2025-07-19 20:00:00,9.8335,9.364975
"7006",2025-07-19 21:00:00,9.5475,9.369
"7007",2025-07-19 22:00:00,9.37825,9.373325
"7008",2025-07-19 23:00:00,9.252,9.374875
"7009",2025-07-20,9.157,9.375325
"7010",2025-07-20 01:00:00,9.0635,9.374575
"7011",2025-07-20 02:00:00,8.9975,9.37375
"7012",2025-07-20 03:00:00,8.95325,9.37325
"7013",2025-07-20 04:00:00,8.91275,9.373775
"7014",2025-07-20 05:00:00,8.88925,9.374875
"7015",2025-07-20 06:00:00,8.87325,9.376325
"7016",2025-07-20 07:00:00,8.9095,9.378425
"7017",2025-07-20 08:00:00,9.1265,9.381375
"7018",2025-07-20 09:00:00,9.49475,9.38135
"7019",2025-07-20 10:00:00,9.95925,9.380175
"7020",2025-07-20 11:00:00,10.42575,9.3766
"7021",2025-07-20 12:00:00,10.80375,9.3696
"7022",2025-07-20 13:00:00,11.11175,9.359575
"7023",2025-07-20 14:00:00,11.18075,9.352175
"7024",2025-07-20 15:00:00,11.2215,9.339475
"7025",2025-07-20 16:00:00,11.107,9.325925
"7026",2025-07-20 17:00:00,10.6425,9.31945
"7027",2025-07-20 18:00:00,10.69675,9.32035
"7028",2025-07-20 19:00:00,10.55,9.32175
"7029",2025-07-20 20:00:00,10.077,9.32555
"7030",2025-07-20 21:00:00,9.56925,9.32915
"7031",2025-07-20 22:00:00,9.29275,9.327675
"7032",2025-07-20 23:00:00,9.189,9.326275
"7033",2025-07-21,9.12825,9.32535
"7034",2025-07-21 01:00:00,9.0745,9.323575
"7035",2025-07-21 02:00:00,9.0305,9.322475
"7036",2025-07-21 03:00:00,9.00125,9.321925
"7037",2025-07-21 04:00:00,9.00475,9.32055
"7038",2025-07-21 05:00:00,9.0035,9.322
"7039",2025-07-21 06:00:00,8.97875,9.3222
"7040",2025-07-21 07:00:00,8.9425,9.323225
"7041",2025-07-21 08:00:00,9.14475,9.3272
"7042",2025-07-21 09:00:00,9.6035,9.333625
"7043",2025-07-21 10:00:00,10.11475,9.337925
"7044",2025-07-21 11:00:00,10.41325,9.338525
"7045",2025-07-21 12:00:00,10.74275,9.3368
"7046",2025-07-21 13:00:00,10.945,9.33285
"7047",2025-07-21 14:00:00,10.93375,9.32905
"7048",2025-07-21 15:00:00,10.7145,9.32385
"7049",2025-07-21 16:00:00,10.877,9.32575
"7050",2025-07-21 17:00:00,10.64875,9.3219
"7051",2025-07-21 18:00:00,10.33325,9.32025
"7052",2025-07-21 19:00:00,10.03125,9.32325
"7053",2025-07-21 20:00:00,9.6465,9.32735
"7054",2025-07-21 21:00:00,9.279,9.330775
"7055",2025-07-21 22:00:00,9.062,9.33465
"7056",2025-07-21 23:00:00,8.978,9.337725
"7057",2025-07-22,8.9155,9.34045
"7058",2025-07-22 01:00:00,8.858,9.341225
"7059",2025-07-22 02:00:00,8.81025,9.341425
"7060",2025-07-22 03:00:00,8.77325,9.3418
"7061",2025-07-22 04:00:00,8.75025,9.342975
"7062",2025-07-22 05:00:00,8.723,9.344
"7063",2025-07-22 06:00:00,8.708,9.346825
"7064",2025-07-22 07:00:00,8.75875,9.351225
"7065",2025-07-22 08:00:00,8.99675,9.357025
"7066",2025-07-22 09:00:00,9.35725,9.36245
"7067",2025-07-22 10:00:00,9.78025,9.36555
"7068",2025-07-22 11:00:00,10.2475,9.36755
"7069",2025-07-22 12:00:00,10.69825,9.36505
"7070",2025-07-22 13:00:00,10.98575,9.3627
"7071",2025-07-22 14:00:00,11.06175,9.357525
"7072",2025-07-22 15:00:00,10.9845,9.3527
"7073",2025-07-22 16:00:00,10.85175,9.34865
"7074",2025-07-22 17:00:00,10.54525,9.3431
"7075",2025-07-22 18:00:00,10.22575,9.3396
"7076",2025-07-22 19:00:00,9.91925,9.3403
"7077",2025-07-22 20:00:00,9.7025,9.3455
"7078",2025-07-22 21:00:00,9.301,9.34855
"7079",2025-07-22 22:00:00,9.109,9.354175
"7080",2025-07-22 23:00:00,9.0295,9.356425
"7081",2025-07-23,8.97475,9.358225
"7082",2025-07-23 01:00:00,8.91,9.3585
"7083",2025-07-23 02:00:00,8.87525,9.36075
"7084",2025-07-23 03:00:00,8.841,9.36245
"7085",2025-07-23 04:00:00,8.81025,9.36435
"7086",2025-07-23 05:00:00,8.7785,9.366825
"7087",2025-07-23 06:00:00,8.75725,9.369825
"7088",2025-07-23 07:00:00,8.7965,9.37425
"7089",2025-07-23 08:00:00,9.00425,9.3792
"7090",2025-07-23 09:00:00,9.3405,9.384
"7091",2025-07-23 10:00:00,9.80525,9.3875
"7092",2025-07-23 11:00:00,10.2605,9.388875
"7093",2025-07-23 12:00:00,10.7015,9.386075
"7094",2025-07-23 13:00:00,11.05425,9.384325
"7095",2025-07-23 14:00:00,11.1215,9.38045
"7096",2025-07-23 15:00:00,11.077,9.37605
"7097",2025-07-23 16:00:00,10.9175,9.3712
"7098",2025-07-23 17:00:00,10.31825,9.363125
"7099",2025-07-23 18:00:00,9.777,9.35725
"7100",2025-07-23 19:00:00,9.8045,9.359175
"7101",2025-07-23 20:00:00,9.87125,9.364625
"7102",2025-07-23 21:00:00,9.3855,9.3713
"7103",2025-07-23 22:00:00,9.186,9.376775
"7104",2025-07-23 23:00:00,9.144,9.37925
"7105",2025-07-24,9.082,9.383525
"7106",2025-07-24 01:00:00,8.9765,9.38465
"7107",2025-07-24 02:00:00,8.92275,9.38525
"7108",2025-07-24 03:00:00,8.88775,9.386875
"7109",2025-07-24 04:00:00,8.87225,9.38915
"7110",2025-07-24 05:00:00,8.85325,9.3923
"7111",2025-07-24 06:00:00,8.8235,9.393875
"7112",2025-07-24 07:00:00,8.85925,9.395075
"7113",2025-07-24 08:00:00,9.08075,9.400675
"7114",2025-07-24 09:00:00,9.423,9.405725
"7115",2025-07-24 10:00:00,9.82275,9.407475
"7116",2025-07-24 11:00:00,10.3165,9.4084
"7117",2025-07-24 12:00:00,10.729,9.40335
"7118",2025-07-24 13:00:00,10.97625,9.3971
"7119",2025-07-24 14:00:00,11.17825,9.390025
"7120",2025-07-24 15:00:00,11.073,9.38305
"7121",2025-07-24 16:00:00,9.976,9.369575
"7122",2025-07-24 17:00:00,9.702,9.3673
"7123",2025-07-24 18:00:00,9.7835,9.37255
"7124",2025-07-24 19:00:00,9.6925,9.38115
"7125",2025-07-24 20:00:00,9.4115,9.39235
"7126",2025-07-24 21:00:00,9.34925,9.3986
"7127",2025-07-24 22:00:00,9.247,9.399025
"7128",2025-07-24 23:00:00,9.319,9.394875
"7129",2025-07-25,9.27375,9.3924
"7130",2025-07-25 01:00:00,9.078,9.3852
"7131",2025-07-25 02:00:00,9.0725,9.3833
"7132",2025-07-25 03:00:00,9.072,9.383975
"7133",2025-07-25 04:00:00,8.986,9.382775
"7134",2025-07-25 05:00:00,8.93625,9.3812
"7135",2025-07-25 06:00:00,8.914,9.3797
"7136",2025-07-25 07:00:00,8.96225,9.38145
"7137",2025-07-25 08:00:00,9.0295,9.38345
"7138",2025-07-25 09:00:00,9.371,9.386975
"7139",2025-07-25 10:00:00,9.7425,9.387825
"7140",2025-07-25 11:00:00,10.07225,9.3885
"7141",2025-07-25 12:00:00,10.57575,9.383425
"7142",2025-07-25 13:00:00,10.89675,9.3769
"7143",2025-07-25 14:00:00,11.05625,9.369325
"7144",2025-07-25 15:00:00,10.96325,9.3575
"7145",2025-07-25 16:00:00,10.74875,9.344275
"7146",2025-07-25 17:00:00,10.64475,9.3403
"7147",2025-07-25 18:00:00,10.15775,9.3379
"7148",2025-07-25 19:00:00,9.74925,9.337825
"7149",2025-07-25 20:00:00,9.75625,9.343075
"7150",2025-07-25 21:00:00,9.7245,9.35945
"7151",2025-07-25 22:00:00,9.38525,9.362925
"7152",2025-07-25 23:00:00,9.098,9.362025
"7153",2025-07-26,9.02825,9.35965
"7154",2025-07-26 01:00:00,8.97025,9.357075
"7155",2025-07-26 02:00:00,8.9125,9.355275
"7156",2025-07-26 03:00:00,8.86125,9.3539
"7157",2025-07-26 04:00:00,8.823,9.354
"7158",2025-07-26 05:00:00,8.79275,9.3554
"7159",2025-07-26 06:00:00,8.7755,9.35735
"7160",2025-07-26 07:00:00,8.79875,9.359625
"7161",2025-07-26 08:00:00,9.014,9.364325
"7162",2025-07-26 09:00:00,9.3795,9.36845
"7163",2025-07-26 10:00:00,9.84875,9.371275
"7164",2025-07-26 11:00:00,10.23475,9.37065
"7165",2025-07-26 12:00:00,10.59275,9.370075
"7166",2025-07-26 13:00:00,10.91925,9.368575
"7167",2025-07-26 14:00:00,10.948,9.36295
"7168",2025-07-26 15:00:00,10.855,9.35675
"7169",2025-07-26 16:00:00,10.6755,9.351375
"7170",2025-07-26 17:00:00,10.3235,9.345125
"7171",2025-07-26 18:00:00,9.91825,9.3387
"7172",2025-07-26 19:00:00,9.887,9.3414
"7173",2025-07-26 20:00:00,9.58,9.3456
"7174",2025-07-26 21:00:00,9.20425,9.353525
"7175",2025-07-26 22:00:00,9.09125,9.36105
"7176",2025-07-26 23:00:00,9.045,9.3633
"7177",2025-07-27,8.99775,9.363625
"7178",2025-07-27 01:00:00,8.9355,9.3643
"7179",2025-07-27 02:00:00,8.85975,9.364925
"7180",2025-07-27 03:00:00,8.8155,9.3652
"7181",2025-07-27 04:00:00,8.786,9.365375
"7182",2025-07-27 05:00:00,8.76125,9.366525
"7183",2025-07-27 06:00:00,8.7465,9.368775
"7184",2025-07-27 07:00:00,8.78425,9.37055
"7185",2025-07-27 08:00:00,9.02425,9.3757
"7186",2025-07-27 09:00:00,9.32525,9.37955
"7187",2025-07-27 10:00:00,9.7585,9.38315
"7188",2025-07-27 11:00:00,10.23275,9.38585
"7189",2025-07-27 12:00:00,10.5535,9.3849
"7190",2025-07-27 13:00:00,10.7845,9.3793
"7191",2025-07-27 14:00:00,10.912,9.375825
"7192",2025-07-27 15:00:00,10.87125,9.37155
"7193",2025-07-27 16:00:00,10.6725,9.36585
"7194",2025-07-27 17:00:00,10.171,9.359875
"7195",2025-07-27 18:00:00,9.735,9.36235
"7196",2025-07-27 19:00:00,9.79175,9.367525
"7197",2025-07-27 20:00:00,9.51025,9.3681
"7198",2025-07-27 21:00:00,9.1735,9.3737
"7199",2025-07-27 22:00:00,9.0525,9.3752
"7200",2025-07-27 23:00:00,8.96075,9.377625
"7201",2025-07-28,8.9145,9.382925
"7202",2025-07-28 01:00:00,8.8825,9.3863
"7203",2025-07-28 02:00:00,8.85125,9.387975
"7204",2025-07-28 03:00:00,8.81475,9.3887
"7205",2025-07-28 04:00:00,8.79075,9.389675
"7206",2025-07-28 05:00:00,8.7665,9.3912
"7207",2025-07-28 06:00:00,8.74775,9.3955
"7208",2025-07-28 07:00:00,8.78075,9.3996
"7209",2025-07-28 08:00:00,8.9985,9.405025
"7210",2025-07-28 09:00:00,9.35975,9.41
"7211",2025-07-28 10:00:00,9.7405,9.412675
"7212",2025-07-28 11:00:00,10.2095,9.4144
"7213",2025-07-28 12:00:00,10.5595,9.41155
"7214",2025-07-28 13:00:00,10.811,9.406075
"7215",2025-07-28 14:00:00,10.91775,9.401225
"7216",2025-07-28 15:00:00,10.9185,9.397875
"7217",2025-07-28 16:00:00,10.72675,9.39155
"7218",2025-07-28 17:00:00,10.31625,9.3852
"7219",2025-07-28 18:00:00,9.807,9.381125
"7220",2025-07-28 19:00:00,9.467,9.3813
"7221",2025-07-28 20:00:00,9.53325,9.3861
"7222",2025-07-28 21:00:00,9.39975,9.3896
"7223",2025-07-28 22:00:00,9.36775,9.397975
"7224",2025-07-28 23:00:00,9.11525,9.400425
"7225",2025-07-29,9.037,9.401325
"7226",2025-07-29 01:00:00,8.99925,9.4018
"7227",2025-07-29 02:00:00,8.9275,9.401975
"7228",2025-07-29 03:00:00,8.86525,9.4026
"7229",2025-07-29 04:00:00,8.82975,9.4039
"7230",2025-07-29 05:00:00,8.8225,9.406425
"7231",2025-07-29 06:00:00,8.8135,9.40965
"7232",2025-07-29 07:00:00,8.8275,9.41215
"7233",2025-07-29 08:00:00,9.02825,9.415825
"7234",2025-07-29 09:00:00,9.3735,9.42065
"7235",2025-07-29 10:00:00,10.203,9.404
"7236",2025-07-29 11:00:00,10.17325,9.427075
"7237",2025-07-29 12:00:00,10.443,9.4305
"7238",2025-07-29 13:00:00,10.6285,9.429225
"7239",2025-07-29 14:00:00,10.70475,9.4254
"7240",2025-07-29 15:00:00,10.59675,9.41855
"7241",2025-07-29 16:00:00,10.41725,9.410025
"7242",2025-07-29 17:00:00,10.10525,9.4028
"7243",2025-07-29 18:00:00,9.75175,9.396375
"7244",2025-07-29 19:00:00,9.6875,9.396075
"7245",2025-07-29 20:00:00,9.62425,9.398775
"7246",2025-07-29 21:00:00,9.338,9.398975
"7247",2025-07-29 22:00:00,9.1885,9.4
"7248",2025-07-29 23:00:00,9.1955,9.401525
"7249",2025-07-30,9.07275,9.4062
"7250",2025-07-30 01:00:00,9.0105,9.40905
"7251",2025-07-30 02:00:00,8.95225,9.407375
"7252",2025-07-30 03:00:00,8.8875,9.40595
"7253",2025-07-30 04:00:00,8.847,9.4056
"7254",2025-07-30 05:00:00,8.823,9.4063
"7255",2025-07-30 06:00:00,8.7925,9.407625
"7256",2025-07-30 07:00:00,8.813,9.408575
"7257",2025-07-30 08:00:00,9.00875,9.41285
"7258",2025-07-30 09:00:00,9.29775,9.418475
"7259",2025-07-30 10:00:00,9.583,9.421225
"7260",2025-07-30 11:00:00,9.83975,9.42035
"7261",2025-07-30 12:00:00,10.08475,9.4156
"7262",2025-07-30 13:00:00,9.501,9.408475
"7263",2025-07-30 14:00:00,9.317,9.4047
"7264",2025-07-30 15:00:00,9.21875,9.401825
"7265",2025-07-30 16:00:00,9.31275,9.399975
"7266",2025-07-30 17:00:00,9.31625,9.39945
"7267",2025-07-30 18:00:00,9.3075,9.399025
"7268",2025-07-30 19:00:00,9.16475,9.40145
"7269",2025-07-30 20:00:00,9.048,9.401475
"7270",2025-07-30 21:00:00,8.9725,9.401425
"7271",2025-07-30 22:00:00,8.9845,9.40145
"7272",2025-07-30 23:00:00,9.0915,9.405775
"7273",2025-07-31,8.9795,9.405725
"7274",2025-07-31 01:00:00,8.9185,9.404925
"7275",2025-07-31 02:00:00,8.892,9.4031
"7276",2025-07-31 03:00:00,8.858,9.4024
"7277",2025-07-31 04:00:00,8.851,9.40335
"7278",2025-07-31 05:00:00,8.8525,9.4046
"7279",2025-07-31 06:00:00,8.8535,9.406225
"7280",2025-07-31 07:00:00,8.8935,9.40945
"7281",2025-07-31 08:00:00,9.01425,9.41315
"7282",2025-07-31 09:00:00,9.454,9.4218
"7283",2025-07-31 10:00:00,9.6115,9.4231
"7284",2025-07-31 11:00:00,9.944,9.42455
"7285",2025-07-31 12:00:00,10.35925,9.42165
"7286",2025-07-31 13:00:00,10.07125,9.416075
"7287",2025-07-31 14:00:00,10.39,9.41295
"7288",2025-07-31 15:00:00,10.33225,9.4115
"7289",2025-07-31 16:00:00,10.06775,9.4137
"7290",2025-07-31 17:00:00,9.64825,9.41465
"7291",2025-07-31 18:00:00,9.40025,9.419875
"7292",2025-07-31 19:00:00,9.15775,9.419525
"7293",2025-07-31 20:00:00,9.0815,9.4205
"7294",2025-07-31 21:00:00,9.02725,9.4235
"7295",2025-07-31 22:00:00,8.978,9.4205
"7296",2025-07-31 23:00:00,8.90025,9.422325
"7297",2025-08-01,8.8455,9.420875
"7298",2025-08-01 01:00:00,8.82025,9.4212
"7299",2025-08-01 02:00:00,8.79325,9.4222
"7300",2025-08-01 03:00:00,8.7605,9.422525
"7301",2025-08-01 04:00:00,8.7205,9.42465
"7302",2025-08-01 05:00:00,8.6995,9.434425
"7303",2025-08-01 06:00:00,8.69375,9.4371
"7304",2025-08-01 07:00:00,8.72775,9.439525
"7305",2025-08-01 08:00:00,8.93275,9.44545
"7306",2025-08-01 09:00:00,9.24925,9.45215
"7307",2025-08-01 10:00:00,9.64275,9.456275
"7308",2025-08-01 11:00:00,10.018,9.4555
"7309",2025-08-01 12:00:00,10.355,9.446825
"7310",2025-08-01 13:00:00,10.5625,9.441925
"7311",2025-08-01 14:00:00,10.5655,9.437875
"7312",2025-08-01 15:00:00,10.44175,9.43285
"7313",2025-08-01 16:00:00,10.05075,9.4242
"7314",2025-08-01 17:00:00,9.565,9.417775
"7315",2025-08-01 18:00:00,9.56225,9.420825
"7316",2025-08-01 19:00:00,9.5405,9.4301
"7317",2025-08-01 20:00:00,9.25775,9.434825
"7318",2025-08-01 21:00:00,9.04075,9.434
"7319",2025-08-01 22:00:00,8.9235,9.43765
"7320",2025-08-01 23:00:00,8.8855,9.44195
"7321",2025-08-02,8.84775,9.441625
"7322",2025-08-02 01:00:00,8.81025,9.4419
"7323",2025-08-02 02:00:00,8.7785,9.441675
"7324",2025-08-02 03:00:00,8.749,9.44185
"7325",2025-08-02 04:00:00,8.7275,9.4425
"7326",2025-08-02 05:00:00,8.7105,9.446325
"7327",2025-08-02 06:00:00,8.70175,9.4519
"7328",2025-08-02 07:00:00,8.74,9.4586
"7329",2025-08-02 08:00:00,8.9345,9.463375
"7330",2025-08-02 09:00:00,9.22125,9.468425
"7331",2025-08-02 10:00:00,9.5945,9.473125
"7332",2025-08-02 11:00:00,9.98575,9.471
"7333",2025-08-02 12:00:00,10.33175,9.462725
"7334",2025-08-02 13:00:00,10.52625,9.458175
"7335",2025-08-02 14:00:00,10.56675,9.453025
"7336",2025-08-02 15:00:00,10.44525,9.4466
"7337",2025-08-02 16:00:00,10.33475,9.4414
"7338",2025-08-02 17:00:00,9.887,9.432375
"7339",2025-08-02 18:00:00,9.47175,9.427775
"7340",2025-08-02 19:00:00,9.332,9.427675
"7341",2025-08-02 20:00:00,9.23075,9.426425
"7342",2025-08-02 21:00:00,9.202,9.427275
"7343",2025-08-02 22:00:00,9.07825,9.429
"7344",2025-08-02 23:00:00,8.9405,9.43605
"7345",2025-08-03,8.87275,9.434475
"7346",2025-08-03 01:00:00,8.84225,9.4331
"7347",2025-08-03 02:00:00,8.825,9.43105
"7348",2025-08-03 03:00:00,8.79725,9.429825
"7349",2025-08-03 04:00:00,8.7775,9.428825
"7350",2025-08-03 05:00:00,8.76,9.42745
"7351",2025-08-03 06:00:00,8.74975,9.426525
"7352",2025-08-03 07:00:00,8.776,9.42795
"7353",2025-08-03 08:00:00,8.96625,9.431225
"7354",2025-08-03 09:00:00,9.28625,9.43535
"7355",2025-08-03 10:00:00,9.66875,9.43515
"7356",2025-08-03 11:00:00,10.02225,9.428175
"7357",2025-08-03 12:00:00,10.34025,9.418975
"7358",2025-08-03 13:00:00,10.57075,9.4153
"7359",2025-08-03 14:00:00,10.448,9.4083
"7360",2025-08-03 15:00:00,9.796,9.398725
"7361",2025-08-03 16:00:00,9.67475,9.395975
"7362",2025-08-03 17:00:00,9.538,9.392075
"7363",2025-08-03 18:00:00,9.4955,9.390525
"7364",2025-08-03 19:00:00,9.5005,9.391875
"7365",2025-08-03 20:00:00,9.37175,9.39345
"7366",2025-08-03 21:00:00,9.16425,9.39415
"7367",2025-08-03 22:00:00,8.98775,9.396925
"7368",2025-08-03 23:00:00,8.88425,9.404125
"7369",2025-08-04,8.85525,9.405975
"7370",2025-08-04 01:00:00,8.84175,9.406225
"7371",2025-08-04 02:00:00,8.8355,9.40575
"7372",2025-08-04 03:00:00,8.76025,9.404225
"7373",2025-08-04 04:00:00,8.7055,9.40335
"7374",2025-08-04 05:00:00,8.6715,9.40415
"7375",2025-08-04 06:00:00,8.649,9.409525
"7376",2025-08-04 07:00:00,8.688,9.412775
"7377",2025-08-04 08:00:00,8.90275,9.41835
"7378",2025-08-04 09:00:00,9.19375,9.4226
"7379",2025-08-04 10:00:00,9.52125,9.424975
"7380",2025-08-04 11:00:00,9.89,9.423525
"7381",2025-08-04 12:00:00,10.18525,9.414275
"7382",2025-08-04 13:00:00,10.362,9.409775
"7383",2025-08-04 14:00:00,10.3375,9.407225
"7384",2025-08-04 15:00:00,10.173,9.400825
"7385",2025-08-04 16:00:00,10.078,9.396275
"7386",2025-08-04 17:00:00,9.82925,9.3902
"7387",2025-08-04 18:00:00,9.60075,9.385675
"7388",2025-08-04 19:00:00,9.36675,9.384425
"7389",2025-08-04 20:00:00,9.134,9.38235
"7390",2025-08-04 21:00:00,8.9785,9.383975
"7391",2025-08-04 22:00:00,8.88225,9.390325
"7392",2025-08-04 23:00:00,8.807,9.398175
"7393",2025-08-05,8.7455,9.400825
"7394",2025-08-05 01:00:00,8.7125,9.40255
"7395",2025-08-05 02:00:00,8.69,9.402125
"7396",2025-08-05 03:00:00,8.661,9.4043
"7397",2025-08-05 04:00:00,8.646,9.406175
"7398",2025-08-05 05:00:00,8.61725,9.40745
"7399",2025-08-05 06:00:00,8.59325,9.40975
"7400",2025-08-05 07:00:00,8.64575,9.414775
"7401",2025-08-05 08:00:00,8.85275,9.421925
"7402",2025-08-05 09:00:00,9.136,9.428575
"7403",2025-08-05 10:00:00,9.49825,9.434325
"7404",2025-08-05 11:00:00,9.87375,9.436175
"7405",2025-08-05 12:00:00,10.2015,9.432925
"7406",2025-08-05 13:00:00,10.40875,9.4216
"7407",2025-08-05 14:00:00,10.46025,9.420625
"7408",2025-08-05 15:00:00,10.32825,9.41545
"7409",2025-08-05 16:00:00,10.14825,9.41095
"7410",2025-08-05 17:00:00,9.9065,9.4052
"7411",2025-08-05 18:00:00,9.708,9.401825
"7412",2025-08-05 19:00:00,9.48175,9.400425
"7413",2025-08-05 20:00:00,9.253,9.401525
"7414",2025-08-05 21:00:00,9.055,9.411575
"7415",2025-08-05 22:00:00,8.95575,9.419175
"7416",2025-08-05 23:00:00,8.87925,9.420925
"7417",2025-08-06,8.81575,9.42095
"7418",2025-08-06 01:00:00,8.7745,9.4238
"7419",2025-08-06 02:00:00,8.75875,9.4259
"7420",2025-08-06 03:00:00,8.73575,9.428825
"7421",2025-08-06 04:00:00,8.69675,9.432025
"7422",2025-08-06 05:00:00,8.68725,9.434675
"7423",2025-08-06 06:00:00,8.674,9.436525
"7424",2025-08-06 07:00:00,8.7385,9.439875
"7425",2025-08-06 08:00:00,8.887,9.445575
"7426",2025-08-06 09:00:00,9.1225,9.451325
"7427",2025-08-06 10:00:00,9.31,9.4565
"7428",2025-08-06 11:00:00,9.67425,9.4601
"7429",2025-08-06 12:00:00,10.167,9.45785
"7430",2025-08-06 13:00:00,10.40475,9.4487
"7431",2025-08-06 14:00:00,10.435,9.4458
"7432",2025-08-06 15:00:00,10.29775,9.4405
"7433",2025-08-06 16:00:00,10.07025,9.4334
"7434",2025-08-06 17:00:00,9.93675,9.428675
"7435",2025-08-06 18:00:00,9.67675,9.42415
"7436",2025-08-06 19:00:00,9.3985,9.420475
"7437",2025-08-06 20:00:00,9.18375,9.419275
"7438",2025-08-06 21:00:00,9.06775,9.4212
"7439",2025-08-06 22:00:00,8.984,9.42315
"7440",2025-08-06 23:00:00,8.91325,9.422725
"7441",2025-08-07,8.866,9.424925
"7442",2025-08-07 01:00:00,8.8605,9.426175
"7443",2025-08-07 02:00:00,8.824,9.42595
"7444",2025-08-07 03:00:00,8.775,9.425
"7445",2025-08-07 04:00:00,8.746,9.424425
"7446",2025-08-07 05:00:00,8.719,9.424425
"7447",2025-08-07 06:00:00,8.71175,9.42625
"7448",2025-08-07 07:00:00,8.74175,9.4282
"7449",2025-08-07 08:00:00,8.92025,9.43045
"7450",2025-08-07 09:00:00,9.20525,9.431825
"7451",2025-08-07 10:00:00,9.56775,9.43765
"7452",2025-08-07 11:00:00,9.936,9.443775
"7453",2025-08-07 12:00:00,10.144,9.44405
"7454",2025-08-07 13:00:00,10.158,9.441625
"7455",2025-08-07 14:00:00,10.3515,9.43825
"7456",2025-08-07 15:00:00,10.303,9.433375
"7457",2025-08-07 16:00:00,10.15625,9.42865
"7458",2025-08-07 17:00:00,9.87625,9.426275
"7459",2025-08-07 18:00:00,9.61275,9.42295
"7460",2025-08-07 19:00:00,9.35175,9.419775
"7461",2025-08-07 20:00:00,9.1415,9.4188
"7462",2025-08-07 21:00:00,9.041,9.420575
"7463",2025-08-07 22:00:00,8.9545,9.420025
"7464",2025-08-07 23:00:00,8.873,9.4195
"7465",2025-08-08,8.78225,9.418375
"7466",2025-08-08 01:00:00,8.72175,9.417325
"7467",2025-08-08 02:00:00,8.682,9.416725
"7468",2025-08-08 03:00:00,8.63625,9.416425
"7469",2025-08-08 04:00:00,8.57,9.415975
"7470",2025-08-08 05:00:00,8.51125,9.415625
"7471",2025-08-08 06:00:00,8.49125,9.416975
"7472",2025-08-08 07:00:00,8.54775,9.41985
"7473",2025-08-08 08:00:00,8.77725,9.4232
"7474",2025-08-08 09:00:00,9.07475,9.4278
"7475",2025-08-08 10:00:00,9.41925,9.433925
"7476",2025-08-08 11:00:00,9.80725,9.439075
"7477",2025-08-08 12:00:00,10.122,9.43635
"7478",2025-08-08 13:00:00,10.364,9.43135
"7479",2025-08-08 14:00:00,10.41725,9.425675
"7480",2025-08-08 15:00:00,10.2935,9.41665
"7481",2025-08-08 16:00:00,10.16725,9.411225
"7482",2025-08-08 17:00:00,9.90825,9.405175
"7483",2025-08-08 18:00:00,9.62725,9.400975
"7484",2025-08-08 19:00:00,9.41125,9.4002
"7485",2025-08-08 20:00:00,9.1925,9.401625
"7486",2025-08-08 21:00:00,9.07925,9.4061
"7487",2025-08-08 22:00:00,9.02975,9.40935
"7488",2025-08-08 23:00:00,8.94725,9.411125
"7489",2025-08-09,8.826,9.41185
"7490",2025-08-09 01:00:00,8.7735,9.41165
"7491",2025-08-09 02:00:00,8.74575,9.4113
"7492",2025-08-09 03:00:00,8.7185,9.410825
"7493",2025-08-09 04:00:00,8.67975,9.410625
"7494",2025-08-09 05:00:00,8.655,9.411675
"7495",2025-08-09 06:00:00,8.6275,9.4131
"7496",2025-08-09 07:00:00,8.675,9.416775
"7497",2025-08-09 08:00:00,8.867,9.4208
"7498",2025-08-09 09:00:00,9.15775,9.42545
"7499",2025-08-09 10:00:00,9.43525,9.429125
"7500",2025-08-09 11:00:00,9.87375,9.432175
"7501",2025-08-09 12:00:00,10.20525,9.427475
"7502",2025-08-09 13:00:00,10.408,9.418725
"7503",2025-08-09 14:00:00,10.45475,9.408025
"7504",2025-08-09 15:00:00,10.34975,9.40225
"7505",2025-08-09 16:00:00,10.2505,9.396625
"7506",2025-08-09 17:00:00,10.0135,9.3909
"7507",2025-08-09 18:00:00,9.844,9.387975
"7508",2025-08-09 19:00:00,9.624,9.38695
"7509",2025-08-09 20:00:00,9.2965,9.38635
"7510",2025-08-09 21:00:00,9.169,9.388925
"7511",2025-08-09 22:00:00,9.09225,9.391725
"7512",2025-08-09 23:00:00,8.96925,9.394
"7513",2025-08-10,8.91775,9.396125
"7514",2025-08-10 01:00:00,8.8825,9.396775
"7515",2025-08-10 02:00:00,8.85575,9.396575
"7516",2025-08-10 03:00:00,8.8275,9.3983
"7517",2025-08-10 04:00:00,8.798,9.39975
"7518",2025-08-10 05:00:00,8.77225,9.40305
"7519",2025-08-10 06:00:00,8.75675,9.408925
"7520",2025-08-10 07:00:00,8.79525,9.41515
"7521",2025-08-10 08:00:00,8.96325,9.420875
"7522",2025-08-10 09:00:00,9.2475,9.423375
"7523",2025-08-10 10:00:00,9.6005,9.42515
"7524",2025-08-10 11:00:00,9.9845,9.42575
"7525",2025-08-10 12:00:00,10.3055,9.42935
"7526",2025-08-10 13:00:00,10.50975,9.4297
"7527",2025-08-10 14:00:00,10.58625,9.425325
"7528",2025-08-10 15:00:00,10.48875,9.420475
"7529",2025-08-10 16:00:00,10.32975,9.41365
"7530",2025-08-10 17:00:00,10.0215,9.40705
"7531",2025-08-10 18:00:00,9.72425,9.401325
"7532",2025-08-10 19:00:00,9.445,9.396375
"7533",2025-08-10 20:00:00,9.221,9.394725
"7534",2025-08-10 21:00:00,9.14925,9.3965
"7535",2025-08-10 22:00:00,9.145,9.399125
"7536",2025-08-10 23:00:00,9.05825,9.4004
"7537",2025-08-11,8.9945,9.404
"7538",2025-08-11 01:00:00,8.94925,9.4063
"7539",2025-08-11 02:00:00,8.90875,9.406025
"7540",2025-08-11 03:00:00,8.87825,9.407325
"7541",2025-08-11 04:00:00,8.85175,9.407625
"7542",2025-08-11 05:00:00,8.82725,9.40925
"7543",2025-08-11 06:00:00,8.8125,9.412
"7544",2025-08-11 07:00:00,8.84025,9.4139
"7545",2025-08-11 08:00:00,9.0075,9.416175
"7546",2025-08-11 09:00:00,9.27125,9.41605
"7547",2025-08-11 10:00:00,9.63125,9.417575
"7548",2025-08-11 11:00:00,10.04475,9.42395
"7549",2025-08-11 12:00:00,10.311,9.423775
"7550",2025-08-11 13:00:00,10.54325,9.41895
"7551",2025-08-11 14:00:00,10.58325,9.413
"7552",2025-08-11 15:00:00,10.4425,9.40495
"7553",2025-08-11 16:00:00,10.2815,9.399075
"7554",2025-08-11 17:00:00,9.96375,9.3924
"7555",2025-08-11 18:00:00,9.64775,9.3876
"7556",2025-08-11 19:00:00,9.5625,9.387025
"7557",2025-08-11 20:00:00,9.4045,9.38795
"7558",2025-08-11 21:00:00,9.2155,9.389325
"7559",2025-08-11 22:00:00,9.10825,9.390625
"7560",2025-08-11 23:00:00,9.081,9.391625
"7561",2025-08-12,9.02425,9.391125
"7562",2025-08-12 01:00:00,8.9815,9.390325
"7563",2025-08-12 02:00:00,8.958,9.388925
"7564",2025-08-12 03:00:00,8.9215,9.387325
"7565",2025-08-12 04:00:00,8.89525,9.3868
"7566",2025-08-12 05:00:00,8.87725,9.386925
"7567",2025-08-12 06:00:00,8.865,9.387775
"7568",2025-08-12 07:00:00,8.88575,9.39015
"7569",2025-08-12 08:00:00,9.03925,9.39335
"7570",2025-08-12 09:00:00,9.29725,9.397775
"7571",2025-08-12 10:00:00,9.6425,9.401475
"7572",2025-08-12 11:00:00,10.00825,9.400675
"7573",2025-08-12 12:00:00,10.322,9.393575
"7574",2025-08-12 13:00:00,10.5385,9.3887
"7575",2025-08-12 14:00:00,10.61475,9.385075
"7576",2025-08-12 15:00:00,10.47125,9.3789
"7577",2025-08-12 16:00:00,10.349,9.3743
"7578",2025-08-12 17:00:00,10.0915,9.369225
"7579",2025-08-12 18:00:00,9.91175,9.3652
"7580",2025-08-12 19:00:00,9.68325,9.362525
"7581",2025-08-12 20:00:00,9.36975,9.36285
"7582",2025-08-12 21:00:00,9.196,9.36445
"7583",2025-08-12 22:00:00,9.1035,9.36675
"7584",2025-08-12 23:00:00,9.08225,9.3686
"7585",2025-08-13,9.01825,9.369025
"7586",2025-08-13 01:00:00,8.9615,9.36965
"7587",2025-08-13 02:00:00,8.90625,9.36955
"7588",2025-08-13 03:00:00,8.873,9.37185
"7589",2025-08-13 04:00:00,8.84625,9.3726
"7590",2025-08-13 05:00:00,8.832,9.373075
"7591",2025-08-13 06:00:00,8.81875,9.376575
"7592",2025-08-13 07:00:00,8.84,9.379925
"7593",2025-08-13 08:00:00,9.01425,9.382825
"7594",2025-08-13 09:00:00,9.26625,9.38265
"7595",2025-08-13 10:00:00,9.628,9.38285
"7596",2025-08-13 11:00:00,10.045,9.3878
"7597",2025-08-13 12:00:00,10.335,9.390225
"7598",2025-08-13 13:00:00,10.5335,9.389825
"7599",2025-08-13 14:00:00,10.5525,9.384775
"7600",2025-08-13 15:00:00,10.457,9.37815
"7601",2025-08-13 16:00:00,10.3015,9.372375
"7602",2025-08-13 17:00:00,10.0905,9.36855
"7603",2025-08-13 18:00:00,9.9345,9.366025
"7604",2025-08-13 19:00:00,9.6595,9.363175
"7605",2025-08-13 20:00:00,9.40375,9.363875
"7606",2025-08-13 21:00:00,9.2135,9.3664
"7607",2025-08-13 22:00:00,9.077,9.3691
"7608",2025-08-13 23:00:00,9.011,9.370175
"7609",2025-08-14,9.00825,9.37765
"7610",2025-08-14 01:00:00,8.95475,9.38485
"7611",2025-08-14 02:00:00,8.87325,9.385225
"7612",2025-08-14 03:00:00,8.8275,9.385075
"7613",2025-08-14 04:00:00,8.798,9.3851
"7614",2025-08-14 05:00:00,8.78175,9.386625
"7615",2025-08-14 06:00:00,8.76125,9.388275
"7616",2025-08-14 07:00:00,8.7745,9.392475
"7617",2025-08-14 08:00:00,8.941,9.397275
"7618",2025-08-14 09:00:00,9.222,9.4036
"7619",2025-08-14 10:00:00,9.57525,9.4092
"7620",2025-08-14 11:00:00,9.95625,9.409175
"7621",2025-08-14 12:00:00,10.20875,9.405075
"7622",2025-08-14 13:00:00,10.40725,9.39635
"7623",2025-08-14 14:00:00,10.47075,9.394125
"7624",2025-08-14 15:00:00,10.345,9.388825
"7625",2025-08-14 16:00:00,10.229,9.3855
"7626",2025-08-14 17:00:00,9.94375,9.381075
"7627",2025-08-14 18:00:00,9.70725,9.378075
"7628",2025-08-14 19:00:00,9.43875,9.375925
"7629",2025-08-14 20:00:00,9.182,9.378575
"7630",2025-08-14 21:00:00,9.0115,9.388575
"7631",2025-08-14 22:00:00,8.914,9.392975
"7632",2025-08-14 23:00:00,8.8765,9.394875
"7633",2025-08-15,8.82825,9.395725
"7634",2025-08-15 01:00:00,8.7765,9.395075
"7635",2025-08-15 02:00:00,8.74825,9.39465
"7636",2025-08-15 03:00:00,8.72175,9.393925
"7637",2025-08-15 04:00:00,8.702,9.3925
"7638",2025-08-15 05:00:00,8.68225,9.392875
"7639",2025-08-15 06:00:00,8.67025,9.39535
"7640",2025-08-15 07:00:00,8.70475,9.398475
"7641",2025-08-15 08:00:00,8.869,9.402775
"7642",2025-08-15 09:00:00,9.1315,9.40745
"7643",2025-08-15 10:00:00,9.48275,9.411975
"7644",2025-08-15 11:00:00,9.86075,9.411325
"7645",2025-08-15 12:00:00,10.167,9.407675
"7646",2025-08-15 13:00:00,10.357,9.39815
"7647",2025-08-15 14:00:00,10.4295,9.39405
"7648",2025-08-15 15:00:00,10.26325,9.38685
"7649",2025-08-15 16:00:00,10.16275,9.382925
"7650",2025-08-15 17:00:00,9.92375,9.37835
"7651",2025-08-15 18:00:00,9.74575,9.37475
"7652",2025-08-15 19:00:00,9.4805,9.371775
"7653",2025-08-15 20:00:00,9.21075,9.371125
"7654",2025-08-15 21:00:00,9.082,9.377575
"7655",2025-08-15 22:00:00,9.0435,9.381225
"7656",2025-08-15 23:00:00,8.9985,9.381225
"7657",2025-08-16,8.978,9.3839
"7658",2025-08-16 01:00:00,9.0005,9.38455
"7659",2025-08-16 02:00:00,9.014,9.384525
"7660",2025-08-16 03:00:00,8.99475,9.385125
"7661",2025-08-16 04:00:00,8.97375,9.384475
"7662",2025-08-16 05:00:00,8.963,9.386075
"7663",2025-08-16 06:00:00,8.95075,9.38775
"7664",2025-08-16 07:00:00,8.94275,9.390975
"7665",2025-08-16 08:00:00,8.99975,9.39345
"7666",2025-08-16 09:00:00,9.1195,9.395175
"7667",2025-08-16 10:00:00,9.3,9.398175
"7668",2025-08-16 11:00:00,9.41425,9.398675
"7669",2025-08-16 12:00:00,9.5035,9.396875
"7670",2025-08-16 13:00:00,9.42125,9.396
"7671",2025-08-16 14:00:00,9.40225,9.396125
"7672",2025-08-16 15:00:00,9.28875,9.395575
"7673",2025-08-16 16:00:00,9.2865,9.393525
"7674",2025-08-16 17:00:00,9.22675,9.392425
"7675",2025-08-16 18:00:00,9.126,9.390625
"7676",2025-08-16 19:00:00,9.164,9.3906
"7677",2025-08-16 20:00:00,8.98625,9.391925
"7678",2025-08-16 21:00:00,8.894,9.393125
"7679",2025-08-16 22:00:00,8.8555,9.392875
"7680",2025-08-16 23:00:00,8.82575,9.39355
"7681",2025-08-17,8.798,9.39375
"7682",2025-08-17 01:00:00,8.7705,9.3938
"7683",2025-08-17 02:00:00,8.75475,9.391725
"7684",2025-08-17 03:00:00,8.75925,9.3918
"7685",2025-08-17 04:00:00,8.784,9.3915
"7686",2025-08-17 05:00:00,8.79675,9.392525
"7687",2025-08-17 06:00:00,8.81025,9.39835
"7688",2025-08-17 07:00:00,8.8585,9.400425
"7689",2025-08-17 08:00:00,9.01,9.40335
"7690",2025-08-17 09:00:00,9.24675,9.406375
"7691",2025-08-17 10:00:00,9.54325,9.4113
"7692",2025-08-17 11:00:00,9.861,9.4099
"7693",2025-08-17 12:00:00,10.165,9.404125
"7694",2025-08-17 13:00:00,10.30425,9.391925
"7695",2025-08-17 14:00:00,10.07075,9.381375
"7696",2025-08-17 15:00:00,10.124,9.37905
"7697",2025-08-17 16:00:00,10.0465,9.374125
"7698",2025-08-17 17:00:00,9.81225,9.367325
"7699",2025-08-17 18:00:00,9.587,9.361125
"7700",2025-08-17 19:00:00,9.42975,9.3601
"7701",2025-08-17 20:00:00,9.42025,9.36205
"7702",2025-08-17 21:00:00,9.285,9.3624
"7703",2025-08-17 22:00:00,9.08325,9.36235
"7704",2025-08-17 23:00:00,8.9925,9.372625
"7705",2025-08-18,8.94525,9.3747
"7706",2025-08-18 01:00:00,8.88075,9.3746
"7707",2025-08-18 02:00:00,8.828,9.3772
"7708",2025-08-18 03:00:00,8.795,9.3817
"7709",2025-08-18 04:00:00,8.758,9.384
"7710",2025-08-18 05:00:00,8.71875,9.386225
"7711",2025-08-18 06:00:00,8.675,9.388925
"7712",2025-08-18 07:00:00,8.68975,9.393325
"7713",2025-08-18 08:00:00,8.849,9.399025
"7714",2025-08-18 09:00:00,9.11525,9.404225
"7715",2025-08-18 10:00:00,9.4695,9.410275
"7716",2025-08-18 11:00:00,9.806,9.41175
"7717",2025-08-18 12:00:00,10.07325,9.408975
"7718",2025-08-18 13:00:00,10.3315,9.407075
"7719",2025-08-18 14:00:00,10.43325,9.405875
"7720",2025-08-18 15:00:00,10.2805,9.401975
"7721",2025-08-18 16:00:00,10.10325,9.399425
"7722",2025-08-18 17:00:00,9.798,9.39615
"7723",2025-08-18 18:00:00,9.5165,9.3938
"7724",2025-08-18 19:00:00,9.22525,9.392625
"7725",2025-08-18 20:00:00,8.98925,9.3923
"7726",2025-08-18 21:00:00,8.89675,9.39515
"7727",2025-08-18 22:00:00,8.83325,9.396075
"7728",2025-08-18 23:00:00,8.77675,9.397675
"7729",2025-08-19,8.72675,9.405625
"7730",2025-08-19 01:00:00,8.6765,9.409175
"7731",2025-08-19 02:00:00,8.64075,9.411875
"7732",2025-08-19 03:00:00,8.6215,9.414325
"7733",2025-08-19 04:00:00,8.60225,9.415525
"7734",2025-08-19 05:00:00,8.56225,9.4168
"7735",2025-08-19 06:00:00,8.52,9.420275
"7736",2025-08-19 07:00:00,8.5535,9.4259
"7737",2025-08-19 08:00:00,8.76125,9.432175
"7738",2025-08-19 09:00:00,9.04,9.437125
"7739",2025-08-19 10:00:00,9.3995,9.44235
"7740",2025-08-19 11:00:00,9.759,9.444075
"7741",2025-08-19 12:00:00,10.05175,9.4427
"7742",2025-08-19 13:00:00,10.258,9.439075
"7743",2025-08-19 14:00:00,10.31825,9.42805
"7744",2025-08-19 15:00:00,10.1555,9.422825
"7745",2025-08-19 16:00:00,9.99225,9.41725
"7746",2025-08-19 17:00:00,9.7,9.411725
"7747",2025-08-19 18:00:00,9.4365,9.407
"7748",2025-08-19 19:00:00,9.3925,9.40775
"7749",2025-08-19 20:00:00,9.2195,9.417075
"7750",2025-08-19 21:00:00,9.0615,9.426025
"7751",2025-08-19 22:00:00,8.9335,9.430775
"7752",2025-08-19 23:00:00,8.887,9.43265
"7753",2025-08-20,8.84325,9.435875
"7754",2025-08-20 01:00:00,8.795,9.436225
"7755",2025-08-20 02:00:00,8.76675,9.437575
"7756",2025-08-20 03:00:00,8.75025,9.439
"7757",2025-08-20 04:00:00,8.7235,9.44165
"7758",2025-08-20 05:00:00,8.70425,9.442275
"7759",2025-08-20 06:00:00,8.68725,9.444925
"7760",2025-08-20 07:00:00,8.70675,9.449775
"7761",2025-08-20 08:00:00,8.86925,9.455275
"7762",2025-08-20 09:00:00,9.12275,9.46105
"7763",2025-08-20 10:00:00,9.45875,9.4676
"7764",2025-08-20 11:00:00,9.82275,9.46865
"7765",2025-08-20 12:00:00,10.10575,9.4632
"7766",2025-08-20 13:00:00,10.32175,9.452675
"7767",2025-08-20 14:00:00,10.37075,9.4473
"7768",2025-08-20 15:00:00,10.226,9.43965
"7769",2025-08-20 16:00:00,10.0525,9.4349
"7770",2025-08-20 17:00:00,9.77,9.42785
"7771",2025-08-20 18:00:00,9.6785,9.42525
"7772",2025-08-20 19:00:00,9.479,9.42365
"7773",2025-08-20 20:00:00,9.279,9.42315
"7774",2025-08-20 21:00:00,9.183,9.4246
"7775",2025-08-20 22:00:00,9.07425,9.424175
"7776",2025-08-20 23:00:00,8.98975,9.4262
"7777",2025-08-21,8.8985,9.4329
"7778",2025-08-21 01:00:00,8.854,9.43505
"7779",2025-08-21 02:00:00,8.8145,9.4347
"7780",2025-08-21 03:00:00,8.78,9.434775
"7781",2025-08-21 04:00:00,8.7505,9.433525
"7782",2025-08-21 05:00:00,8.725,9.4321
"7783",2025-08-21 06:00:00,8.716,9.432475
"7784",2025-08-21 07:00:00,8.7305,9.433925
"7785",2025-08-21 08:00:00,8.886,9.43745
"7786",2025-08-21 09:00:00,9.14575,9.44055
"7787",2025-08-21 10:00:00,9.48725,9.44165
"7788",2025-08-21 11:00:00,9.86075,9.43725
"7789",2025-08-21 12:00:00,10.12375,9.4233
"7790",2025-08-21 13:00:00,10.38,9.419025
"7791",2025-08-21 14:00:00,10.38625,9.409775
"7792",2025-08-21 15:00:00,10.279,9.400275
"7793",2025-08-21 16:00:00,10.145,9.393725
"7794",2025-08-21 17:00:00,9.83525,9.3886
"7795",2025-08-21 18:00:00,9.5075,9.383375
"7796",2025-08-21 19:00:00,9.2725,9.3808
"7797",2025-08-21 20:00:00,9.133,9.380325
"7798",2025-08-21 21:00:00,9.083,9.381875
"7799",2025-08-21 22:00:00,9.1115,9.384725
"7800",2025-08-21 23:00:00,9.01425,9.38585
"7801",2025-08-22,8.94075,9.38635
"7802",2025-08-22 01:00:00,8.8935,9.3862
"7803",2025-08-22 02:00:00,8.86525,9.386175
"7804",2025-08-22 03:00:00,8.82825,9.3864
"7805",2025-08-22 04:00:00,8.80025,9.3859
"7806",2025-08-22 05:00:00,8.77825,9.386075
"7807",2025-08-22 06:00:00,8.76025,9.387075
"7808",2025-08-22 07:00:00,8.77625,9.3901
"7809",2025-08-22 08:00:00,8.926,9.394525
"7810",2025-08-22 09:00:00,9.174,9.399225
"7811",2025-08-22 10:00:00,9.507,9.405375
"7812",2025-08-22 11:00:00,9.90675,9.4085
"7813",2025-08-22 12:00:00,10.17825,9.40365
"7814",2025-08-22 13:00:00,10.38075,9.39795
"7815",2025-08-22 14:00:00,10.4525,9.38615
"7816",2025-08-22 15:00:00,10.24025,9.37875
"7817",2025-08-22 16:00:00,9.994,9.37205
"7818",2025-08-22 17:00:00,9.8205,9.3678
"7819",2025-08-22 18:00:00,9.48375,9.36275
"7820",2025-08-22 19:00:00,9.1925,9.3591
"7821",2025-08-22 20:00:00,9.0515,9.3604
"7822",2025-08-22 21:00:00,8.96525,9.37065
"7823",2025-08-22 22:00:00,8.89875,9.374375
"7824",2025-08-22 23:00:00,8.8675,9.376675
"7825",2025-08-23,8.8495,9.3783
"7826",2025-08-23 01:00:00,8.84875,9.381275
"7827",2025-08-23 02:00:00,8.83975,9.38155
"7828",2025-08-23 03:00:00,8.84325,9.3829
"7829",2025-08-23 04:00:00,8.83525,9.38315
"7830",2025-08-23 05:00:00,8.834,9.3847
"7831",2025-08-23 06:00:00,8.807,9.389
"7832",2025-08-23 07:00:00,8.82975,9.393775
"7833",2025-08-23 08:00:00,8.96925,9.397825
"7834",2025-08-23 09:00:00,9.03275,9.400425
"7835",2025-08-23 10:00:00,9.24325,9.4032
"7836",2025-08-23 11:00:00,9.65325,9.4075
"7837",2025-08-23 12:00:00,10.087,9.40375
"7838",2025-08-23 13:00:00,10.3525,9.39465
"7839",2025-08-23 14:00:00,10.13625,9.383025
"7840",2025-08-23 15:00:00,9.9045,9.37555
"7841",2025-08-23 16:00:00,9.85,9.37255
"7842",2025-08-23 17:00:00,9.65175,9.367775
"7843",2025-08-23 18:00:00,9.51175,9.365925
"7844",2025-08-23 19:00:00,9.306,9.36385
"7845",2025-08-23 20:00:00,9.15975,9.367175
"7846",2025-08-23 21:00:00,9.11125,9.3789
"7847",2025-08-23 22:00:00,9.07475,9.385025
"7848",2025-08-23 23:00:00,9.0755,9.387675
"7849",2025-08-24,9.02425,9.389725
"7850",2025-08-24 01:00:00,9.02975,9.390875
"7851",2025-08-24 02:00:00,8.982,9.389475
"7852",2025-08-24 03:00:00,8.92825,9.388325
"7853",2025-08-24 04:00:00,8.91325,9.387175
"7854",2025-08-24 05:00:00,8.9185,9.38745
"7855",2025-08-24 06:00:00,8.9345,9.389425
"7856",2025-08-24 07:00:00,8.98525,9.391675
"7857",2025-08-24 08:00:00,9.16075,9.395975
"7858",2025-08-24 09:00:00,9.41875,9.401025
"7859",2025-08-24 10:00:00,9.64075,9.40515
"7860",2025-08-24 11:00:00,9.93325,9.405925
"7861",2025-08-24 12:00:00,10.0675,9.4013
"7862",2025-08-24 13:00:00,10.4745,9.392825
"7863",2025-08-24 14:00:00,10.588,9.384575
"7864",2025-08-24 15:00:00,10.53025,9.37865
"7865",2025-08-24 16:00:00,10.35175,9.3749
"7866",2025-08-24 17:00:00,10.16425,9.37115
"7867",2025-08-24 18:00:00,9.706,9.38805
"7868",2025-08-24 19:00:00,9.87875,9.40725
"7869",2025-08-24 20:00:00,9.41425,9.4012
"7870",2025-08-24 21:00:00,9.437,9.407
"7871",2025-08-24 22:00:00,9.54,9.403525
"7872",2025-08-24 23:00:00,9.448,9.400925
"7873",2025-08-25,9.1645,9.396775
"7874",2025-08-25 01:00:00,9.08,9.393775
"7875",2025-08-25 02:00:00,9.01225,9.393275
"7876",2025-08-25 03:00:00,8.954,9.393575
"7877",2025-08-25 04:00:00,8.93375,9.39385
"7878",2025-08-25 05:00:00,8.89325,9.3946
"7879",2025-08-25 06:00:00,8.858,9.396125
"7880",2025-08-25 07:00:00,8.85475,9.3997
"7881",2025-08-25 08:00:00,8.97925,9.404675
"7882",2025-08-25 09:00:00,9.20275,9.4099
"7883",2025-08-25 10:00:00,9.486,9.416425
"7884",2025-08-25 11:00:00,9.82425,9.419575
"7885",2025-08-25 12:00:00,10.07825,9.417025
"7886",2025-08-25 13:00:00,10.28525,9.41245
"7887",2025-08-25 14:00:00,10.315,9.406625
"7888",2025-08-25 15:00:00,10.171,9.394125
"7889",2025-08-25 16:00:00,9.9925,9.3838
"7890",2025-08-25 17:00:00,9.661,9.3781
"7891",2025-08-25 18:00:00,9.4065,9.377325
"7892",2025-08-25 19:00:00,9.329,9.3799
"7893",2025-08-25 20:00:00,9.2245,9.382475
"7894",2025-08-25 21:00:00,9.15325,9.387775
"7895",2025-08-25 22:00:00,9.04325,9.3905
"7896",2025-08-25 23:00:00,8.996,9.3917
"7897",2025-08-26,8.98525,9.392225
"7898",2025-08-26 01:00:00,8.96175,9.393725
"7899",2025-08-26 02:00:00,8.93425,9.3926
"7900",2025-08-26 03:00:00,8.9015,9.3907
"7901",2025-08-26 04:00:00,8.87225,9.390475
"7902",2025-08-26 05:00:00,8.8495,9.390575
"7903",2025-08-26 06:00:00,8.8305,9.39245
"7904",2025-08-26 07:00:00,8.8465,9.396525
"7905",2025-08-26 08:00:00,8.95975,9.400775
"7906",2025-08-26 09:00:00,9.1765,9.40505
"7907",2025-08-26 10:00:00,9.47375,9.408025
"7908",2025-08-26 11:00:00,9.7635,9.408525
"7909",2025-08-26 12:00:00,9.988,9.40445
"7910",2025-08-26 13:00:00,10.275,9.393575
"7911",2025-08-26 14:00:00,10.24875,9.3896
"7912",2025-08-26 15:00:00,9.948,9.384625
"7913",2025-08-26 16:00:00,9.5995,9.37725
"7914",2025-08-26 17:00:00,9.38175,9.375225
"7915",2025-08-26 18:00:00,9.265,9.379525
"7916",2025-08-26 19:00:00,9.22125,9.39855
"7917",2025-08-26 20:00:00,9.16225,9.399875
"7918",2025-08-26 21:00:00,9.0765,9.4012
"7919",2025-08-26 22:00:00,8.99625,9.403725
"7920",2025-08-26 23:00:00,8.92375,9.401825
"7921",2025-08-27,8.8705,9.4033
"7922",2025-08-27 01:00:00,8.85,9.40385
"7923",2025-08-27 02:00:00,8.83725,9.403425
"7924",2025-08-27 03:00:00,8.8275,9.4043
"7925",2025-08-27 04:00:00,8.79975,9.405525
"7926",2025-08-27 05:00:00,8.781,9.407525
"7927",2025-08-27 06:00:00,8.76375,9.41275
"7928",2025-08-27 07:00:00,8.776,9.418
"7929",2025-08-27 08:00:00,8.90375,9.423225
"7930",2025-08-27 09:00:00,9.14775,9.429125
"7931",2025-08-27 10:00:00,9.434,9.434
"7932",2025-08-27 11:00:00,9.7785,9.43655
"7933",2025-08-27 12:00:00,10.041,9.432575
"7934",2025-08-27 13:00:00,10.2345,9.4277
"7935",2025-08-27 14:00:00,10.3235,9.422675
"7936",2025-08-27 15:00:00,10.17,9.417
"7937",2025-08-27 16:00:00,9.849,9.41115
"7938",2025-08-27 17:00:00,9.337,9.409675
"7939",2025-08-27 18:00:00,9.23975,9.411825
"7940",2025-08-27 19:00:00,9.2005,9.412725
"7941",2025-08-27 20:00:00,9.08625,9.415375
"7942",2025-08-27 21:00:00,9.02675,9.41855
"7943",2025-08-27 22:00:00,8.98575,9.4216
"7944",2025-08-27 23:00:00,8.94275,9.42135
"7945",2025-08-28,8.91875,9.421825
"7946",2025-08-28 01:00:00,8.88575,9.421375
"7947",2025-08-28 02:00:00,8.8595,9.4213
"7948",2025-08-28 03:00:00,8.8345,9.420475
"7949",2025-08-28 04:00:00,8.807,9.420475
"7950",2025-08-28 05:00:00,8.77075,9.419175
"7951",2025-08-28 06:00:00,8.74525,9.419875
"7952",2025-08-28 07:00:00,8.755,9.4221
"7953",2025-08-28 08:00:00,8.88425,9.4252
"7954",2025-08-28 09:00:00,9.127,9.43075
"7955",2025-08-28 10:00:00,9.44925,9.437975
"7956",2025-08-28 11:00:00,9.828,9.442725
"7957",2025-08-28 12:00:00,10.066,9.440375
"7958",2025-08-28 13:00:00,10.28975,9.4359
"7959",2025-08-28 14:00:00,10.39425,9.42955
"7960",2025-08-28 15:00:00,10.19725,9.420925
"7961",2025-08-28 16:00:00,10.01425,9.414575
"7962",2025-08-28 17:00:00,9.7225,9.409325
"7963",2025-08-28 18:00:00,9.441,9.405975
"7964",2025-08-28 19:00:00,9.21575,9.406275
"7965",2025-08-28 20:00:00,9.14875,9.411475
"7966",2025-08-28 21:00:00,9.03025,9.417175
"7967",2025-08-28 22:00:00,8.9345,9.420075
"7968",2025-08-28 23:00:00,8.86975,9.420025
"7969",2025-08-29,8.8135,9.4191
"7970",2025-08-29 01:00:00,8.7745,9.419
"7971",2025-08-29 02:00:00,8.75175,9.418475
"7972",2025-08-29 03:00:00,8.74025,9.419025
"7973",2025-08-29 04:00:00,8.7185,9.418775
"7974",2025-08-29 05:00:00,8.691,9.419125
"7975",2025-08-29 06:00:00,8.66175,9.421775
"7976",2025-08-29 07:00:00,8.6615,9.4257
"7977",2025-08-29 08:00:00,8.81725,9.4306
"7978",2025-08-29 09:00:00,9.049,9.435325
"7979",2025-08-29 10:00:00,9.359,9.441925
"7980",2025-08-29 11:00:00,9.70425,9.4461
"7981",2025-08-29 12:00:00,9.95525,9.444025
"7982",2025-08-29 13:00:00,10.2145,9.439825
"7983",2025-08-29 14:00:00,10.24025,9.4349
"7984",2025-08-29 15:00:00,9.941,9.42775
"7985",2025-08-29 16:00:00,9.87325,9.42435
"7986",2025-08-29 17:00:00,9.593,9.421325
"7987",2025-08-29 18:00:00,9.4245,9.419625
"7988",2025-08-29 19:00:00,9.173,9.417
"7989",2025-08-29 20:00:00,9.023,9.42045
"7990",2025-08-29 21:00:00,8.95075,9.422675
"7991",2025-08-29 22:00:00,8.879,9.423375
"7992",2025-08-29 23:00:00,8.82975,9.425625
"7993",2025-08-30,8.79925,9.42625
"7994",2025-08-30 01:00:00,8.78075,9.42625
"7995",2025-08-30 02:00:00,8.75625,9.425575
"7996",2025-08-30 03:00:00,8.727,9.42545
"7997",2025-08-30 04:00:00,8.706,9.424325
"7998",2025-08-30 05:00:00,8.686,9.42405
"7999",2025-08-30 06:00:00,8.676,9.425525
"8000",2025-08-30 07:00:00,8.68625,9.4273
"8001",2025-08-30 08:00:00,8.8295,9.4311
"8002",2025-08-30 09:00:00,9.062,9.434825
"8003",2025-08-30 10:00:00,9.37525,9.439475
"8004",2025-08-30 11:00:00,9.7275,9.4401
"8005",2025-08-30 12:00:00,9.99825,9.435125
"8006",2025-08-30 13:00:00,10.23825,9.428825
"8007",2025-08-30 14:00:00,10.29375,9.417475
"8008",2025-08-30 15:00:00,10.089,9.4086
"8009",2025-08-30 16:00:00,9.93175,9.4029
"8010",2025-08-30 17:00:00,9.66575,9.395875
"8011",2025-08-30 18:00:00,9.36925,9.39
"8012",2025-08-30 19:00:00,9.14,9.388825
"8013",2025-08-30 20:00:00,9.019,9.39085
"8014",2025-08-30 21:00:00,8.947,9.393825
"8015",2025-08-30 22:00:00,8.88625,9.39735
"8016",2025-08-30 23:00:00,8.8345,9.40055
"8017",2025-08-31,8.79075,9.402775
"8018",2025-08-31 01:00:00,8.77,9.404375
"8019",2025-08-31 02:00:00,8.7355,9.4047
"8020",2025-08-31 03:00:00,8.7125,9.405575
"8021",2025-08-31 04:00:00,8.6915,9.406825
"8022",2025-08-31 05:00:00,8.66425,9.407825
"8023",2025-08-31 06:00:00,8.638,9.409425
"8024",2025-08-31 07:00:00,8.65675,9.41225
"8025",2025-08-31 08:00:00,8.77125,9.415075
"8026",2025-08-31 09:00:00,9.01925,9.4194
"8027",2025-08-31 10:00:00,9.3445,9.424075
"8028",2025-08-31 11:00:00,9.61075,9.4249
"8029",2025-08-31 12:00:00,9.87275,9.420575
"8030",2025-08-31 13:00:00,10.15625,9.41535
"8031",2025-08-31 14:00:00,10.28125,9.40415
"8032",2025-08-31 15:00:00,10.13325,9.396475
"8033",2025-08-31 16:00:00,10.02125,9.3923
"8034",2025-08-31 17:00:00,9.75925,9.386475
"8035",2025-08-31 18:00:00,9.446,9.38145
"8036",2025-08-31 19:00:00,9.1475,9.379125
"8037",2025-08-31 20:00:00,9.02975,9.3846
"8038",2025-08-31 21:00:00,8.98175,9.391025
"8039",2025-08-31 22:00:00,8.892,9.392575
"8040",2025-08-31 23:00:00,8.82625,9.395325
"8041",2025-09-01,8.78175,9.397175
"8042",2025-09-01 01:00:00,8.7495,9.398525
"8043",2025-09-01 02:00:00,8.7265,9.39875
"8044",2025-09-01 03:00:00,8.70175,9.399775
"8045",2025-09-01 04:00:00,8.679,9.4003
"8046",2025-09-01 05:00:00,8.67525,9.4007
"8047",2025-09-01 06:00:00,8.6415,9.40175
"8048",2025-09-01 07:00:00,8.64425,9.404725
"8049",2025-09-01 08:00:00,8.79375,9.407575
"8050",2025-09-01 09:00:00,9.0375,9.4116
"8051",2025-09-01 10:00:00,9.368,9.417075
"8052",2025-09-01 11:00:00,9.71975,9.417125
"8053",2025-09-01 12:00:00,10.01375,9.4139
"8054",2025-09-01 13:00:00,10.31925,9.40665
"8055",2025-09-01 14:00:00,10.471,9.399075
"8056",2025-09-01 15:00:00,10.3445,9.39455
"8057",2025-09-01 16:00:00,10.171,9.390225
"8058",2025-09-01 17:00:00,9.8865,9.384225
"8059",2025-09-01 18:00:00,9.61275,9.379925
"8060",2025-09-01 19:00:00,9.371,9.377975
"8061",2025-09-01 20:00:00,9.21175,9.383075
"8062",2025-09-01 21:00:00,9.03025,9.3916
"8063",2025-09-01 22:00:00,8.982,9.394675
"8064",2025-09-01 23:00:00,8.909,9.394225
"8065",2025-09-02,8.86725,9.395975
"8066",2025-09-02 01:00:00,8.8375,9.398075
"8067",2025-09-02 02:00:00,8.80725,9.3986
"8068",2025-09-02 03:00:00,8.7795,9.399825
"8069",2025-09-02 04:00:00,8.75025,9.40155
"8070",2025-09-02 05:00:00,8.7325,9.402375
"8071",2025-09-02 06:00:00,8.7165,9.40495
"8072",2025-09-02 07:00:00,8.72425,9.40875
"8073",2025-09-02 08:00:00,8.84975,9.4133
"8074",2025-09-02 09:00:00,9.059,9.418925
"8075",2025-09-02 10:00:00,9.4105,9.426375
"8076",2025-09-02 11:00:00,9.582,9.42995
"8077",2025-09-02 12:00:00,9.44725,9.426025
"8078",2025-09-02 13:00:00,9.599,9.423025
"8079",2025-09-02 14:00:00,9.831,9.42495
"8080",2025-09-02 15:00:00,9.558,9.414075
"8081",2025-09-02 16:00:00,9.7415,9.410475
"8082",2025-09-02 17:00:00,9.596,9.408625
"8083",2025-09-02 18:00:00,9.34525,9.40695
"8084",2025-09-02 19:00:00,9.1715,9.405575
"8085",2025-09-02 20:00:00,9.1165,9.407475
"8086",2025-09-02 21:00:00,9.07125,9.4103
"8087",2025-09-02 22:00:00,9.01125,9.408925
"8088",2025-09-02 23:00:00,8.97225,9.41055
"8089",2025-09-03,9.01275,9.41685
"8090",2025-09-03 01:00:00,9.1985,9.425825
"8091",2025-09-03 02:00:00,9.2155,9.4308
"8092",2025-09-03 03:00:00,9.092,9.425975
"8093",2025-09-03 04:00:00,8.9835,9.422375
"8094",2025-09-03 05:00:00,8.91525,9.424275
"8095",2025-09-03 06:00:00,8.893,9.42165
"8096",2025-09-03 07:00:00,8.89025,9.423275
"8097",2025-09-03 08:00:00,8.96275,9.42545
"8098",2025-09-03 09:00:00,9.05725,9.428275
"8099",2025-09-03 10:00:00,9.425,9.43435
"8100",2025-09-03 11:00:00,9.78625,9.437475
"8101",2025-09-03 12:00:00,10.0705,9.4338
"8102",2025-09-03 13:00:00,10.236,9.426675
"8103",2025-09-03 14:00:00,10.276,9.419075
"8104",2025-09-03 15:00:00,10.1975,9.41065
"8105",2025-09-03 16:00:00,10.07275,9.399
"8106",2025-09-03 17:00:00,9.791,9.389425
"8107",2025-09-03 18:00:00,9.56175,9.385975
"8108",2025-09-03 19:00:00,9.38375,9.3839
"8109",2025-09-03 20:00:00,9.23675,9.384225
"8110",2025-09-03 21:00:00,9.14875,9.3871
"8111",2025-09-03 22:00:00,9.0895,9.388525
"8112",2025-09-03 23:00:00,9.04075,9.39035
"8113",2025-09-04,8.97375,9.3908
"8114",2025-09-04 01:00:00,8.9225,9.39245
"8115",2025-09-04 02:00:00,8.8985,9.392025
"8116",2025-09-04 03:00:00,8.87675,9.392075
"8117",2025-09-04 04:00:00,8.8605,9.390775
"8118",2025-09-04 05:00:00,8.84975,9.389375
"8119",2025-09-04 06:00:00,8.82975,9.38995
"8120",2025-09-04 07:00:00,8.8325,9.39225
"8121",2025-09-04 08:00:00,8.9315,9.39345
"8122",2025-09-04 09:00:00,9.146,9.3963
"8123",2025-09-04 10:00:00,9.43625,9.399425
"8124",2025-09-04 11:00:00,9.8,9.4003
"8125",2025-09-04 12:00:00,10.0315,9.393625
"8126",2025-09-04 13:00:00,10.104,9.3851
"8127",2025-09-04 14:00:00,10.18675,9.375125
"8128",2025-09-04 15:00:00,10.02125,9.3638
"8129",2025-09-04 16:00:00,9.89275,9.355425
"8130",2025-09-04 17:00:00,9.69275,9.353
"8131",2025-09-04 18:00:00,9.59475,9.352775
"8132",2025-09-04 19:00:00,9.46125,9.35165
"8133",2025-09-04 20:00:00,9.33375,9.353075
"8134",2025-09-04 21:00:00,9.2265,9.3536
"8135",2025-09-04 22:00:00,9.04825,9.3521
"8136",2025-09-04 23:00:00,8.96925,9.35245
"8137",2025-09-05,8.91075,9.351825
"8138",2025-09-05 01:00:00,8.8885,9.3499
"8139",2025-09-05 02:00:00,8.87125,9.350025
"8140",2025-09-05 03:00:00,8.8455,9.348875
"8141",2025-09-05 04:00:00,8.82675,9.3476
"8142",2025-09-05 05:00:00,8.80725,9.346275
"8143",2025-09-05 06:00:00,8.7735,9.346925
"8144",2025-09-05 07:00:00,8.7595,9.349175
"8145",2025-09-05 08:00:00,8.872,9.352875
"8146",2025-09-05 09:00:00,9.0925,9.35585
"8147",2025-09-05 10:00:00,9.4045,9.3617
"8148",2025-09-05 11:00:00,9.724,9.36575
"8149",2025-09-05 12:00:00,10.04025,9.36695
"8150",2025-09-05 13:00:00,10.2285,9.3623
"8151",2025-09-05 14:00:00,10.3195,9.35765
"8152",2025-09-05 15:00:00,10.17525,9.3513
"8153",2025-09-05 16:00:00,9.99425,9.346975
"8154",2025-09-05 17:00:00,9.68,9.343175
"8155",2025-09-05 18:00:00,9.413,9.339825
"8156",2025-09-05 19:00:00,9.15675,9.338875
"8157",2025-09-05 20:00:00,9.019,9.341475
"8158",2025-09-05 21:00:00,9.0055,9.345775
"8159",2025-09-05 22:00:00,9.01625,9.348
"8160",2025-09-05 23:00:00,8.94375,9.3499
"8161",2025-09-06,8.8795,9.350575
"8162",2025-09-06 01:00:00,8.83525,9.3529
"8163",2025-09-06 02:00:00,8.8335,9.352475
"8164",2025-09-06 03:00:00,8.865,9.3537
"8165",2025-09-06 04:00:00,8.82575,9.353175
"8166",2025-09-06 05:00:00,8.8005,9.35365
"8167",2025-09-06 06:00:00,8.77975,9.35745
"8168",2025-09-06 07:00:00,8.7625,9.370325
"8169",2025-09-06 08:00:00,8.85575,9.375175
"8170",2025-09-06 09:00:00,9.08,9.3804
"8171",2025-09-06 10:00:00,9.3825,9.38645
"8172",2025-09-06 11:00:00,9.726,9.390775
"8173",2025-09-06 12:00:00,10.00175,9.390125
"8174",2025-09-06 13:00:00,10.217,9.3875
"8175",2025-09-06 14:00:00,10.33375,9.383575
"8176",2025-09-06 15:00:00,10.21575,9.380825
"8177",2025-09-06 16:00:00,10.07675,9.378325
"8178",2025-09-06 17:00:00,9.815,9.377475
"8179",2025-09-06 18:00:00,9.44825,9.379075
"8180",2025-09-06 19:00:00,9.0785,9.38025
"8181",2025-09-06 20:00:00,8.95625,9.3851
"8182",2025-09-06 21:00:00,8.903,9.393525
"8183",2025-09-06 22:00:00,8.868,9.39625
"8184",2025-09-06 23:00:00,8.835,9.400225
"8185",2025-09-07,8.811,9.4024
"8186",2025-09-07 01:00:00,8.783,9.40345
"8187",2025-09-07 02:00:00,8.76425,9.403525
"8188",2025-09-07 03:00:00,8.74775,9.40385
"8189",2025-09-07 04:00:00,8.72925,9.404275
"8190",2025-09-07 05:00:00,8.721,9.4065
"8191",2025-09-07 06:00:00,8.71175,9.409475
"8192",2025-09-07 07:00:00,8.708,9.41125
"8193",2025-09-07 08:00:00,8.8215,9.416025
"8194",2025-09-07 09:00:00,9.03225,9.421125
"8195",2025-09-07 10:00:00,9.32975,9.42785
"8196",2025-09-07 11:00:00,9.61225,9.4322
"8197",2025-09-07 12:00:00,9.6695,9.4297
"8198",2025-09-07 13:00:00,10.0135,9.4318
"8199",2025-09-07 14:00:00,10.07575,9.42795
"8200",2025-09-07 15:00:00,9.81,9.421225
"8201",2025-09-07 16:00:00,9.62125,9.417175
"8202",2025-09-07 17:00:00,9.41925,9.413225
"8203",2025-09-07 18:00:00,9.3315,9.412025
"8204",2025-09-07 19:00:00,9.19375,9.40935
"8205",2025-09-07 20:00:00,8.97675,9.40935
"8206",2025-09-07 21:00:00,8.90225,9.408825
"8207",2025-09-07 22:00:00,8.836,9.4079
"8208",2025-09-07 23:00:00,8.78775,9.407425
"8209",2025-09-08,8.77225,9.406675
"8210",2025-09-08 01:00:00,8.75825,9.405325
"8211",2025-09-08 02:00:00,8.74,9.40355
"8212",2025-09-08 03:00:00,8.7285,9.40215
"8213",2025-09-08 04:00:00,8.704,9.401
"8214",2025-09-08 05:00:00,8.68875,9.39915
"8215",2025-09-08 06:00:00,8.6725,9.398875
"8216",2025-09-08 07:00:00,8.67925,9.399775
"8217",2025-09-08 08:00:00,8.765,9.40105
"8218",2025-09-08 09:00:00,8.89775,9.403425
"8219",2025-09-08 10:00:00,9.304,9.40955
"8220",2025-09-08 11:00:00,9.5795,9.4106
"8221",2025-09-08 12:00:00,10.05675,9.408925
"8222",2025-09-08 13:00:00,10.02375,9.406225
"8223",2025-09-08 14:00:00,9.554,9.400825
"8224",2025-09-08 15:00:00,9.32475,9.39285
"8225",2025-09-08 16:00:00,9.49825,9.3883
"8226",2025-09-08 17:00:00,9.5875,9.38535
"8227",2025-09-08 18:00:00,9.2745,9.385175
"8228",2025-09-08 19:00:00,9.133,9.384475
"8229",2025-09-08 20:00:00,9.05475,9.385925
"8230",2025-09-08 21:00:00,8.91475,9.3848
"8231",2025-09-08 22:00:00,8.87675,9.384375
"8232",2025-09-08 23:00:00,8.9365,9.392825
"8233",2025-09-09,8.97075,9.390175
"8234",2025-09-09 01:00:00,8.84275,9.386775
"8235",2025-09-09 02:00:00,8.78025,9.38485
"8236",2025-09-09 03:00:00,8.76375,9.3828
"8237",2025-09-09 04:00:00,8.7815,9.3833
"8238",2025-09-09 05:00:00,8.786,9.383425
"8239",2025-09-09 06:00:00,8.78775,9.38335
"8240",2025-09-09 07:00:00,8.8025,9.383425
"8241",2025-09-09 08:00:00,8.84825,9.383875
"8242",2025-09-09 09:00:00,9.0235,9.3877
"8243",2025-09-09 10:00:00,9.13025,9.3892
"8244",2025-09-09 11:00:00,9.22825,9.390375
"8245",2025-09-09 12:00:00,9.39725,9.390625
"8246",2025-09-09 13:00:00,9.41475,9.387375
"8247",2025-09-09 14:00:00,9.576,9.382525
"8248",2025-09-09 15:00:00,9.4045,9.376925
"8249",2025-09-09 16:00:00,9.37025,9.37375
"8250",2025-09-09 17:00:00,9.4045,9.3722
"8251",2025-09-09 18:00:00,9.1085,9.370925
"8252",2025-09-09 19:00:00,8.912,9.369825
"8253",2025-09-09 20:00:00,8.85125,9.372075
"8254",2025-09-09 21:00:00,8.82175,9.372725
"8255",2025-09-09 22:00:00,8.76975,9.37195
"8256",2025-09-09 23:00:00,8.743,9.371225
"8257",2025-09-10,8.73325,9.370275
"8258",2025-09-10 01:00:00,8.70325,9.36995
"8259",2025-09-10 02:00:00,8.68825,9.3692
"8260",2025-09-10 03:00:00,8.73,9.369475
"8261",2025-09-10 04:00:00,8.73575,9.369375
"8262",2025-09-10 05:00:00,8.72525,9.3686
"8263",2025-09-10 06:00:00,8.72025,9.368375
"8264",2025-09-10 07:00:00,8.6885,9.368325
"8265",2025-09-10 08:00:00,8.73125,9.37125
"8266",2025-09-10 09:00:00,8.98925,9.376825
"8267",2025-09-10 10:00:00,9.179,9.38065
"8268",2025-09-10 11:00:00,9.36125,9.3831
"8269",2025-09-10 12:00:00,9.2295,9.378925
"8270",2025-09-10 13:00:00,9.4115,9.379825
"8271",2025-09-10 14:00:00,9.4855,9.378425
"8272",2025-09-10 15:00:00,9.44175,9.37605
"8273",2025-09-10 16:00:00,9.22725,9.3735
"8274",2025-09-10 17:00:00,9.2505,9.3738
"8275",2025-09-10 18:00:00,9.05075,9.3699
"8276",2025-09-10 19:00:00,8.95175,9.370575
"8277",2025-09-10 20:00:00,8.892,9.37345
"8278",2025-09-10 21:00:00,8.8635,9.37505
"8279",2025-09-10 22:00:00,8.857,9.376375
"8280",2025-09-10 23:00:00,8.857,9.37525
"8281",2025-09-11,8.854,9.375475
"8282",2025-09-11 01:00:00,8.8455,9.377775
"8283",2025-09-11 02:00:00,8.839,9.37995
"8284",2025-09-11 03:00:00,8.82875,9.380275
"8285",2025-09-11 04:00:00,8.82375,9.381475
"8286",2025-09-11 05:00:00,8.824,9.38205
"8287",2025-09-11 06:00:00,8.82575,9.38295
"8288",2025-09-11 07:00:00,8.82025,9.385425
"8289",2025-09-11 08:00:00,8.85775,9.390425
"8290",2025-09-11 09:00:00,8.9345,9.39565
"8291",2025-09-11 10:00:00,9.07825,9.4008
"8292",2025-09-11 11:00:00,9.4255,9.40545
"8293",2025-09-11 12:00:00,9.3405,9.402775
"8294",2025-09-11 13:00:00,9.29375,9.400925
"8295",2025-09-11 14:00:00,9.42,9.40195
"8296",2025-09-11 15:00:00,9.59475,9.401525
"8297",2025-09-11 16:00:00,9.4685,9.39675
"8298",2025-09-11 17:00:00,9.2715,9.392925
"8299",2025-09-11 18:00:00,9.16375,9.390625
"8300",2025-09-11 19:00:00,9.10375,9.3899
"8301",2025-09-11 20:00:00,9.024,9.3912
"8302",2025-09-11 21:00:00,8.94575,9.39435
"8303",2025-09-11 22:00:00,8.8895,9.395825
"8304",2025-09-11 23:00:00,8.82575,9.396975
"8305",2025-09-12,8.79425,9.396975
"8306",2025-09-12 01:00:00,8.7815,9.397025
"8307",2025-09-12 02:00:00,8.75425,9.398775
"8308",2025-09-12 03:00:00,8.72825,9.398325
"8309",2025-09-12 04:00:00,8.70425,9.399275
"8310",2025-09-12 05:00:00,8.68225,9.401325
"8311",2025-09-12 06:00:00,8.66625,9.402175
"8312",2025-09-12 07:00:00,8.66925,9.405675
"8313",2025-09-12 08:00:00,8.76775,9.411175
"8314",2025-09-12 09:00:00,8.9775,9.4137
"8315",2025-09-12 10:00:00,9.272,9.4173
"8316",2025-09-12 11:00:00,9.53925,9.418375
"8317",2025-09-12 12:00:00,9.76275,9.416225
"8318",2025-09-12 13:00:00,9.91425,9.412175
"8319",2025-09-12 14:00:00,9.97025,9.4062
"8320",2025-09-12 15:00:00,9.85575,9.3997
"8321",2025-09-12 16:00:00,9.71075,9.395525
"8322",2025-09-12 17:00:00,9.52925,9.3906
"8323",2025-09-12 18:00:00,9.2955,9.388925
"8324",2025-09-12 19:00:00,9.14475,9.38865
"8325",2025-09-12 20:00:00,9.03425,9.390025
"8326",2025-09-12 21:00:00,8.98225,9.3913
"8327",2025-09-12 22:00:00,8.9385,9.39185
"8328",2025-09-12 23:00:00,8.8665,9.39225
"8329",2025-09-13,8.82375,9.391775
"8330",2025-09-13 01:00:00,8.801,9.3907
"8331",2025-09-13 02:00:00,8.77325,9.390075
"8332",2025-09-13 03:00:00,8.76075,9.38935
"8333",2025-09-13 04:00:00,8.75125,9.388125
"8334",2025-09-13 05:00:00,8.7335,9.3878
"8335",2025-09-13 06:00:00,8.7085,9.3886
"8336",2025-09-13 07:00:00,8.697,9.389875
"8337",2025-09-13 08:00:00,8.78875,9.39175
"8338",2025-09-13 09:00:00,8.994,9.394725
"8339",2025-09-13 10:00:00,9.27875,9.39735
"8340",2025-09-13 11:00:00,9.55,9.395975
"8341",2025-09-13 12:00:00,9.7925,9.391275
"8342",2025-09-13 13:00:00,9.95575,9.387625
"8343",2025-09-13 14:00:00,9.965,9.38005
"8344",2025-09-13 15:00:00,9.8445,9.36505
"8345",2025-09-13 16:00:00,9.6625,9.3586
"8346",2025-09-13 17:00:00,9.46675,9.35295
"8347",2025-09-13 18:00:00,9.3135,9.35135
"8348",2025-09-13 19:00:00,9.151,9.35245
"8349",2025-09-13 20:00:00,9.10075,9.35585
"8350",2025-09-13 21:00:00,9.09675,9.3549
"8351",2025-09-13 22:00:00,9.07325,9.35765
"8352",2025-09-13 23:00:00,9.0375,9.35645
"8353",2025-09-14,8.96725,9.3528
"8354",2025-09-14 01:00:00,8.87375,9.354575
"8355",2025-09-14 02:00:00,8.84925,9.3583
"8356",2025-09-14 03:00:00,8.79575,9.359
"8357",2025-09-14 04:00:00,8.7185,9.3602
"8358",2025-09-14 05:00:00,8.696,9.361375
"8359",2025-09-14 06:00:00,8.691,9.365925
"8360",2025-09-14 07:00:00,8.734,9.370575
"8361",2025-09-14 08:00:00,8.79175,9.37585
"8362",2025-09-14 09:00:00,8.98975,9.380475
"8363",2025-09-14 10:00:00,9.33375,9.388275
"8364",2025-09-14 11:00:00,9.475,9.391625
"8365",2025-09-14 12:00:00,9.6685,9.395375
"8366",2025-09-14 13:00:00,9.9455,9.3984
"8367",2025-09-14 14:00:00,9.93875,9.39465
"8368",2025-09-14 15:00:00,9.8165,9.3904
"8369",2025-09-14 16:00:00,9.7115,9.3893
"8370",2025-09-14 17:00:00,9.506,9.386
"8371",2025-09-14 18:00:00,9.2895,9.382875
"8372",2025-09-14 19:00:00,9.0905,9.381625
"8373",2025-09-14 20:00:00,8.95375,9.385575
"8374",2025-09-14 21:00:00,8.87425,9.38905
"8375",2025-09-14 22:00:00,8.82975,9.3926
"8376",2025-09-14 23:00:00,8.764,9.39655
"8377",2025-09-15,8.7255,9.397725
"8378",2025-09-15 01:00:00,8.67675,9.4
"8379",2025-09-15 02:00:00,8.62775,9.400925
"8380",2025-09-15 03:00:00,8.5795,9.4018
"8381",2025-09-15 04:00:00,8.54975,9.401775
"8382",2025-09-15 05:00:00,8.53225,9.402275
"8383",2025-09-15 06:00:00,8.5265,9.4054
"8384",2025-09-15 07:00:00,8.51775,9.41
"8385",2025-09-15 08:00:00,8.62975,9.413475
"8386",2025-09-15 09:00:00,8.88025,9.419025
"8387",2025-09-15 10:00:00,9.18325,9.423525
"8388",2025-09-15 11:00:00,9.4625,9.42545
"8389",2025-09-15 12:00:00,9.7115,9.423825
"8390",2025-09-15 13:00:00,9.87825,9.418325
"8391",2025-09-15 14:00:00,9.88825,9.412025
"8392",2025-09-15 15:00:00,9.77975,9.4064
"8393",2025-09-15 16:00:00,9.6315,9.402475
"8394",2025-09-15 17:00:00,9.41375,9.39805
"8395",2025-09-15 18:00:00,9.16425,9.395825
"8396",2025-09-15 19:00:00,9.0045,9.39505
"8397",2025-09-15 20:00:00,8.91525,9.39725
"8398",2025-09-15 21:00:00,8.87575,9.39865
"8399",2025-09-15 22:00:00,8.853,9.400375
"8400",2025-09-15 23:00:00,8.79975,9.400875
"8401",2025-09-16,8.76075,9.40225
"8402",2025-09-16 01:00:00,8.7225,9.403225
"8403",2025-09-16 02:00:00,8.689,9.403625
"8404",2025-09-16 03:00:00,8.663,9.4023
"8405",2025-09-16 04:00:00,8.63075,9.400975
"8406",2025-09-16 05:00:00,8.60025,9.401825
"8407",2025-09-16 06:00:00,8.5845,9.403175
"8408",2025-09-16 07:00:00,8.5845,9.405775
"8409",2025-09-16 08:00:00,8.70775,9.409125
"8410",2025-09-16 09:00:00,8.93925,9.4149
"8411",2025-09-16 10:00:00,9.228,9.420775
"8412",2025-09-16 11:00:00,9.50725,9.4233
"8413",2025-09-16 12:00:00,9.74025,9.422675
"8414",2025-09-16 13:00:00,9.91175,9.418375
"8415",2025-09-16 14:00:00,9.93325,9.41405
"8416",2025-09-16 15:00:00,9.82025,9.408975
"8417",2025-09-16 16:00:00,9.67625,9.404425
"8418",2025-09-16 17:00:00,9.4825,9.402675
"8419",2025-09-16 18:00:00,9.24925,9.40145
"8420",2025-09-16 19:00:00,9.062,9.4009
"8421",2025-09-16 20:00:00,8.962,9.403225
"8422",2025-09-16 21:00:00,8.889,9.4049
"8423",2025-09-16 22:00:00,8.842,9.407125
"8424",2025-09-16 23:00:00,8.8045,9.4078
"8425",2025-09-17,8.77475,9.408225
"8426",2025-09-17 01:00:00,8.739,9.409125
"8427",2025-09-17 02:00:00,8.71375,9.40915
"8428",2025-09-17 03:00:00,8.689,9.4094
"8429",2025-09-17 04:00:00,8.663,9.40975
"8430",2025-09-17 05:00:00,8.63225,9.4095
"8431",2025-09-17 06:00:00,8.599,9.410125
"8432",2025-09-17 07:00:00,8.60025,9.41355
"8433",2025-09-17 08:00:00,8.71825,9.41645
"8434",2025-09-17 09:00:00,8.94375,9.420175
"8435",2025-09-17 10:00:00,9.23075,9.4244
"8436",2025-09-17 11:00:00,9.53325,9.42665
"8437",2025-09-17 12:00:00,9.8135,9.425125
"8438",2025-09-17 13:00:00,9.95175,9.418125
"8439",2025-09-17 14:00:00,9.942,9.4122
"8440",2025-09-17 15:00:00,9.81775,9.4056
"8441",2025-09-17 16:00:00,9.69025,9.399175
"8442",2025-09-17 17:00:00,9.46775,9.39275
"8443",2025-09-17 18:00:00,9.2305,9.388725
"8444",2025-09-17 19:00:00,9.095,9.38855
"8445",2025-09-17 20:00:00,9.0935,9.391225
"8446",2025-09-17 21:00:00,9.06275,9.393475
"8447",2025-09-17 22:00:00,8.96275,9.3954
"8448",2025-09-17 23:00:00,8.871,9.393825
"8449",2025-09-18,8.8245,9.391825
"8450",2025-09-18 01:00:00,8.79025,9.39055
"8451",2025-09-18 02:00:00,8.77225,9.388925
"8452",2025-09-18 03:00:00,8.748,9.3873
"8453",2025-09-18 04:00:00,8.728,9.38715
"8454",2025-09-18 05:00:00,8.70875,9.386725
"8455",2025-09-18 06:00:00,8.68375,9.385775
"8456",2025-09-18 07:00:00,8.67575,9.38615
"8457",2025-09-18 08:00:00,8.772,9.3885
"8458",2025-09-18 09:00:00,8.975,9.38965
"8459",2025-09-18 10:00:00,9.24525,9.388925
"8460",2025-09-18 11:00:00,9.29725,9.383975
"8461",2025-09-18 12:00:00,9.672,9.3728
"8462",2025-09-18 13:00:00,9.8955,9.368175
"8463",2025-09-18 14:00:00,9.9025,9.361775
"8464",2025-09-18 15:00:00,9.8055,9.354425
"8465",2025-09-18 16:00:00,9.6935,9.348175
"8466",2025-09-18 17:00:00,9.484,9.3453
"8467",2025-09-18 18:00:00,9.2655,9.34445
"8468",2025-09-18 19:00:00,9.1845,9.3466
"8469",2025-09-18 20:00:00,9.1425,9.34965
"8470",2025-09-18 21:00:00,9.07775,9.35155
"8471",2025-09-18 22:00:00,8.99175,9.353025
"8472",2025-09-18 23:00:00,8.95125,9.353875
"8473",2025-09-19,8.92075,9.354975
"8474",2025-09-19 01:00:00,8.87975,9.356925
"8475",2025-09-19 02:00:00,8.849,9.357025
"8476",2025-09-19 03:00:00,8.844,9.3567
"8477",2025-09-19 04:00:00,8.85675,9.35665
"8478",2025-09-19 05:00:00,8.83975,9.35705
"8479",2025-09-19 06:00:00,8.83325,9.3578
"8480",2025-09-19 07:00:00,8.8325,9.361125
"8481",2025-09-19 08:00:00,8.8815,9.364525
"8482",2025-09-19 09:00:00,9.0205,9.365875
"8483",2025-09-19 10:00:00,9.19775,9.369075
"8484",2025-09-19 11:00:00,9.524,9.374225
"8485",2025-09-19 12:00:00,9.8145,9.3777
"8486",2025-09-19 13:00:00,9.91225,9.375725
"8487",2025-09-19 14:00:00,9.74275,9.370175
"8488",2025-09-19 15:00:00,9.54075,9.364075
"8489",2025-09-19 16:00:00,9.49125,9.3583
"8490",2025-09-19 17:00:00,9.4285,9.3532
"8491",2025-09-19 18:00:00,9.25175,9.352675
"8492",2025-09-19 19:00:00,9.16025,9.358825
"8493",2025-09-19 20:00:00,9.1565,9.3659
"8494",2025-09-19 21:00:00,9.10875,9.37595
"8495",2025-09-19 22:00:00,8.99625,9.384725
"8496",2025-09-19 23:00:00,8.97275,9.384825
"8497",2025-09-20,8.9725,9.385575
"8498",2025-09-20 01:00:00,8.9655,9.387375
"8499",2025-09-20 02:00:00,8.95975,9.388075
"8500",2025-09-20 03:00:00,8.974,9.38845
"8501",2025-09-20 04:00:00,8.957,9.3883
"8502",2025-09-20 05:00:00,8.946,9.3888
"8503",2025-09-20 06:00:00,8.91975,9.391575
"8504",2025-09-20 07:00:00,8.91975,9.394825
"8505",2025-09-20 08:00:00,8.963,9.39915
"8506",2025-09-20 09:00:00,9.1485,9.4053
"8507",2025-09-20 10:00:00,9.282,9.407925
"8508",2025-09-20 11:00:00,9.602,9.4122
"8509",2025-09-20 12:00:00,9.86625,9.41185
"8510",2025-09-20 13:00:00,10.00775,9.408175
"8511",2025-09-20 14:00:00,9.962,9.401825
"8512",2025-09-20 15:00:00,9.8075,9.39425
"8513",2025-09-20 16:00:00,9.69475,9.38925
"8514",2025-09-20 17:00:00,9.5305,9.384975
"8515",2025-09-20 18:00:00,9.313,9.380825
"8516",2025-09-20 19:00:00,9.172,9.3822
"8517",2025-09-20 20:00:00,9.10175,9.38535
"8518",2025-09-20 21:00:00,9.046,9.3883
"8519",2025-09-20 22:00:00,9.0325,9.3897
"8520",2025-09-20 23:00:00,9.013,9.38915
"8521",2025-09-21,8.9835,9.387325
"8522",2025-09-21 01:00:00,8.945,9.386125
"8523",2025-09-21 02:00:00,8.8975,9.383575
"8524",2025-09-21 03:00:00,8.86175,9.3813
"8525",2025-09-21 04:00:00,8.81675,9.37935
"8526",2025-09-21 05:00:00,8.79475,9.379125
"8527",2025-09-21 06:00:00,8.79225,9.38295
"8528",2025-09-21 07:00:00,8.8425,9.384575
"8529",2025-09-21 08:00:00,8.905,9.38695
"8530",2025-09-21 09:00:00,8.9955,9.388
"8531",2025-09-21 10:00:00,9.23775,9.39265
"8532",2025-09-21 11:00:00,9.5305,9.39815
"8533",2025-09-21 12:00:00,9.77775,9.40105
"8534",2025-09-21 13:00:00,9.92575,9.3994
"8535",2025-09-21 14:00:00,9.914,9.3934
"8536",2025-09-21 15:00:00,9.79075,9.3871
"8537",2025-09-21 16:00:00,9.6595,9.383075
"8538",2025-09-21 17:00:00,9.513,9.38065
"8539",2025-09-21 18:00:00,9.3,9.380125
"8540",2025-09-21 19:00:00,9.13875,9.37895
"8541",2025-09-21 20:00:00,9.024,9.379775
"8542",2025-09-21 21:00:00,8.9315,9.381425
"8543",2025-09-21 22:00:00,8.8715,9.382725
"8544",2025-09-21 23:00:00,8.81975,9.389225
"8545",2025-09-22,8.75475,9.394875
"8546",2025-09-22 01:00:00,8.726,9.3981
"8547",2025-09-22 02:00:00,8.69925,9.401275
"8548",2025-09-22 03:00:00,8.67975,9.403525
"8549",2025-09-22 04:00:00,8.668,9.403825
"8550",2025-09-22 05:00:00,8.6485,9.40685
"8551",2025-09-22 06:00:00,8.6325,9.41085
"8552",2025-09-22 07:00:00,8.6205,9.415825
"8553",2025-09-22 08:00:00,8.707,9.4211
"8554",2025-09-22 09:00:00,8.921,9.426025
"8555",2025-09-22 10:00:00,9.19275,9.4319
"8556",2025-09-22 11:00:00,9.43175,9.43325
"8557",2025-09-22 12:00:00,9.6625,9.430225
"8558",2025-09-22 13:00:00,9.81725,9.42345
"8559",2025-09-22 14:00:00,9.823,9.413375
"8560",2025-09-22 15:00:00,9.726,9.405275
"8561",2025-09-22 16:00:00,9.57025,9.398875
"8562",2025-09-22 17:00:00,9.39025,9.3952
"8563",2025-09-22 18:00:00,9.1595,9.39415
"8564",2025-09-22 19:00:00,9.0005,9.394675
"8565",2025-09-22 20:00:00,8.92125,9.39785
"8566",2025-09-22 21:00:00,8.874,9.400725
"8567",2025-09-22 22:00:00,8.82675,9.4019
"8568",2025-09-22 23:00:00,8.7975,9.4025
"8569",2025-09-23,8.76275,9.402425
"8570",2025-09-23 01:00:00,8.7255,9.403475
"8571",2025-09-23 02:00:00,8.69275,9.4044
"8572",2025-09-23 03:00:00,8.669,9.4036
"8573",2025-09-23 04:00:00,8.6515,9.404125
"8574",2025-09-23 05:00:00,8.62725,9.4045
"8575",2025-09-23 06:00:00,8.5755,9.405675
"8576",2025-09-23 07:00:00,8.56425,9.408325
"8577",2025-09-23 08:00:00,8.69,9.412325
"8578",2025-09-23 09:00:00,8.921,9.416825
"8579",2025-09-23 10:00:00,9.2,9.42125
"8580",2025-09-23 11:00:00,9.44,9.422825
"8581",2025-09-23 12:00:00,9.69175,9.420625
"8582",2025-09-23 13:00:00,9.86675,9.41295
"8583",2025-09-23 14:00:00,9.8755,9.405575
"8584",2025-09-23 15:00:00,9.7835,9.399875
"8585",2025-09-23 16:00:00,9.6165,9.39535
"8586",2025-09-23 17:00:00,9.427,9.3936
"8587",2025-09-23 18:00:00,9.20925,9.3933
"8588",2025-09-23 19:00:00,9.0505,9.393175
"8589",2025-09-23 20:00:00,8.95725,9.395875
"8590",2025-09-23 21:00:00,8.903,9.397625
"8591",2025-09-23 22:00:00,8.866,9.39985
"8592",2025-09-23 23:00:00,8.834,9.40085
"8593",2025-09-24,8.80025,9.400925
"8594",2025-09-24 01:00:00,8.76825,9.402275
"8595",2025-09-24 02:00:00,8.72675,9.40325
"8596",2025-09-24 03:00:00,8.68,9.403
"8597",2025-09-24 04:00:00,8.64775,9.402625
"8598",2025-09-24 05:00:00,8.60525,9.4022
"8599",2025-09-24 06:00:00,8.57175,9.402275
"8600",2025-09-24 07:00:00,8.58,9.403625
"8601",2025-09-24 08:00:00,8.68625,9.40625
"8602",2025-09-24 09:00:00,8.92375,9.41195
"8603",2025-09-24 10:00:00,9.1975,9.41705
"8604",2025-09-24 11:00:00,9.459,9.4186
"8605",2025-09-24 12:00:00,9.7175,9.416
"8606",2025-09-24 13:00:00,9.867,9.41115
"8607",2025-09-24 14:00:00,9.83325,9.4036
"8608",2025-09-24 15:00:00,9.748,9.397975
"8609",2025-09-24 16:00:00,9.60525,9.39355
"8610",2025-09-24 17:00:00,9.42,9.391525
"8611",2025-09-24 18:00:00,9.20725,9.389525
"8612",2025-09-24 19:00:00,9.05575,9.3902
"8613",2025-09-24 20:00:00,8.95125,9.3942
"8614",2025-09-24 21:00:00,8.891,9.396375
"8615",2025-09-24 22:00:00,8.85325,9.397325
"8616",2025-09-24 23:00:00,8.81275,9.4003
"8617",2025-09-25,8.7915,9.40115
"8618",2025-09-25 01:00:00,8.76725,9.40095
"8619",2025-09-25 02:00:00,8.74275,9.40035
"8620",2025-09-25 03:00:00,8.7075,9.39985
"8621",2025-09-25 04:00:00,8.67575,9.400325
"8622",2025-09-25 05:00:00,8.65925,9.400975
"8623",2025-09-25 06:00:00,8.639,9.402775
"8624",2025-09-25 07:00:00,8.63325,9.40535
"8625",2025-09-25 08:00:00,8.73475,9.411
"8626",2025-09-25 09:00:00,8.95125,9.41345
"8627",2025-09-25 10:00:00,9.215,9.4174
"8628",2025-09-25 11:00:00,9.4765,9.4186
"8629",2025-09-25 12:00:00,9.738,9.41755
"8630",2025-09-25 13:00:00,9.889,9.413475
"8631",2025-09-25 14:00:00,9.95475,9.408125
"8632",2025-09-25 15:00:00,9.8825,9.403725
"8633",2025-09-25 16:00:00,9.815,9.402475
"8634",2025-09-25 17:00:00,9.64675,9.402025
"8635",2025-09-25 18:00:00,9.39,9.3999
"8636",2025-09-25 19:00:00,9.15225,9.399025
"8637",2025-09-25 20:00:00,9.10575,9.399975
"8638",2025-09-25 21:00:00,9.068,9.402475
"8639",2025-09-25 22:00:00,9.01475,9.4041
"8640",2025-09-25 23:00:00,8.938,9.403825
"8641",2025-09-26,8.855,9.40285
"8642",2025-09-26 01:00:00,8.7855,9.4016
"8643",2025-09-26 02:00:00,8.722,9.403125
"8644",2025-09-26 03:00:00,8.6645,9.4038
"8645",2025-09-26 04:00:00,8.627,9.403
"8646",2025-09-26 05:00:00,8.59275,9.404175
"8647",2025-09-26 06:00:00,8.57675,9.40735
"8648",2025-09-26 07:00:00,8.52725,9.411275
"8649",2025-09-26 08:00:00,8.61275,9.4159
"8650",2025-09-26 09:00:00,8.86175,9.420075
"8651",2025-09-26 10:00:00,9.1485,9.424825
"8652",2025-09-26 11:00:00,9.37925,9.426075
"8653",2025-09-26 12:00:00,9.60225,9.4229
"8654",2025-09-26 13:00:00,9.75025,9.4162
"8655",2025-09-26 14:00:00,9.778,9.4072
"8656",2025-09-26 15:00:00,9.6725,9.39865
"8657",2025-09-26 16:00:00,9.5005,9.3931
"8658",2025-09-26 17:00:00,9.366,9.3893
"8659",2025-09-26 18:00:00,9.2575,9.3848
"8660",2025-09-26 19:00:00,9.09625,9.381125
"8661",2025-09-26 20:00:00,9.036,9.381025
"8662",2025-09-26 21:00:00,8.98175,9.380025
"8663",2025-09-26 22:00:00,8.91125,9.38
"8664",2025-09-26 23:00:00,8.82125,9.3784
"8665",2025-09-27,8.75875,9.377725
"8666",2025-09-27 01:00:00,8.71125,9.377275
"8667",2025-09-27 02:00:00,8.67025,9.3762
"8668",2025-09-27 03:00:00,8.626,9.37315
"8669",2025-09-27 04:00:00,8.573,9.37105
"8670",2025-09-27 05:00:00,8.548,9.368675
"8671",2025-09-27 06:00:00,8.5515,9.3686
"8672",2025-09-27 07:00:00,8.54775,9.368025
"8673",2025-09-27 08:00:00,8.632,9.367825
"8674",2025-09-27 09:00:00,8.87475,9.3649
"8675",2025-09-27 10:00:00,9.1555,9.35995
"8676",2025-09-27 11:00:00,9.39625,9.356325
"8677",2025-09-27 12:00:00,9.643,9.353275
"8678",2025-09-27 13:00:00,9.776,9.3486
"8679",2025-09-27 14:00:00,9.77425,9.3422
"8680",2025-09-27 15:00:00,9.673,9.334025
"8681",2025-09-27 16:00:00,9.5085,9.328425
"8682",2025-09-27 17:00:00,9.34225,9.324025
"8683",2025-09-27 18:00:00,9.15825,9.3227
"8684",2025-09-27 19:00:00,9.032,9.323825
"8685",2025-09-27 20:00:00,8.9775,9.32935
"8686",2025-09-27 21:00:00,8.89875,9.33395
"8687",2025-09-27 22:00:00,8.84725,9.335975
"8688",2025-09-27 23:00:00,8.822,9.33745
"8689",2025-09-28,8.815,9.33765
"8690",2025-09-28 01:00:00,8.8065,9.33935
"8691",2025-09-28 02:00:00,8.79425,9.340775
"8692",2025-09-28 03:00:00,8.80375,9.34165
"8693",2025-09-28 04:00:00,8.82575,9.343
"8694",2025-09-28 05:00:00,8.82875,9.342525
"8695",2025-09-28 06:00:00,8.81575,9.344
"8696",2025-09-28 07:00:00,8.823,9.34615
"8697",2025-09-28 08:00:00,8.85425,9.3488
"8698",2025-09-28 09:00:00,9.03275,9.353475
"8699",2025-09-28 10:00:00,9.377,9.3595
"8700",2025-09-28 11:00:00,9.67425,9.3621
"8701",2025-09-28 12:00:00,9.899,9.363725
"8702",2025-09-28 13:00:00,10.114,9.365275
"8703",2025-09-28 14:00:00,10.10275,9.360875
"8704",2025-09-28 15:00:00,9.885,9.35925
"8705",2025-09-28 16:00:00,9.67275,9.35655
"8706",2025-09-28 17:00:00,9.60025,9.353925
"8707",2025-09-28 18:00:00,9.438,9.35255
"8708",2025-09-28 19:00:00,9.29,9.35325
"8709",2025-09-28 20:00:00,9.2325,9.3553
"8710",2025-09-28 21:00:00,9.20325,9.355775
"8711",2025-09-28 22:00:00,9.1655,9.357
"8712",2025-09-28 23:00:00,9.1435,9.35835
"8713",2025-09-29,9.11475,9.35415
"8714",2025-09-29 01:00:00,9.05525,9.3551
"8715",2025-09-29 02:00:00,9.03425,9.35585
"8716",2025-09-29 03:00:00,9.06975,9.353875
"8717",2025-09-29 04:00:00,9.0685,9.348175
"8718",2025-09-29 05:00:00,9.05775,9.347725
"8719",2025-09-29 06:00:00,9.05575,9.3468
"8720",2025-09-29 07:00:00,9.0415,9.346675
"8721",2025-09-29 08:00:00,9.08325,9.346725
"8722",2025-09-29 09:00:00,9.2015,9.348125
"8723",2025-09-29 10:00:00,9.275,9.348275
"8724",2025-09-29 11:00:00,9.265,9.3475
"8725",2025-09-29 12:00:00,9.316,9.348525
"8726",2025-09-29 13:00:00,9.27,9.35025
"8727",2025-09-29 14:00:00,9.1065,9.352875
"8728",2025-09-29 15:00:00,9.05425,9.357725
"8729",2025-09-29 16:00:00,9.073,9.358475
"8730",2025-09-29 17:00:00,9.02575,9.353475
"8731",2025-09-29 18:00:00,8.93975,9.35025
"8732",2025-09-29 19:00:00,8.85075,9.348975
"8733",2025-09-29 20:00:00,8.79825,9.347325
"8734",2025-09-29 21:00:00,8.74625,9.346575
"8735",2025-09-29 22:00:00,8.719,9.348075
"8736",2025-09-29 23:00:00,8.75925,9.3484
"8737",2025-09-30,8.76925,9.348325
"8738",2025-09-30 01:00:00,8.791,9.34875
"8739",2025-09-30 02:00:00,8.78225,9.34755
"8740",2025-09-30 03:00:00,8.719,9.343975
"8741",2025-09-30 04:00:00,8.64475,9.34145
"8742",2025-09-30 05:00:00,8.59275,9.3406
"8743",2025-09-30 06:00:00,8.5435,9.3378
"8744",2025-09-30 07:00:00,8.50975,9.336925
"8745",2025-09-30 08:00:00,8.60525,9.3375
"8746",2025-09-30 09:00:00,8.844,9.340975
"8747",2025-09-30 10:00:00,9.138,9.347175
"8748",2025-09-30 11:00:00,9.27025,9.348625
"8749",2025-09-30 12:00:00,9.14325,9.343925
"8750",2025-09-30 13:00:00,9.2045,9.3463
"8751",2025-09-30 14:00:00,9.15825,9.346675
"8752",2025-09-30 15:00:00,9.1215,9.3478
"8753",2025-09-30 16:00:00,9.12625,9.347375
"8754",2025-09-30 17:00:00,9.06525,9.34785
"8755",2025-09-30 18:00:00,9.01325,9.34705
"8756",2025-09-30 19:00:00,8.9695,9.34865
"8757",2025-09-30 20:00:00,8.94025,9.35485
"8758",2025-09-30 21:00:00,8.89775,9.356975
"8759",2025-09-30 22:00:00,8.868,9.35785
"8760",2025-09-30 23:00:00,8.841,9.35955
