"","date","time","ms","level","temperature"
"1","7/1/2025","12:00:00 AM",0,9.3711,9.01
"2","7/1/2025","12:15:00 AM",0,9.3691,8.991
"3","7/1/2025","12:30:00 AM",0,9.3684,8.975
"4","7/1/2025","12:45:00 AM",0,9.367,8.966
"5","7/1/2025","1:00:00 AM",0,9.3657,8.95
"6","7/1/2025","1:15:00 AM",0,9.3646,8.936
"7","7/1/2025","1:30:00 AM",0,9.3633,8.926
"8","7/1/2025","1:45:00 AM",0,9.3624,8.92
"9","7/1/2025","2:00:00 AM",0,9.3624,8.906
"10","7/1/2025","2:15:00 AM",0,9.3611,8.893
"11","7/1/2025","2:30:00 AM",0,9.3598,8.883
"12","7/1/2025","2:45:00 AM",0,9.3584,8.877
"13","7/1/2025","3:00:00 AM",0,9.3579,8.866
"14","7/1/2025","3:15:00 AM",0,9.3567,8.857
"15","7/1/2025","3:30:00 AM",0,9.3566,8.848
"16","7/1/2025","3:45:00 AM",0,9.3564,8.85
"17","7/1/2025","4:00:00 AM",0,9.3555,8.841
"18","7/1/2025","4:15:00 AM",0,9.3542,8.839
"19","7/1/2025","4:30:00 AM",0,9.3532,8.83
"20","7/1/2025","4:45:00 AM",0,9.3529,8.826
"21","7/1/2025","5:00:00 AM",0,9.3524,8.821
"22","7/1/2025","5:15:00 AM",0,9.3522,8.821
"23","7/1/2025","5:30:00 AM",0,9.3524,8.821
"24","7/1/2025","5:45:00 AM",0,9.3535,8.824
"25","7/1/2025","6:00:00 AM",0,9.3559,8.82
"26","7/1/2025","6:15:00 AM",0,9.358,8.82
"27","7/1/2025","6:30:00 AM",0,9.3577,8.823
"28","7/1/2025","6:45:00 AM",0,9.3569,8.824
"29","7/1/2025","7:00:00 AM",0,9.3584,8.837
"30","7/1/2025","7:15:00 AM",0,9.3572,8.846
"31","7/1/2025","7:30:00 AM",0,9.36,8.866
"32","7/1/2025","7:45:00 AM",0,9.3612,8.91
"33","7/1/2025","8:00:00 AM",0,9.3629,8.971
"34","7/1/2025","8:15:00 AM",0,9.3635,9.046
"35","7/1/2025","8:30:00 AM",0,9.3642,9.128
"36","7/1/2025","8:45:00 AM",0,9.3652,9.204
"37","7/1/2025","9:00:00 AM",0,9.3663,9.284
"38","7/1/2025","9:15:00 AM",0,9.3666,9.38
"39","7/1/2025","9:30:00 AM",0,9.3673,9.475
"40","7/1/2025","9:45:00 AM",0,9.3674,9.561
"41","7/1/2025","10:00:00 AM",0,9.3675,9.628
"42","7/1/2025","10:15:00 AM",0,9.368,9.722
"43","7/1/2025","10:30:00 AM",0,9.3681,9.834
"44","7/1/2025","10:45:00 AM",0,9.3679,9.941
"45","7/1/2025","11:00:00 AM",0,9.3668,9.974
"46","7/1/2025","11:15:00 AM",0,9.3677,10.071
"47","7/1/2025","11:30:00 AM",0,9.3682,10.232
"48","7/1/2025","11:45:00 AM",0,9.3676,10.311
"49","7/1/2025","12:00:00 PM",0,9.3677,10.422
"50","7/1/2025","12:15:00 PM",0,9.3678,10.541
"51","7/1/2025","12:30:00 PM",0,9.366,10.658
"52","7/1/2025","12:45:00 PM",0,9.364,10.754
"53","7/1/2025","1:00:00 PM",0,9.3613,10.814
"54","7/1/2025","1:15:00 PM",0,9.3594,10.761
"55","7/1/2025","1:30:00 PM",0,9.3585,10.736
"56","7/1/2025","1:45:00 PM",0,9.3578,10.719
"57","7/1/2025","2:00:00 PM",0,9.3535,10.492
"58","7/1/2025","2:15:00 PM",0,9.3504,10.232
"59","7/1/2025","2:30:00 PM",0,9.3476,10.025
"60","7/1/2025","2:45:00 PM",0,9.3446,9.884
"61","7/1/2025","3:00:00 PM",0,9.3425,9.816
"62","7/1/2025","3:15:00 PM",0,9.3414,9.794
"63","7/1/2025","3:30:00 PM",0,9.3407,9.75
"64","7/1/2025","3:45:00 PM",0,9.3385,9.687
"65","7/1/2025","4:00:00 PM",0,9.3369,9.665
"66","7/1/2025","4:15:00 PM",0,9.3359,9.64
"67","7/1/2025","4:30:00 PM",0,9.3338,9.641
"68","7/1/2025","4:45:00 PM",0,9.334,9.704
"69","7/1/2025","5:00:00 PM",0,9.3336,9.726
"70","7/1/2025","5:15:00 PM",0,9.3325,9.706
"71","7/1/2025","5:30:00 PM",0,9.3307,9.652
"72","7/1/2025","5:45:00 PM",0,9.3319,9.577
"73","7/1/2025","6:00:00 PM",0,9.3323,9.533
"74","7/1/2025","6:15:00 PM",0,9.3325,9.517
"75","7/1/2025","6:30:00 PM",0,9.3313,9.532
"76","7/1/2025","6:45:00 PM",0,9.3322,9.554
"77","7/1/2025","7:00:00 PM",0,9.3385,9.611
"78","7/1/2025","7:15:00 PM",0,9.3388,9.766
"79","7/1/2025","7:30:00 PM",0,9.3398,9.866
"80","7/1/2025","7:45:00 PM",0,9.3412,9.786
"81","7/1/2025","8:00:00 PM",0,9.3536,9.675
"82","7/1/2025","8:15:00 PM",0,9.361,9.569
"83","7/1/2025","8:30:00 PM",0,9.3725,9.471
"84","7/1/2025","8:45:00 PM",0,9.3839,9.494
"85","7/1/2025","9:00:00 PM",0,9.3856,9.548
"86","7/1/2025","9:15:00 PM",0,9.387,9.441
"87","7/1/2025","9:30:00 PM",0,9.382,9.339
"88","7/1/2025","9:45:00 PM",0,9.3783,9.352
"89","7/1/2025","10:00:00 PM",0,9.3805,9.305
"90","7/1/2025","10:15:00 PM",0,9.378,9.219
"91","7/1/2025","10:30:00 PM",0,9.3737,9.208
"92","7/1/2025","10:45:00 PM",0,9.3753,9.236
"93","7/1/2025","11:00:00 PM",0,9.3757,9.205
"94","7/1/2025","11:15:00 PM",0,9.3721,9.137
"95","7/1/2025","11:30:00 PM",0,9.3696,9.094
"96","7/1/2025","11:45:00 PM",0,9.3658,9.057
"97","7/2/2025","12:00:00 AM",0,9.3629,9.02
"98","7/2/2025","12:15:00 AM",0,9.3628,8.984
"99","7/2/2025","12:30:00 AM",0,9.362,8.986
"100","7/2/2025","12:45:00 AM",0,9.3595,8.986
"101","7/2/2025","1:00:00 AM",0,9.3587,8.969
"102","7/2/2025","1:15:00 AM",0,9.3578,8.952
"103","7/2/2025","1:30:00 AM",0,9.3578,8.943
"104","7/2/2025","1:45:00 AM",0,9.3586,8.945
"105","7/2/2025","2:00:00 AM",0,9.3585,8.933
"106","7/2/2025","2:15:00 AM",0,9.3581,8.929
"107","7/2/2025","2:30:00 AM",0,9.3575,8.9
"108","7/2/2025","2:45:00 AM",0,9.3577,8.871
"109","7/2/2025","3:00:00 AM",0,9.3607,8.868
"110","7/2/2025","3:15:00 AM",0,9.3615,8.861
"111","7/2/2025","3:30:00 AM",0,9.3615,8.85
"112","7/2/2025","3:45:00 AM",0,9.3628,8.856
"113","7/2/2025","4:00:00 AM",0,9.3626,8.843
"114","7/2/2025","4:15:00 AM",0,9.362,8.828
"115","7/2/2025","4:30:00 AM",0,9.3623,8.823
"116","7/2/2025","4:45:00 AM",0,9.3631,8.815
"117","7/2/2025","5:00:00 AM",0,9.3644,8.8
"118","7/2/2025","5:15:00 AM",0,9.3646,8.791
"119","7/2/2025","5:30:00 AM",0,9.3648,8.787
"120","7/2/2025","5:45:00 AM",0,9.3647,8.776
"121","7/2/2025","6:00:00 AM",0,9.3646,8.767
"122","7/2/2025","6:15:00 AM",0,9.3651,8.762
"123","7/2/2025","6:30:00 AM",0,9.3659,8.763
"124","7/2/2025","6:45:00 AM",0,9.3666,8.763
"125","7/2/2025","7:00:00 AM",0,9.3678,8.769
"126","7/2/2025","7:15:00 AM",0,9.3682,8.779
"127","7/2/2025","7:30:00 AM",0,9.3686,8.808
"128","7/2/2025","7:45:00 AM",0,9.3693,8.86
"129","7/2/2025","8:00:00 AM",0,9.3703,8.913
"130","7/2/2025","8:15:00 AM",0,9.3717,8.98
"131","7/2/2025","8:30:00 AM",0,9.3727,9.066
"132","7/2/2025","8:45:00 AM",0,9.3742,9.139
"133","7/2/2025","9:00:00 AM",0,9.3743,9.208
"134","7/2/2025","9:15:00 AM",0,9.3736,9.281
"135","7/2/2025","9:30:00 AM",0,9.3738,9.361
"136","7/2/2025","9:45:00 AM",0,9.3741,9.447
"137","7/2/2025","10:00:00 AM",0,9.3743,9.55
"138","7/2/2025","10:15:00 AM",0,9.3752,9.662
"139","7/2/2025","10:30:00 AM",0,9.3759,9.773
"140","7/2/2025","10:45:00 AM",0,9.3764,9.889
"141","7/2/2025","11:00:00 AM",0,9.3764,9.986
"142","7/2/2025","11:15:00 AM",0,9.3758,10.084
"143","7/2/2025","11:30:00 AM",0,9.3755,10.173
"144","7/2/2025","11:45:00 AM",0,9.3758,10.288
"145","7/2/2025","12:00:00 PM",0,9.3749,10.398
"146","7/2/2025","12:15:00 PM",0,9.3747,10.458
"147","7/2/2025","12:30:00 PM",0,9.3743,10.534
"148","7/2/2025","12:45:00 PM",0,9.3743,10.608
"149","7/2/2025","1:00:00 PM",0,9.3731,10.658
"150","7/2/2025","1:15:00 PM",0,9.3714,10.667
"151","7/2/2025","1:30:00 PM",0,9.3669,10.676
"152","7/2/2025","1:45:00 PM",0,9.3657,10.709
"153","7/2/2025","2:00:00 PM",0,9.3642,10.726
"154","7/2/2025","2:15:00 PM",0,9.3632,10.737
"155","7/2/2025","2:30:00 PM",0,9.3618,10.747
"156","7/2/2025","2:45:00 PM",0,9.3601,10.749
"157","7/2/2025","3:00:00 PM",0,9.3591,10.74
"158","7/2/2025","3:15:00 PM",0,9.3581,10.703
"159","7/2/2025","3:30:00 PM",0,9.3566,10.685
"160","7/2/2025","3:45:00 PM",0,9.3566,10.709
"161","7/2/2025","4:00:00 PM",0,9.3561,10.765
"162","7/2/2025","4:15:00 PM",0,9.357,10.825
"163","7/2/2025","4:30:00 PM",0,9.3564,10.839
"164","7/2/2025","4:45:00 PM",0,9.3542,10.809
"165","7/2/2025","5:00:00 PM",0,9.3522,10.695
"166","7/2/2025","5:15:00 PM",0,9.3501,10.634
"167","7/2/2025","5:30:00 PM",0,9.3493,10.549
"168","7/2/2025","5:45:00 PM",0,9.3485,10.416
"169","7/2/2025","6:00:00 PM",0,9.3478,10.319
"170","7/2/2025","6:15:00 PM",0,9.3453,10.183
"171","7/2/2025","6:30:00 PM",0,9.3453,10.134
"172","7/2/2025","6:45:00 PM",0,9.3457,10.128
"173","7/2/2025","7:00:00 PM",0,9.3457,10.061
"174","7/2/2025","7:15:00 PM",0,9.3468,9.961
"175","7/2/2025","7:30:00 PM",0,9.3481,9.85
"176","7/2/2025","7:45:00 PM",0,9.3485,9.733
"177","7/2/2025","8:00:00 PM",0,9.3503,9.66
"178","7/2/2025","8:15:00 PM",0,9.3523,9.516
"179","7/2/2025","8:30:00 PM",0,9.3521,9.375
"180","7/2/2025","8:45:00 PM",0,9.3511,9.276
"181","7/2/2025","9:00:00 PM",0,9.35,9.199
"182","7/2/2025","9:15:00 PM",0,9.3495,9.134
"183","7/2/2025","9:30:00 PM",0,9.3491,9.082
"184","7/2/2025","9:45:00 PM",0,9.3498,9.04
"185","7/2/2025","10:00:00 PM",0,9.3538,9.007
"186","7/2/2025","10:15:00 PM",0,9.3542,8.988
"187","7/2/2025","10:30:00 PM",0,9.3542,8.98
"188","7/2/2025","10:45:00 PM",0,9.3538,8.961
"189","7/2/2025","11:00:00 PM",0,9.3548,8.939
"190","7/2/2025","11:15:00 PM",0,9.3551,8.912
"191","7/2/2025","11:30:00 PM",0,9.3552,8.895
"192","7/2/2025","11:45:00 PM",0,9.3547,8.875
"193","7/3/2025","12:00:00 AM",0,9.3558,8.866
"194","7/3/2025","12:15:00 AM",0,9.3551,8.856
"195","7/3/2025","12:30:00 AM",0,9.3547,8.835
"196","7/3/2025","12:45:00 AM",0,9.3542,8.818
"197","7/3/2025","1:00:00 AM",0,9.3534,8.809
"198","7/3/2025","1:15:00 AM",0,9.3551,8.806
"199","7/3/2025","1:30:00 AM",0,9.3563,8.793
"200","7/3/2025","1:45:00 AM",0,9.3556,8.784
"201","7/3/2025","2:00:00 AM",0,9.3553,8.776
"202","7/3/2025","2:15:00 AM",0,9.3555,8.767
"203","7/3/2025","2:30:00 AM",0,9.3563,8.76
"204","7/3/2025","2:45:00 AM",0,9.3556,8.762
"205","7/3/2025","3:00:00 AM",0,9.3554,8.757
"206","7/3/2025","3:15:00 AM",0,9.3552,8.751
"207","7/3/2025","3:30:00 AM",0,9.3549,8.746
"208","7/3/2025","3:45:00 AM",0,9.3553,8.741
"209","7/3/2025","4:00:00 AM",0,9.3558,8.744
"210","7/3/2025","4:15:00 AM",0,9.3551,8.74
"211","7/3/2025","4:30:00 AM",0,9.3547,8.736
"212","7/3/2025","4:45:00 AM",0,9.355,8.728
"213","7/3/2025","5:00:00 AM",0,9.3559,8.72
"214","7/3/2025","5:15:00 AM",0,9.3562,8.712
"215","7/3/2025","5:30:00 AM",0,9.3564,8.704
"216","7/3/2025","5:45:00 AM",0,9.3552,8.695
"217","7/3/2025","6:00:00 AM",0,9.3556,8.693
"218","7/3/2025","6:15:00 AM",0,9.3554,8.691
"219","7/3/2025","6:30:00 AM",0,9.3552,8.695
"220","7/3/2025","6:45:00 AM",0,9.3585,8.7
"221","7/3/2025","7:00:00 AM",0,9.3602,8.705
"222","7/3/2025","7:15:00 AM",0,9.3595,8.714
"223","7/3/2025","7:30:00 AM",0,9.3581,8.726
"224","7/3/2025","7:45:00 AM",0,9.3579,8.762
"225","7/3/2025","8:00:00 AM",0,9.3588,8.818
"226","7/3/2025","8:15:00 AM",0,9.3603,8.885
"227","7/3/2025","8:30:00 AM",0,9.3612,8.969
"228","7/3/2025","8:45:00 AM",0,9.3624,9.062
"229","7/3/2025","9:00:00 AM",0,9.3638,9.162
"230","7/3/2025","9:15:00 AM",0,9.3645,9.249
"231","7/3/2025","9:30:00 AM",0,9.3641,9.329
"232","7/3/2025","9:45:00 AM",0,9.3628,9.41
"233","7/3/2025","10:00:00 AM",0,9.3625,9.509
"234","7/3/2025","10:15:00 AM",0,9.3617,9.624
"235","7/3/2025","10:30:00 AM",0,9.3609,9.738
"236","7/3/2025","10:45:00 AM",0,9.3618,9.864
"237","7/3/2025","11:00:00 AM",0,9.362,9.96
"238","7/3/2025","11:15:00 AM",0,9.3623,10.066
"239","7/3/2025","11:30:00 AM",0,9.361,10.174
"240","7/3/2025","11:45:00 AM",0,9.3599,10.272
"241","7/3/2025","12:00:00 PM",0,9.3598,10.368
"242","7/3/2025","12:15:00 PM",0,9.3597,10.459
"243","7/3/2025","12:30:00 PM",0,9.3574,10.525
"244","7/3/2025","12:45:00 PM",0,9.3559,10.586
"245","7/3/2025","1:00:00 PM",0,9.3518,10.648
"246","7/3/2025","1:15:00 PM",0,9.3508,10.71
"247","7/3/2025","1:30:00 PM",0,9.3492,10.753
"248","7/3/2025","1:45:00 PM",0,9.3492,10.81
"249","7/3/2025","2:00:00 PM",0,9.3476,10.848
"250","7/3/2025","2:15:00 PM",0,9.3458,10.847
"251","7/3/2025","2:30:00 PM",0,9.3426,10.836
"252","7/3/2025","2:45:00 PM",0,9.3406,10.778
"253","7/3/2025","3:00:00 PM",0,9.3378,10.603
"254","7/3/2025","3:15:00 PM",0,9.3338,10.337
"255","7/3/2025","3:30:00 PM",0,9.3303,10.169
"256","7/3/2025","3:45:00 PM",0,9.3284,10.182
"257","7/3/2025","4:00:00 PM",0,9.3287,10.266
"258","7/3/2025","4:15:00 PM",0,9.3301,10.365
"259","7/3/2025","4:30:00 PM",0,9.3312,10.486
"260","7/3/2025","4:45:00 PM",0,9.3319,10.555
"261","7/3/2025","5:00:00 PM",0,9.3321,10.422
"262","7/3/2025","5:15:00 PM",0,9.3332,10.217
"263","7/3/2025","5:30:00 PM",0,9.333,10.045
"264","7/3/2025","5:45:00 PM",0,9.3376,9.819
"265","7/3/2025","6:00:00 PM",0,9.3389,9.704
"266","7/3/2025","6:15:00 PM",0,9.3395,9.702
"267","7/3/2025","6:30:00 PM",0,9.3384,9.653
"268","7/3/2025","6:45:00 PM",0,9.3372,9.584
"269","7/3/2025","7:00:00 PM",0,9.3365,9.583
"270","7/3/2025","7:15:00 PM",0,9.3349,9.535
"271","7/3/2025","7:30:00 PM",0,9.3394,9.439
"272","7/3/2025","7:45:00 PM",0,9.3408,9.428
"273","7/3/2025","8:00:00 PM",0,9.3413,9.371
"274","7/3/2025","8:15:00 PM",0,9.3409,9.331
"275","7/3/2025","8:30:00 PM",0,9.3397,9.266
"276","7/3/2025","8:45:00 PM",0,9.3429,9.225
"277","7/3/2025","9:00:00 PM",0,9.3422,9.208
"278","7/3/2025","9:15:00 PM",0,9.3425,9.163
"279","7/3/2025","9:30:00 PM",0,9.3418,9.103
"280","7/3/2025","9:45:00 PM",0,9.3458,9.063
"281","7/3/2025","10:00:00 PM",0,9.3459,9.023
"282","7/3/2025","10:15:00 PM",0,9.3477,8.993
"283","7/3/2025","10:30:00 PM",0,9.3487,8.965
"284","7/3/2025","10:45:00 PM",0,9.3493,8.941
"285","7/3/2025","11:00:00 PM",0,9.3511,8.919
"286","7/3/2025","11:15:00 PM",0,9.3517,8.905
"287","7/3/2025","11:30:00 PM",0,9.3523,8.9
"288","7/3/2025","11:45:00 PM",0,9.3517,8.894
"289","7/4/2025","12:00:00 AM",0,9.3513,8.887
"290","7/4/2025","12:15:00 AM",0,9.3526,8.875
"291","7/4/2025","12:30:00 AM",0,9.3527,8.863
"292","7/4/2025","12:45:00 AM",0,9.3544,8.85
"293","7/4/2025","1:00:00 AM",0,9.354,8.832
"294","7/4/2025","1:15:00 AM",0,9.3542,8.815
"295","7/4/2025","1:30:00 AM",0,9.3547,8.797
"296","7/4/2025","1:45:00 AM",0,9.3558,8.786
"297","7/4/2025","2:00:00 AM",0,9.3561,8.767
"298","7/4/2025","2:15:00 AM",0,9.3566,8.757
"299","7/4/2025","2:30:00 AM",0,9.3565,8.742
"300","7/4/2025","2:45:00 AM",0,9.3554,8.728
"301","7/4/2025","3:00:00 AM",0,9.3543,8.716
"302","7/4/2025","3:15:00 AM",0,9.3547,8.706
"303","7/4/2025","3:30:00 AM",0,9.3565,8.702
"304","7/4/2025","3:45:00 AM",0,9.3568,8.696
"305","7/4/2025","4:00:00 AM",0,9.3566,8.688
"306","7/4/2025","4:15:00 AM",0,9.3565,8.684
"307","7/4/2025","4:30:00 AM",0,9.357,8.678
"308","7/4/2025","4:45:00 AM",0,9.3577,8.672
"309","7/4/2025","5:00:00 AM",0,9.358,8.668
"310","7/4/2025","5:15:00 AM",0,9.3593,8.667
"311","7/4/2025","5:30:00 AM",0,9.3597,8.661
"312","7/4/2025","5:45:00 AM",0,9.3606,8.654
"313","7/4/2025","6:00:00 AM",0,9.3615,8.645
"314","7/4/2025","6:15:00 AM",0,9.3618,8.643
"315","7/4/2025","6:30:00 AM",0,9.3627,8.642
"316","7/4/2025","6:45:00 AM",0,9.3635,8.651
"317","7/4/2025","7:00:00 AM",0,9.3646,8.666
"318","7/4/2025","7:15:00 AM",0,9.3651,8.681
"319","7/4/2025","7:30:00 AM",0,9.3668,8.712
"320","7/4/2025","7:45:00 AM",0,9.3677,8.765
"321","7/4/2025","8:00:00 AM",0,9.3693,8.818
"322","7/4/2025","8:15:00 AM",0,9.3709,8.883
"323","7/4/2025","8:30:00 AM",0,9.3721,8.961
"324","7/4/2025","8:45:00 AM",0,9.3736,9.047
"325","7/4/2025","9:00:00 AM",0,9.3757,9.146
"326","7/4/2025","9:15:00 AM",0,9.3774,9.275
"327","7/4/2025","9:30:00 AM",0,9.3794,9.403
"328","7/4/2025","9:45:00 AM",0,9.3803,9.505
"329","7/4/2025","10:00:00 AM",0,9.3811,9.593
"330","7/4/2025","10:15:00 AM",0,9.3817,9.684
"331","7/4/2025","10:30:00 AM",0,9.3842,9.815
"332","7/4/2025","10:45:00 AM",0,9.3857,9.946
"333","7/4/2025","11:00:00 AM",0,9.3875,10.048
"334","7/4/2025","11:15:00 AM",0,9.3876,10.142
"335","7/4/2025","11:30:00 AM",0,9.3877,10.228
"336","7/4/2025","11:45:00 AM",0,9.389,10.313
"337","7/4/2025","12:00:00 PM",0,9.3898,10.391
"338","7/4/2025","12:15:00 PM",0,9.3894,10.452
"339","7/4/2025","12:30:00 PM",0,9.3883,10.498
"340","7/4/2025","12:45:00 PM",0,9.3876,10.542
"341","7/4/2025","1:00:00 PM",0,9.3874,10.596
"342","7/4/2025","1:15:00 PM",0,9.3864,10.627
"343","7/4/2025","1:30:00 PM",0,9.3859,10.668
"344","7/4/2025","1:45:00 PM",0,9.3853,10.664
"345","7/4/2025","2:00:00 PM",0,9.3861,10.704
"346","7/4/2025","2:15:00 PM",0,9.3865,10.743
"347","7/4/2025","2:30:00 PM",0,9.3858,10.733
"348","7/4/2025","2:45:00 PM",0,9.3855,10.714
"349","7/4/2025","3:00:00 PM",0,9.3848,10.692
"350","7/4/2025","3:15:00 PM",0,9.3843,10.678
"351","7/4/2025","3:30:00 PM",0,9.383,10.637
"352","7/4/2025","3:45:00 PM",0,9.382,10.619
"353","7/4/2025","4:00:00 PM",0,9.3812,10.604
"354","7/4/2025","4:15:00 PM",0,9.3807,10.587
"355","7/4/2025","4:30:00 PM",0,9.3797,10.523
"356","7/4/2025","4:45:00 PM",0,9.3781,10.404
"357","7/4/2025","5:00:00 PM",0,9.3761,10.142
"358","7/4/2025","5:15:00 PM",0,9.3749,9.953
"359","7/4/2025","5:30:00 PM",0,9.3748,9.843
"360","7/4/2025","5:45:00 PM",0,9.3736,9.768
"361","7/4/2025","6:00:00 PM",0,9.3736,9.75
"362","7/4/2025","6:15:00 PM",0,9.3748,9.789
"363","7/4/2025","6:30:00 PM",0,9.3743,9.708
"364","7/4/2025","6:45:00 PM",0,9.3755,9.719
"365","7/4/2025","7:00:00 PM",0,9.38,9.721
"366","7/4/2025","7:15:00 PM",0,9.3814,9.706
"367","7/4/2025","7:30:00 PM",0,9.3837,9.619
"368","7/4/2025","7:45:00 PM",0,9.3864,9.573
"369","7/4/2025","8:00:00 PM",0,9.3888,9.516
"370","7/4/2025","8:15:00 PM",0,9.3915,9.518
"371","7/4/2025","8:30:00 PM",0,9.3933,9.505
"372","7/4/2025","8:45:00 PM",0,9.3954,9.457
"373","7/4/2025","9:00:00 PM",0,9.3966,9.356
"374","7/4/2025","9:15:00 PM",0,9.3984,9.236
"375","7/4/2025","9:30:00 PM",0,9.4005,9.139
"376","7/4/2025","9:45:00 PM",0,9.4024,9.066
"377","7/4/2025","10:00:00 PM",0,9.4057,9.008
"378","7/4/2025","10:15:00 PM",0,9.4074,8.957
"379","7/4/2025","10:30:00 PM",0,9.4075,8.923
"380","7/4/2025","10:45:00 PM",0,9.4075,8.907
"381","7/4/2025","11:00:00 PM",0,9.4084,8.898
"382","7/4/2025","11:15:00 PM",0,9.4086,8.878
"383","7/4/2025","11:30:00 PM",0,9.4105,8.855
"384","7/4/2025","11:45:00 PM",0,9.411,8.837
"385","7/5/2025","12:00:00 AM",0,9.4117,8.82
"386","7/5/2025","12:15:00 AM",0,9.4125,8.807
"387","7/5/2025","12:30:00 AM",0,9.4138,8.795
"388","7/5/2025","12:45:00 AM",0,9.4141,8.781
"389","7/5/2025","1:00:00 AM",0,9.4134,8.769
"390","7/5/2025","1:15:00 AM",0,9.4143,8.759
"391","7/5/2025","1:30:00 AM",0,9.4137,8.738
"392","7/5/2025","1:45:00 AM",0,9.4133,8.727
"393","7/5/2025","2:00:00 AM",0,9.4141,8.717
"394","7/5/2025","2:15:00 AM",0,9.4137,8.712
"395","7/5/2025","2:30:00 AM",0,9.4136,8.709
"396","7/5/2025","2:45:00 AM",0,9.4139,8.706
"397","7/5/2025","3:00:00 AM",0,9.4148,8.698
"398","7/5/2025","3:15:00 AM",0,9.4142,8.684
"399","7/5/2025","3:30:00 AM",0,9.4145,8.669
"400","7/5/2025","3:45:00 AM",0,9.4147,8.657
"401","7/5/2025","4:00:00 AM",0,9.4156,8.643
"402","7/5/2025","4:15:00 AM",0,9.4156,8.629
"403","7/5/2025","4:30:00 AM",0,9.416,8.62
"404","7/5/2025","4:45:00 AM",0,9.4172,8.613
"405","7/5/2025","5:00:00 AM",0,9.4174,8.602
"406","7/5/2025","5:15:00 AM",0,9.418,8.593
"407","7/5/2025","5:30:00 AM",0,9.4186,8.582
"408","7/5/2025","5:45:00 AM",0,9.42,8.575
"409","7/5/2025","6:00:00 AM",0,9.4213,8.576
"410","7/5/2025","6:15:00 AM",0,9.4221,8.578
"411","7/5/2025","6:30:00 AM",0,9.4232,8.588
"412","7/5/2025","6:45:00 AM",0,9.4232,8.599
"413","7/5/2025","7:00:00 AM",0,9.4244,8.613
"414","7/5/2025","7:15:00 AM",0,9.4241,8.627
"415","7/5/2025","7:30:00 AM",0,9.4261,8.659
"416","7/5/2025","7:45:00 AM",0,9.4269,8.715
"417","7/5/2025","8:00:00 AM",0,9.428,8.777
"418","7/5/2025","8:15:00 AM",0,9.4289,8.845
"419","7/5/2025","8:30:00 AM",0,9.4305,8.925
"420","7/5/2025","8:45:00 AM",0,9.4309,9.007
"421","7/5/2025","9:00:00 AM",0,9.4325,9.099
"422","7/5/2025","9:15:00 AM",0,9.4333,9.191
"423","7/5/2025","9:30:00 AM",0,9.4337,9.284
"424","7/5/2025","9:45:00 AM",0,9.4343,9.374
"425","7/5/2025","10:00:00 AM",0,9.4342,9.459
"426","7/5/2025","10:15:00 AM",0,9.435,9.569
"427","7/5/2025","10:30:00 AM",0,9.4363,9.701
"428","7/5/2025","10:45:00 AM",0,9.4372,9.819
"429","7/5/2025","11:00:00 AM",0,9.438,9.932
"430","7/5/2025","11:15:00 AM",0,9.4377,10.036
"431","7/5/2025","11:30:00 AM",0,9.4378,10.136
"432","7/5/2025","11:45:00 AM",0,9.4374,10.238
"433","7/5/2025","12:00:00 PM",0,9.4371,10.354
"434","7/5/2025","12:15:00 PM",0,9.4366,10.436
"435","7/5/2025","12:30:00 PM",0,9.4364,10.535
"436","7/5/2025","12:45:00 PM",0,9.435,10.591
"437","7/5/2025","1:00:00 PM",0,9.4345,10.642
"438","7/5/2025","1:15:00 PM",0,9.433,10.688
"439","7/5/2025","1:30:00 PM",0,9.432,10.731
"440","7/5/2025","1:45:00 PM",0,9.4291,10.763
"441","7/5/2025","2:00:00 PM",0,9.4277,10.779
"442","7/5/2025","2:15:00 PM",0,9.4266,10.818
"443","7/5/2025","2:30:00 PM",0,9.4249,10.817
"444","7/5/2025","2:45:00 PM",0,9.4236,10.782
"445","7/5/2025","3:00:00 PM",0,9.4225,10.781
"446","7/5/2025","3:15:00 PM",0,9.4216,10.775
"447","7/5/2025","3:30:00 PM",0,9.4204,10.757
"448","7/5/2025","3:45:00 PM",0,9.4191,10.737
"449","7/5/2025","4:00:00 PM",0,9.4181,10.706
"450","7/5/2025","4:15:00 PM",0,9.4168,10.68
"451","7/5/2025","4:30:00 PM",0,9.4153,10.621
"452","7/5/2025","4:45:00 PM",0,9.413,10.554
"453","7/5/2025","5:00:00 PM",0,9.4109,10.448
"454","7/5/2025","5:15:00 PM",0,9.4092,10.372
"455","7/5/2025","5:30:00 PM",0,9.4078,10.31
"456","7/5/2025","5:45:00 PM",0,9.4054,10.192
"457","7/5/2025","6:00:00 PM",0,9.404,10.107
"458","7/5/2025","6:15:00 PM",0,9.402,9.952
"459","7/5/2025","6:30:00 PM",0,9.4017,9.855
"460","7/5/2025","6:45:00 PM",0,9.4011,9.745
"461","7/5/2025","7:00:00 PM",0,9.4008,9.663
"462","7/5/2025","7:15:00 PM",0,9.4005,9.581
"463","7/5/2025","7:30:00 PM",0,9.4003,9.508
"464","7/5/2025","7:45:00 PM",0,9.4008,9.524
"465","7/5/2025","8:00:00 PM",0,9.4028,9.607
"466","7/5/2025","8:15:00 PM",0,9.4028,9.562
"467","7/5/2025","8:30:00 PM",0,9.4025,9.465
"468","7/5/2025","8:45:00 PM",0,9.4017,9.356
"469","7/5/2025","9:00:00 PM",0,9.4023,9.288
"470","7/5/2025","9:15:00 PM",0,9.4021,9.238
"471","7/5/2025","9:30:00 PM",0,9.4029,9.224
"472","7/5/2025","9:45:00 PM",0,9.4032,9.214
"473","7/5/2025","10:00:00 PM",0,9.403,9.206
"474","7/5/2025","10:15:00 PM",0,9.4026,9.206
"475","7/5/2025","10:30:00 PM",0,9.4014,9.201
"476","7/5/2025","10:45:00 PM",0,9.4019,9.193
"477","7/5/2025","11:00:00 PM",0,9.4016,9.175
"478","7/5/2025","11:15:00 PM",0,9.4016,9.136
"479","7/5/2025","11:30:00 PM",0,9.404,9.11
"480","7/5/2025","11:45:00 PM",0,9.4047,9.074
"481","7/6/2025","12:00:00 AM",0,9.4057,9.03
"482","7/6/2025","12:15:00 AM",0,9.4045,9.007
"483","7/6/2025","12:30:00 AM",0,9.4048,8.991
"484","7/6/2025","12:45:00 AM",0,9.4057,8.954
"485","7/6/2025","1:00:00 AM",0,9.406,8.93
"486","7/6/2025","1:15:00 AM",0,9.4065,8.901
"487","7/6/2025","1:30:00 AM",0,9.4052,8.871
"488","7/6/2025","1:45:00 AM",0,9.4052,8.858
"489","7/6/2025","2:00:00 AM",0,9.4044,8.843
"490","7/6/2025","2:15:00 AM",0,9.403,8.834
"491","7/6/2025","2:30:00 AM",0,9.4032,8.827
"492","7/6/2025","2:45:00 AM",0,9.4033,8.814
"493","7/6/2025","3:00:00 AM",0,9.4035,8.8
"494","7/6/2025","3:15:00 AM",0,9.405,8.787
"495","7/6/2025","3:30:00 AM",0,9.4052,8.775
"496","7/6/2025","3:45:00 AM",0,9.4055,8.77
"497","7/6/2025","4:00:00 AM",0,9.4045,8.768
"498","7/6/2025","4:15:00 AM",0,9.4048,8.759
"499","7/6/2025","4:30:00 AM",0,9.4048,8.752
"500","7/6/2025","4:45:00 AM",0,9.4061,8.749
"501","7/6/2025","5:00:00 AM",0,9.4072,8.747
"502","7/6/2025","5:15:00 AM",0,9.4074,8.741
"503","7/6/2025","5:30:00 AM",0,9.4078,8.725
"504","7/6/2025","5:45:00 AM",0,9.4087,8.716
"505","7/6/2025","6:00:00 AM",0,9.409,8.708
"506","7/6/2025","6:15:00 AM",0,9.4087,8.703
"507","7/6/2025","6:30:00 AM",0,9.4091,8.703
"508","7/6/2025","6:45:00 AM",0,9.4092,8.714
"509","7/6/2025","7:00:00 AM",0,9.4103,8.723
"510","7/6/2025","7:15:00 AM",0,9.4097,8.734
"511","7/6/2025","7:30:00 AM",0,9.4095,8.765
"512","7/6/2025","7:45:00 AM",0,9.4104,8.819
"513","7/6/2025","8:00:00 AM",0,9.4103,8.885
"514","7/6/2025","8:15:00 AM",0,9.4114,8.959
"515","7/6/2025","8:30:00 AM",0,9.4122,9.045
"516","7/6/2025","8:45:00 AM",0,9.4134,9.13
"517","7/6/2025","9:00:00 AM",0,9.4135,9.222
"518","7/6/2025","9:15:00 AM",0,9.4137,9.315
"519","7/6/2025","9:30:00 AM",0,9.4133,9.414
"520","7/6/2025","9:45:00 AM",0,9.4129,9.508
"521","7/6/2025","10:00:00 AM",0,9.4133,9.624
"522","7/6/2025","10:15:00 AM",0,9.4135,9.745
"523","7/6/2025","10:30:00 AM",0,9.4128,9.855
"524","7/6/2025","10:45:00 AM",0,9.4131,9.983
"525","7/6/2025","11:00:00 AM",0,9.4123,10.106
"526","7/6/2025","11:15:00 AM",0,9.411,10.197
"527","7/6/2025","11:30:00 AM",0,9.4119,10.335
"528","7/6/2025","11:45:00 AM",0,9.4093,10.432
"529","7/6/2025","12:00:00 PM",0,9.4081,10.534
"530","7/6/2025","12:15:00 PM",0,9.4047,10.65
"531","7/6/2025","12:30:00 PM",0,9.4039,10.73
"532","7/6/2025","12:45:00 PM",0,9.403,10.829
"533","7/6/2025","1:00:00 PM",0,9.3997,10.897
"534","7/6/2025","1:15:00 PM",0,9.3973,10.905
"535","7/6/2025","1:30:00 PM",0,9.3956,10.973
"536","7/6/2025","1:45:00 PM",0,9.3944,10.965
"537","7/6/2025","2:00:00 PM",0,9.3918,10.992
"538","7/6/2025","2:15:00 PM",0,9.3906,11.037
"539","7/6/2025","2:30:00 PM",0,9.3882,11.043
"540","7/6/2025","2:45:00 PM",0,9.3859,11.03
"541","7/6/2025","3:00:00 PM",0,9.3839,11.053
"542","7/6/2025","3:15:00 PM",0,9.3829,11.062
"543","7/6/2025","3:30:00 PM",0,9.3812,11.056
"544","7/6/2025","3:45:00 PM",0,9.3791,11.026
"545","7/6/2025","4:00:00 PM",0,9.3783,11.047
"546","7/6/2025","4:15:00 PM",0,9.3758,10.98
"547","7/6/2025","4:30:00 PM",0,9.3745,10.904
"548","7/6/2025","4:45:00 PM",0,9.3731,10.788
"549","7/6/2025","5:00:00 PM",0,9.3706,10.675
"550","7/6/2025","5:15:00 PM",0,9.3685,10.583
"551","7/6/2025","5:30:00 PM",0,9.3667,10.497
"552","7/6/2025","5:45:00 PM",0,9.3654,10.405
"553","7/6/2025","6:00:00 PM",0,9.3629,10.293
"554","7/6/2025","6:15:00 PM",0,9.3607,10.184
"555","7/6/2025","6:30:00 PM",0,9.3589,10.092
"556","7/6/2025","6:45:00 PM",0,9.3576,9.985
"557","7/6/2025","7:00:00 PM",0,9.3561,9.891
"558","7/6/2025","7:15:00 PM",0,9.3554,9.797
"559","7/6/2025","7:30:00 PM",0,9.3546,9.686
"560","7/6/2025","7:45:00 PM",0,9.355,9.602
"561","7/6/2025","8:00:00 PM",0,9.3558,9.569
"562","7/6/2025","8:15:00 PM",0,9.3557,9.505
"563","7/6/2025","8:30:00 PM",0,9.3558,9.461
"564","7/6/2025","8:45:00 PM",0,9.3565,9.448
"565","7/6/2025","9:00:00 PM",0,9.3571,9.445
"566","7/6/2025","9:15:00 PM",0,9.3572,9.411
"567","7/6/2025","9:30:00 PM",0,9.3584,9.366
"568","7/6/2025","9:45:00 PM",0,9.3595,9.311
"569","7/6/2025","10:00:00 PM",0,9.3602,9.27
"570","7/6/2025","10:15:00 PM",0,9.3606,9.244
"571","7/6/2025","10:30:00 PM",0,9.3609,9.232
"572","7/6/2025","10:45:00 PM",0,9.3613,9.243
"573","7/6/2025","11:00:00 PM",0,9.3622,9.244
"574","7/6/2025","11:15:00 PM",0,9.3622,9.224
"575","7/6/2025","11:30:00 PM",0,9.3631,9.225
"576","7/6/2025","11:45:00 PM",0,9.364,9.207
"577","7/7/2025","12:00:00 AM",0,9.3646,9.19
"578","7/7/2025","12:15:00 AM",0,9.3642,9.154
"579","7/7/2025","12:30:00 AM",0,9.364,9.109
"580","7/7/2025","12:45:00 AM",0,9.3648,9.098
"581","7/7/2025","1:00:00 AM",0,9.364,9.086
"582","7/7/2025","1:15:00 AM",0,9.3637,9.06
"583","7/7/2025","1:30:00 AM",0,9.3632,9.033
"584","7/7/2025","1:45:00 AM",0,9.3633,9.014
"585","7/7/2025","2:00:00 AM",0,9.3626,8.991
"586","7/7/2025","2:15:00 AM",0,9.3622,8.973
"587","7/7/2025","2:30:00 AM",0,9.3611,8.964
"588","7/7/2025","2:45:00 AM",0,9.3598,8.956
"589","7/7/2025","3:00:00 AM",0,9.3597,8.957
"590","7/7/2025","3:15:00 AM",0,9.3602,8.96
"591","7/7/2025","3:30:00 AM",0,9.3603,8.94
"592","7/7/2025","3:45:00 AM",0,9.3596,8.924
"593","7/7/2025","4:00:00 AM",0,9.3592,8.908
"594","7/7/2025","4:15:00 AM",0,9.3585,8.893
"595","7/7/2025","4:30:00 AM",0,9.3582,8.872
"596","7/7/2025","4:45:00 AM",0,9.3583,8.87
"597","7/7/2025","5:00:00 AM",0,9.3583,8.858
"598","7/7/2025","5:15:00 AM",0,9.3587,8.841
"599","7/7/2025","5:30:00 AM",0,9.3615,8.838
"600","7/7/2025","5:45:00 AM",0,9.362,8.833
"601","7/7/2025","6:00:00 AM",0,9.3623,8.823
"602","7/7/2025","6:15:00 AM",0,9.3622,8.818
"603","7/7/2025","6:30:00 AM",0,9.3632,8.825
"604","7/7/2025","6:45:00 AM",0,9.3639,8.842
"605","7/7/2025","7:00:00 AM",0,9.3651,8.846
"606","7/7/2025","7:15:00 AM",0,9.3655,8.851
"607","7/7/2025","7:30:00 AM",0,9.3665,8.875
"608","7/7/2025","7:45:00 AM",0,9.3676,8.932
"609","7/7/2025","8:00:00 AM",0,9.369,8.989
"610","7/7/2025","8:15:00 AM",0,9.37,9.053
"611","7/7/2025","8:30:00 AM",0,9.37,9.13
"612","7/7/2025","8:45:00 AM",0,9.3709,9.209
"613","7/7/2025","9:00:00 AM",0,9.3722,9.294
"614","7/7/2025","9:15:00 AM",0,9.373,9.382
"615","7/7/2025","9:30:00 AM",0,9.374,9.476
"616","7/7/2025","9:45:00 AM",0,9.3742,9.589
"617","7/7/2025","10:00:00 AM",0,9.3749,9.707
"618","7/7/2025","10:15:00 AM",0,9.3758,9.846
"619","7/7/2025","10:30:00 AM",0,9.3769,9.975
"620","7/7/2025","10:45:00 AM",0,9.3771,10.115
"621","7/7/2025","11:00:00 AM",0,9.3774,10.263
"622","7/7/2025","11:15:00 AM",0,9.3769,10.367
"623","7/7/2025","11:30:00 AM",0,9.3759,10.439
"624","7/7/2025","11:45:00 AM",0,9.3752,10.526
"625","7/7/2025","12:00:00 PM",0,9.374,10.621
"626","7/7/2025","12:15:00 PM",0,9.3728,10.702
"627","7/7/2025","12:30:00 PM",0,9.372,10.779
"628","7/7/2025","12:45:00 PM",0,9.3712,10.859
"629","7/7/2025","1:00:00 PM",0,9.3695,10.9
"630","7/7/2025","1:15:00 PM",0,9.3664,10.997
"631","7/7/2025","1:30:00 PM",0,9.3659,11.062
"632","7/7/2025","1:45:00 PM",0,9.3648,11.095
"633","7/7/2025","2:00:00 PM",0,9.3631,11.136
"634","7/7/2025","2:15:00 PM",0,9.3617,11.17
"635","7/7/2025","2:30:00 PM",0,9.361,11.194
"636","7/7/2025","2:45:00 PM",0,9.3595,11.188
"637","7/7/2025","3:00:00 PM",0,9.3587,11.16
"638","7/7/2025","3:15:00 PM",0,9.3573,11.168
"639","7/7/2025","3:30:00 PM",0,9.3567,11.207
"640","7/7/2025","3:45:00 PM",0,9.3539,11.185
"641","7/7/2025","4:00:00 PM",0,9.3527,11.139
"642","7/7/2025","4:15:00 PM",0,9.3515,11.111
"643","7/7/2025","4:30:00 PM",0,9.3485,11.001
"644","7/7/2025","4:45:00 PM",0,9.3458,10.886
"645","7/7/2025","5:00:00 PM",0,9.3437,10.819
"646","7/7/2025","5:15:00 PM",0,9.3425,10.767
"647","7/7/2025","5:30:00 PM",0,9.3403,10.698
"648","7/7/2025","5:45:00 PM",0,9.339,10.646
"649","7/7/2025","6:00:00 PM",0,9.3453,10.61
"650","7/7/2025","6:15:00 PM",0,9.3578,10.676
"651","7/7/2025","6:30:00 PM",0,9.3567,10.467
"652","7/7/2025","6:45:00 PM",0,9.3496,10.217
"653","7/7/2025","7:00:00 PM",0,9.3465,10.025
"654","7/7/2025","7:15:00 PM",0,9.3457,9.875
"655","7/7/2025","7:30:00 PM",0,9.3449,9.73
"656","7/7/2025","7:45:00 PM",0,9.3454,9.607
"657","7/7/2025","8:00:00 PM",0,9.347,9.49
"658","7/7/2025","8:15:00 PM",0,9.3499,9.445
"659","7/7/2025","8:30:00 PM",0,9.3509,9.407
"660","7/7/2025","8:45:00 PM",0,9.3535,9.355
"661","7/7/2025","9:00:00 PM",0,9.3554,9.319
"662","7/7/2025","9:15:00 PM",0,9.3607,9.29
"663","7/7/2025","9:30:00 PM",0,9.364,9.255
"664","7/7/2025","9:45:00 PM",0,9.367,9.195
"665","7/7/2025","10:00:00 PM",0,9.3692,9.144
"666","7/7/2025","10:15:00 PM",0,9.3719,9.123
"667","7/7/2025","10:30:00 PM",0,9.3717,9.093
"668","7/7/2025","10:45:00 PM",0,9.3725,9.057
"669","7/7/2025","11:00:00 PM",0,9.3733,9.033
"670","7/7/2025","11:15:00 PM",0,9.3737,9.017
"671","7/7/2025","11:30:00 PM",0,9.3743,9.004
"672","7/7/2025","11:45:00 PM",0,9.374,9.001
"673","7/8/2025","12:00:00 AM",0,9.3754,8.993
"674","7/8/2025","12:15:00 AM",0,9.3766,8.986
"675","7/8/2025","12:30:00 AM",0,9.3767,8.975
"676","7/8/2025","12:45:00 AM",0,9.3764,8.957
"677","7/8/2025","1:00:00 AM",0,9.3773,8.944
"678","7/8/2025","1:15:00 AM",0,9.3769,8.932
"679","7/8/2025","1:30:00 AM",0,9.3767,8.937
"680","7/8/2025","1:45:00 AM",0,9.3757,8.923
"681","7/8/2025","2:00:00 AM",0,9.3765,8.92
"682","7/8/2025","2:15:00 AM",0,9.3772,8.91
"683","7/8/2025","2:30:00 AM",0,9.3774,8.905
"684","7/8/2025","2:45:00 AM",0,9.3775,8.895
"685","7/8/2025","3:00:00 AM",0,9.3757,8.9
"686","7/8/2025","3:15:00 AM",0,9.3758,8.907
"687","7/8/2025","3:30:00 AM",0,9.3761,8.9
"688","7/8/2025","3:45:00 AM",0,9.3763,8.885
"689","7/8/2025","4:00:00 AM",0,9.3777,8.867
"690","7/8/2025","4:15:00 AM",0,9.3782,8.856
"691","7/8/2025","4:30:00 AM",0,9.3778,8.839
"692","7/8/2025","4:45:00 AM",0,9.3771,8.83
"693","7/8/2025","5:00:00 AM",0,9.3779,8.831
"694","7/8/2025","5:15:00 AM",0,9.3791,8.83
"695","7/8/2025","5:30:00 AM",0,9.3804,8.818
"696","7/8/2025","5:45:00 AM",0,9.3815,8.807
"697","7/8/2025","6:00:00 AM",0,9.3818,8.794
"698","7/8/2025","6:15:00 AM",0,9.3822,8.789
"699","7/8/2025","6:30:00 AM",0,9.3843,8.787
"700","7/8/2025","6:45:00 AM",0,9.3852,8.793
"701","7/8/2025","7:00:00 AM",0,9.3873,8.798
"702","7/8/2025","7:15:00 AM",0,9.3877,8.809
"703","7/8/2025","7:30:00 AM",0,9.3889,8.832
"704","7/8/2025","7:45:00 AM",0,9.391,8.883
"705","7/8/2025","8:00:00 AM",0,9.3928,8.937
"706","7/8/2025","8:15:00 AM",0,9.3945,9.018
"707","7/8/2025","8:30:00 AM",0,9.3951,9.1
"708","7/8/2025","8:45:00 AM",0,9.396,9.172
"709","7/8/2025","9:00:00 AM",0,9.3969,9.253
"710","7/8/2025","9:15:00 AM",0,9.398,9.342
"711","7/8/2025","9:30:00 AM",0,9.3992,9.43
"712","7/8/2025","9:45:00 AM",0,9.3999,9.524
"713","7/8/2025","10:00:00 AM",0,9.4008,9.633
"714","7/8/2025","10:15:00 AM",0,9.4016,9.751
"715","7/8/2025","10:30:00 AM",0,9.4026,9.907
"716","7/8/2025","10:45:00 AM",0,9.4039,10.07
"717","7/8/2025","11:00:00 AM",0,9.4053,10.22
"718","7/8/2025","11:15:00 AM",0,9.4052,10.348
"719","7/8/2025","11:30:00 AM",0,9.4053,10.477
"720","7/8/2025","11:45:00 AM",0,9.4056,10.605
"721","7/8/2025","12:00:00 PM",0,9.406,10.724
"722","7/8/2025","12:15:00 PM",0,9.4065,10.84
"723","7/8/2025","12:30:00 PM",0,9.4048,11.036
"724","7/8/2025","12:45:00 PM",0,9.4039,11.181
"725","7/8/2025","1:00:00 PM",0,9.4011,11.227
"726","7/8/2025","1:15:00 PM",0,9.4013,11.255
"727","7/8/2025","1:30:00 PM",0,9.4026,11.388
"728","7/8/2025","1:45:00 PM",0,9.4026,11.482
"729","7/8/2025","2:00:00 PM",0,9.4027,11.625
"730","7/8/2025","2:15:00 PM",0,9.4032,11.69
"731","7/8/2025","2:30:00 PM",0,9.4022,11.748
"732","7/8/2025","2:45:00 PM",0,9.4022,11.768
"733","7/8/2025","3:00:00 PM",0,9.4022,11.802
"734","7/8/2025","3:15:00 PM",0,9.4023,11.822
"735","7/8/2025","3:30:00 PM",0,9.4015,11.814
"736","7/8/2025","3:45:00 PM",0,9.401,11.811
"737","7/8/2025","4:00:00 PM",0,9.4,11.774
"738","7/8/2025","4:15:00 PM",0,9.3989,11.695
"739","7/8/2025","4:30:00 PM",0,9.3975,11.597
"740","7/8/2025","4:45:00 PM",0,9.3961,11.503
"741","7/8/2025","5:00:00 PM",0,9.3951,11.384
"742","7/8/2025","5:15:00 PM",0,9.3937,11.289
"743","7/8/2025","5:30:00 PM",0,9.392,11.188
"744","7/8/2025","5:45:00 PM",0,9.39,11.1
"745","7/8/2025","6:00:00 PM",0,9.3899,11.022
"746","7/8/2025","6:15:00 PM",0,9.39,10.915
"747","7/8/2025","6:30:00 PM",0,9.3905,10.8
"748","7/8/2025","6:45:00 PM",0,9.3899,10.684
"749","7/8/2025","7:00:00 PM",0,9.3903,10.564
"750","7/8/2025","7:15:00 PM",0,9.39,10.466
"751","7/8/2025","7:30:00 PM",0,9.39,10.372
"752","7/8/2025","7:45:00 PM",0,9.3903,10.277
"753","7/8/2025","8:00:00 PM",0,9.3902,10.183
"754","7/8/2025","8:15:00 PM",0,9.3899,10.091
"755","7/8/2025","8:30:00 PM",0,9.3893,10.002
"756","7/8/2025","8:45:00 PM",0,9.3882,9.883
"757","7/8/2025","9:00:00 PM",0,9.3875,9.718
"758","7/8/2025","9:15:00 PM",0,9.3904,9.535
"759","7/8/2025","9:30:00 PM",0,9.3926,9.375
"760","7/8/2025","9:45:00 PM",0,9.396,9.26
"761","7/8/2025","10:00:00 PM",0,9.3976,9.183
"762","7/8/2025","10:15:00 PM",0,9.3992,9.145
"763","7/8/2025","10:30:00 PM",0,9.4002,9.117
"764","7/8/2025","10:45:00 PM",0,9.3995,9.09
"765","7/8/2025","11:00:00 PM",0,9.3993,9.077
"766","7/8/2025","11:15:00 PM",0,9.3995,9.086
"767","7/8/2025","11:30:00 PM",0,9.4014,9.097
"768","7/8/2025","11:45:00 PM",0,9.4018,9.068
"769","7/9/2025","12:00:00 AM",0,9.4026,9.064
"770","7/9/2025","12:15:00 AM",0,9.4039,9.077
"771","7/9/2025","12:30:00 AM",0,9.4045,9.064
"772","7/9/2025","12:45:00 AM",0,9.4051,9.027
"773","7/9/2025","1:00:00 AM",0,9.4049,8.994
"774","7/9/2025","1:15:00 AM",0,9.4051,8.982
"775","7/9/2025","1:30:00 AM",0,9.4047,8.963
"776","7/9/2025","1:45:00 AM",0,9.4039,8.943
"777","7/9/2025","2:00:00 AM",0,9.4032,8.924
"778","7/9/2025","2:15:00 AM",0,9.4028,8.905
"779","7/9/2025","2:30:00 AM",0,9.4023,8.895
"780","7/9/2025","2:45:00 AM",0,9.4008,8.88
"781","7/9/2025","3:00:00 AM",0,9.4003,8.871
"782","7/9/2025","3:15:00 AM",0,9.4,8.876
"783","7/9/2025","3:30:00 AM",0,9.4001,8.875
"784","7/9/2025","3:45:00 AM",0,9.4007,8.858
"785","7/9/2025","4:00:00 AM",0,9.4015,8.837
"786","7/9/2025","4:15:00 AM",0,9.4032,8.833
"787","7/9/2025","4:30:00 AM",0,9.4036,8.823
"788","7/9/2025","4:45:00 AM",0,9.4036,8.809
"789","7/9/2025","5:00:00 AM",0,9.4036,8.796
"790","7/9/2025","5:15:00 AM",0,9.4057,8.783
"791","7/9/2025","5:30:00 AM",0,9.4076,8.775
"792","7/9/2025","5:45:00 AM",0,9.409,8.766
"793","7/9/2025","6:00:00 AM",0,9.4102,8.763
"794","7/9/2025","6:15:00 AM",0,9.4114,8.766
"795","7/9/2025","6:30:00 AM",0,9.4122,8.77
"796","7/9/2025","6:45:00 AM",0,9.4119,8.776
"797","7/9/2025","7:00:00 AM",0,9.4128,8.783
"798","7/9/2025","7:15:00 AM",0,9.4127,8.794
"799","7/9/2025","7:30:00 AM",0,9.4129,8.822
"800","7/9/2025","7:45:00 AM",0,9.4146,8.879
"801","7/9/2025","8:00:00 AM",0,9.4164,8.938
"802","7/9/2025","8:15:00 AM",0,9.4184,9.004
"803","7/9/2025","8:30:00 AM",0,9.4202,9.078
"804","7/9/2025","8:45:00 AM",0,9.4209,9.16
"805","7/9/2025","9:00:00 AM",0,9.4224,9.248
"806","7/9/2025","9:15:00 AM",0,9.4237,9.335
"807","7/9/2025","9:30:00 AM",0,9.4248,9.426
"808","7/9/2025","9:45:00 AM",0,9.4256,9.524
"809","7/9/2025","10:00:00 AM",0,9.4257,9.638
"810","7/9/2025","10:15:00 AM",0,9.4267,9.762
"811","7/9/2025","10:30:00 AM",0,9.4278,9.889
"812","7/9/2025","10:45:00 AM",0,9.4294,10.097
"813","7/9/2025","11:00:00 AM",0,9.4303,10.256
"814","7/9/2025","11:15:00 AM",0,9.4309,10.352
"815","7/9/2025","11:30:00 AM",0,9.4314,10.438
"816","7/9/2025","11:45:00 AM",0,9.4326,10.562
"817","7/9/2025","12:00:00 PM",0,9.4334,10.672
"818","7/9/2025","12:15:00 PM",0,9.4334,10.76
"819","7/9/2025","12:30:00 PM",0,9.4326,10.822
"820","7/9/2025","12:45:00 PM",0,9.432,10.866
"821","7/9/2025","1:00:00 PM",0,9.4311,10.935
"822","7/9/2025","1:15:00 PM",0,9.4297,10.994
"823","7/9/2025","1:30:00 PM",0,9.4305,11.053
"824","7/9/2025","1:45:00 PM",0,9.43,11.132
"825","7/9/2025","2:00:00 PM",0,9.4291,11.175
"826","7/9/2025","2:15:00 PM",0,9.4293,11.213
"827","7/9/2025","2:30:00 PM",0,9.4289,11.218
"828","7/9/2025","2:45:00 PM",0,9.4269,11.172
"829","7/9/2025","3:00:00 PM",0,9.4274,11.235
"830","7/9/2025","3:15:00 PM",0,9.4269,11.264
"831","7/9/2025","3:30:00 PM",0,9.4258,11.242
"832","7/9/2025","3:45:00 PM",0,9.4229,11.122
"833","7/9/2025","4:00:00 PM",0,9.4214,11.043
"834","7/9/2025","4:15:00 PM",0,9.4196,10.931
"835","7/9/2025","4:30:00 PM",0,9.4191,10.884
"836","7/9/2025","4:45:00 PM",0,9.4172,10.798
"837","7/9/2025","5:00:00 PM",0,9.4162,10.756
"838","7/9/2025","5:15:00 PM",0,9.4154,10.74
"839","7/9/2025","5:30:00 PM",0,9.4146,10.676
"840","7/9/2025","5:45:00 PM",0,9.413,10.551
"841","7/9/2025","6:00:00 PM",0,9.4124,10.509
"842","7/9/2025","6:15:00 PM",0,9.4111,10.423
"843","7/9/2025","6:30:00 PM",0,9.4102,10.324
"844","7/9/2025","6:45:00 PM",0,9.4107,10.233
"845","7/9/2025","7:00:00 PM",0,9.4102,10.161
"846","7/9/2025","7:15:00 PM",0,9.4105,10.003
"847","7/9/2025","7:30:00 PM",0,9.4104,9.894
"848","7/9/2025","7:45:00 PM",0,9.4105,9.805
"849","7/9/2025","8:00:00 PM",0,9.4107,9.718
"850","7/9/2025","8:15:00 PM",0,9.41,9.656
"851","7/9/2025","8:30:00 PM",0,9.4087,9.556
"852","7/9/2025","8:45:00 PM",0,9.4071,9.465
"853","7/9/2025","9:00:00 PM",0,9.4066,9.396
"854","7/9/2025","9:15:00 PM",0,9.4082,9.338
"855","7/9/2025","9:30:00 PM",0,9.4105,9.293
"856","7/9/2025","9:45:00 PM",0,9.4128,9.27
"857","7/9/2025","10:00:00 PM",0,9.4151,9.26
"858","7/9/2025","10:15:00 PM",0,9.4164,9.232
"859","7/9/2025","10:30:00 PM",0,9.4165,9.19
"860","7/9/2025","10:45:00 PM",0,9.4172,9.171
"861","7/9/2025","11:00:00 PM",0,9.4174,9.164
"862","7/9/2025","11:15:00 PM",0,9.4176,9.143
"863","7/9/2025","11:30:00 PM",0,9.4183,9.108
"864","7/9/2025","11:45:00 PM",0,9.4189,9.096
"865","7/10/2025","12:00:00 AM",0,9.4188,9.078
"866","7/10/2025","12:15:00 AM",0,9.4199,9.062
"867","7/10/2025","12:30:00 AM",0,9.4209,9.056
"868","7/10/2025","12:45:00 AM",0,9.4222,9.03
"869","7/10/2025","1:00:00 AM",0,9.4226,8.995
"870","7/10/2025","1:15:00 AM",0,9.423,8.97
"871","7/10/2025","1:30:00 AM",0,9.4231,8.953
"872","7/10/2025","1:45:00 AM",0,9.4228,8.936
"873","7/10/2025","2:00:00 AM",0,9.4227,8.922
"874","7/10/2025","2:15:00 AM",0,9.423,8.91
"875","7/10/2025","2:30:00 AM",0,9.4226,8.891
"876","7/10/2025","2:45:00 AM",0,9.4218,8.883
"877","7/10/2025","3:00:00 AM",0,9.4209,8.87
"878","7/10/2025","3:15:00 AM",0,9.4208,8.859
"879","7/10/2025","3:30:00 AM",0,9.4203,8.843
"880","7/10/2025","3:45:00 AM",0,9.4204,8.834
"881","7/10/2025","4:00:00 AM",0,9.4198,8.826
"882","7/10/2025","4:15:00 AM",0,9.4198,8.821
"883","7/10/2025","4:30:00 AM",0,9.42,8.814
"884","7/10/2025","4:45:00 AM",0,9.4192,8.802
"885","7/10/2025","5:00:00 AM",0,9.4187,8.802
"886","7/10/2025","5:15:00 AM",0,9.4191,8.799
"887","7/10/2025","5:30:00 AM",0,9.419,8.791
"888","7/10/2025","5:45:00 AM",0,9.4198,8.79
"889","7/10/2025","6:00:00 AM",0,9.421,8.782
"890","7/10/2025","6:15:00 AM",0,9.4212,8.777
"891","7/10/2025","6:30:00 AM",0,9.4221,8.783
"892","7/10/2025","6:45:00 AM",0,9.4227,8.784
"893","7/10/2025","7:00:00 AM",0,9.4232,8.783
"894","7/10/2025","7:15:00 AM",0,9.4243,8.794
"895","7/10/2025","7:30:00 AM",0,9.4243,8.823
"896","7/10/2025","7:45:00 AM",0,9.4254,8.881
"897","7/10/2025","8:00:00 AM",0,9.427,8.94
"898","7/10/2025","8:15:00 AM",0,9.4279,9.013
"899","7/10/2025","8:30:00 AM",0,9.4292,9.121
"900","7/10/2025","8:45:00 AM",0,9.431,9.211
"901","7/10/2025","9:00:00 AM",0,9.4317,9.289
"902","7/10/2025","9:15:00 AM",0,9.4327,9.372
"903","7/10/2025","9:30:00 AM",0,9.4327,9.458
"904","7/10/2025","9:45:00 AM",0,9.4321,9.547
"905","7/10/2025","10:00:00 AM",0,9.4325,9.675
"906","7/10/2025","10:15:00 AM",0,9.4321,9.801
"907","7/10/2025","10:30:00 AM",0,9.4324,9.936
"908","7/10/2025","10:45:00 AM",0,9.433,10.105
"909","7/10/2025","11:00:00 AM",0,9.4333,10.267
"910","7/10/2025","11:15:00 AM",0,9.4328,10.37
"911","7/10/2025","11:30:00 AM",0,9.4321,10.483
"912","7/10/2025","11:45:00 AM",0,9.4304,10.571
"913","7/10/2025","12:00:00 PM",0,9.4287,10.662
"914","7/10/2025","12:15:00 PM",0,9.4282,10.789
"915","7/10/2025","12:30:00 PM",0,9.4274,10.892
"916","7/10/2025","12:45:00 PM",0,9.4242,11.017
"917","7/10/2025","1:00:00 PM",0,9.4221,11.082
"918","7/10/2025","1:15:00 PM",0,9.4205,11.124
"919","7/10/2025","1:30:00 PM",0,9.4189,11.169
"920","7/10/2025","1:45:00 PM",0,9.4172,11.194
"921","7/10/2025","2:00:00 PM",0,9.4168,11.293
"922","7/10/2025","2:15:00 PM",0,9.4153,11.32
"923","7/10/2025","2:30:00 PM",0,9.4127,11.285
"924","7/10/2025","2:45:00 PM",0,9.4118,11.34
"925","7/10/2025","3:00:00 PM",0,9.4101,11.359
"926","7/10/2025","3:15:00 PM",0,9.4084,11.352
"927","7/10/2025","3:30:00 PM",0,9.407,11.387
"928","7/10/2025","3:45:00 PM",0,9.4063,11.403
"929","7/10/2025","4:00:00 PM",0,9.4034,11.278
"930","7/10/2025","4:15:00 PM",0,9.4011,11.155
"931","7/10/2025","4:30:00 PM",0,9.3992,11.1
"932","7/10/2025","4:45:00 PM",0,9.4003,11.209
"933","7/10/2025","5:00:00 PM",0,9.399,11.214
"934","7/10/2025","5:15:00 PM",0,9.397,11.141
"935","7/10/2025","5:30:00 PM",0,9.3954,11.099
"936","7/10/2025","5:45:00 PM",0,9.3951,11.105
"937","7/10/2025","6:00:00 PM",0,9.394,11.03
"938","7/10/2025","6:15:00 PM",0,9.393,10.949
"939","7/10/2025","6:30:00 PM",0,9.3925,10.863
"940","7/10/2025","6:45:00 PM",0,9.3916,10.789
"941","7/10/2025","7:00:00 PM",0,9.3908,10.672
"942","7/10/2025","7:15:00 PM",0,9.3901,10.577
"943","7/10/2025","7:30:00 PM",0,9.3892,10.417
"944","7/10/2025","7:45:00 PM",0,9.388,10.22
"945","7/10/2025","8:00:00 PM",0,9.3874,10.113
"946","7/10/2025","8:15:00 PM",0,9.3877,10.06
"947","7/10/2025","8:30:00 PM",0,9.3869,9.957
"948","7/10/2025","8:45:00 PM",0,9.3874,9.906
"949","7/10/2025","9:00:00 PM",0,9.3886,9.832
"950","7/10/2025","9:15:00 PM",0,9.3898,9.75
"951","7/10/2025","9:30:00 PM",0,9.3903,9.671
"952","7/10/2025","9:45:00 PM",0,9.391,9.625
"953","7/10/2025","10:00:00 PM",0,9.3919,9.577
"954","7/10/2025","10:15:00 PM",0,9.3936,9.535
"955","7/10/2025","10:30:00 PM",0,9.3938,9.496
"956","7/10/2025","10:45:00 PM",0,9.3933,9.438
"957","7/10/2025","11:00:00 PM",0,9.3932,9.386
"958","7/10/2025","11:15:00 PM",0,9.3944,9.306
"959","7/10/2025","11:30:00 PM",0,9.3942,9.222
"960","7/10/2025","11:45:00 PM",0,9.3952,9.162
"961","7/11/2025","12:00:00 AM",0,9.3951,9.135
"962","7/11/2025","12:15:00 AM",0,9.3954,9.105
"963","7/11/2025","12:30:00 AM",0,9.3948,9.077
"964","7/11/2025","12:45:00 AM",0,9.3954,9.065
"965","7/11/2025","1:00:00 AM",0,9.3952,9.054
"966","7/11/2025","1:15:00 AM",0,9.3951,9.047
"967","7/11/2025","1:30:00 AM",0,9.3946,9.045
"968","7/11/2025","1:45:00 AM",0,9.3938,9.04
"969","7/11/2025","2:00:00 AM",0,9.3936,9.025
"970","7/11/2025","2:15:00 AM",0,9.3932,9.004
"971","7/11/2025","2:30:00 AM",0,9.3921,8.987
"972","7/11/2025","2:45:00 AM",0,9.3922,8.969
"973","7/11/2025","3:00:00 AM",0,9.3923,8.967
"974","7/11/2025","3:15:00 AM",0,9.3926,8.978
"975","7/11/2025","3:30:00 AM",0,9.3921,8.966
"976","7/11/2025","3:45:00 AM",0,9.3913,8.951
"977","7/11/2025","4:00:00 AM",0,9.3906,8.935
"978","7/11/2025","4:15:00 AM",0,9.3902,8.924
"979","7/11/2025","4:30:00 AM",0,9.3896,8.91
"980","7/11/2025","4:45:00 AM",0,9.39,8.899
"981","7/11/2025","5:00:00 AM",0,9.3902,8.888
"982","7/11/2025","5:15:00 AM",0,9.3918,8.892
"983","7/11/2025","5:30:00 AM",0,9.3918,8.927
"984","7/11/2025","5:45:00 AM",0,9.3915,8.907
"985","7/11/2025","6:00:00 AM",0,9.3918,8.885
"986","7/11/2025","6:15:00 AM",0,9.3935,8.884
"987","7/11/2025","6:30:00 AM",0,9.3946,8.902
"988","7/11/2025","6:45:00 AM",0,9.3961,8.894
"989","7/11/2025","7:00:00 AM",0,9.396,8.886
"990","7/11/2025","7:15:00 AM",0,9.3956,8.888
"991","7/11/2025","7:30:00 AM",0,9.3964,8.909
"992","7/11/2025","7:45:00 AM",0,9.3971,8.962
"993","7/11/2025","8:00:00 AM",0,9.3974,9.019
"994","7/11/2025","8:15:00 AM",0,9.3982,9.087
"995","7/11/2025","8:30:00 AM",0,9.3991,9.164
"996","7/11/2025","8:45:00 AM",0,9.3999,9.25
"997","7/11/2025","9:00:00 AM",0,9.4008,9.356
"998","7/11/2025","9:15:00 AM",0,9.4019,9.472
"999","7/11/2025","9:30:00 AM",0,9.4026,9.579
"1000","7/11/2025","9:45:00 AM",0,9.4015,9.684
"1001","7/11/2025","10:00:00 AM",0,9.402,9.797
"1002","7/11/2025","10:15:00 AM",0,9.4024,9.936
"1003","7/11/2025","10:30:00 AM",0,9.402,10.049
"1004","7/11/2025","10:45:00 AM",0,9.4018,10.196
"1005","7/11/2025","11:00:00 AM",0,9.4031,10.343
"1006","7/11/2025","11:15:00 AM",0,9.4024,10.463
"1007","7/11/2025","11:30:00 AM",0,9.4018,10.604
"1008","7/11/2025","11:45:00 AM",0,9.4011,10.748
"1009","7/11/2025","12:00:00 PM",0,9.4007,10.887
"1010","7/11/2025","12:15:00 PM",0,9.3997,10.976
"1011","7/11/2025","12:30:00 PM",0,9.3953,11.078
"1012","7/11/2025","12:45:00 PM",0,9.3928,11.119
"1013","7/11/2025","1:00:00 PM",0,9.3918,11.2
"1014","7/11/2025","1:15:00 PM",0,9.39,11.255
"1015","7/11/2025","1:30:00 PM",0,9.3884,11.307
"1016","7/11/2025","1:45:00 PM",0,9.3875,11.378
"1017","7/11/2025","2:00:00 PM",0,9.3857,11.405
"1018","7/11/2025","2:15:00 PM",0,9.3845,11.452
"1019","7/11/2025","2:30:00 PM",0,9.3833,11.45
"1020","7/11/2025","2:45:00 PM",0,9.3825,11.512
"1021","7/11/2025","3:00:00 PM",0,9.381,11.598
"1022","7/11/2025","3:15:00 PM",0,9.3815,11.654
"1023","7/11/2025","3:30:00 PM",0,9.3801,11.631
"1024","7/11/2025","3:45:00 PM",0,9.3777,11.559
"1025","7/11/2025","4:00:00 PM",0,9.3757,11.512
"1026","7/11/2025","4:15:00 PM",0,9.3748,11.516
"1027","7/11/2025","4:30:00 PM",0,9.3734,11.423
"1028","7/11/2025","4:45:00 PM",0,9.3718,11.379
"1029","7/11/2025","5:00:00 PM",0,9.3704,11.325
"1030","7/11/2025","5:15:00 PM",0,9.3685,11.203
"1031","7/11/2025","5:30:00 PM",0,9.3662,11.068
"1032","7/11/2025","5:45:00 PM",0,9.3657,10.976
"1033","7/11/2025","6:00:00 PM",0,9.3643,10.897
"1034","7/11/2025","6:15:00 PM",0,9.3644,10.916
"1035","7/11/2025","6:30:00 PM",0,9.3636,10.831
"1036","7/11/2025","6:45:00 PM",0,9.3631,10.802
"1037","7/11/2025","7:00:00 PM",0,9.3632,10.819
"1038","7/11/2025","7:15:00 PM",0,9.3639,10.793
"1039","7/11/2025","7:30:00 PM",0,9.3644,10.784
"1040","7/11/2025","7:45:00 PM",0,9.3644,10.708
"1041","7/11/2025","8:00:00 PM",0,9.3655,10.621
"1042","7/11/2025","8:15:00 PM",0,9.3652,10.48
"1043","7/11/2025","8:30:00 PM",0,9.3653,10.242
"1044","7/11/2025","8:45:00 PM",0,9.3648,10.061
"1045","7/11/2025","9:00:00 PM",0,9.3653,9.964
"1046","7/11/2025","9:15:00 PM",0,9.3662,9.883
"1047","7/11/2025","9:30:00 PM",0,9.3675,9.788
"1048","7/11/2025","9:45:00 PM",0,9.369,9.693
"1049","7/11/2025","10:00:00 PM",0,9.3701,9.615
"1050","7/11/2025","10:15:00 PM",0,9.3714,9.592
"1051","7/11/2025","10:30:00 PM",0,9.3727,9.555
"1052","7/11/2025","10:45:00 PM",0,9.3744,9.53
"1053","7/11/2025","11:00:00 PM",0,9.3757,9.505
"1054","7/11/2025","11:15:00 PM",0,9.3756,9.458
"1055","7/11/2025","11:30:00 PM",0,9.3767,9.393
"1056","7/11/2025","11:45:00 PM",0,9.3779,9.319
"1057","7/12/2025","12:00:00 AM",0,9.3772,9.259
"1058","7/12/2025","12:15:00 AM",0,9.3762,9.215
"1059","7/12/2025","12:30:00 AM",0,9.3766,9.188
"1060","7/12/2025","12:45:00 AM",0,9.3761,9.164
"1061","7/12/2025","1:00:00 AM",0,9.3767,9.148
"1062","7/12/2025","1:15:00 AM",0,9.377,9.13
"1063","7/12/2025","1:30:00 AM",0,9.3766,9.113
"1064","7/12/2025","1:45:00 AM",0,9.3785,9.103
"1065","7/12/2025","2:00:00 AM",0,9.3792,9.082
"1066","7/12/2025","2:15:00 AM",0,9.3793,9.066
"1067","7/12/2025","2:30:00 AM",0,9.3792,9.058
"1068","7/12/2025","2:45:00 AM",0,9.3804,9.044
"1069","7/12/2025","3:00:00 AM",0,9.3809,9.028
"1070","7/12/2025","3:15:00 AM",0,9.381,9.026
"1071","7/12/2025","3:30:00 AM",0,9.3809,9.023
"1072","7/12/2025","3:45:00 AM",0,9.3809,9.01
"1073","7/12/2025","4:00:00 AM",0,9.381,8.994
"1074","7/12/2025","4:15:00 AM",0,9.3825,8.974
"1075","7/12/2025","4:30:00 AM",0,9.3834,8.959
"1076","7/12/2025","4:45:00 AM",0,9.383,8.954
"1077","7/12/2025","5:00:00 AM",0,9.3846,8.955
"1078","7/12/2025","5:15:00 AM",0,9.3855,8.947
"1079","7/12/2025","5:30:00 AM",0,9.3862,8.937
"1080","7/12/2025","5:45:00 AM",0,9.3868,8.932
"1081","7/12/2025","6:00:00 AM",0,9.3874,8.922
"1082","7/12/2025","6:15:00 AM",0,9.3884,8.914
"1083","7/12/2025","6:30:00 AM",0,9.3896,8.909
"1084","7/12/2025","6:45:00 AM",0,9.3899,8.908
"1085","7/12/2025","7:00:00 AM",0,9.3913,8.909
"1086","7/12/2025","7:15:00 AM",0,9.3922,8.914
"1087","7/12/2025","7:30:00 AM",0,9.3929,8.938
"1088","7/12/2025","7:45:00 AM",0,9.3935,8.99
"1089","7/12/2025","8:00:00 AM",0,9.3949,9.05
"1090","7/12/2025","8:15:00 AM",0,9.3957,9.12
"1091","7/12/2025","8:30:00 AM",0,9.3972,9.202
"1092","7/12/2025","8:45:00 AM",0,9.3982,9.28
"1093","7/12/2025","9:00:00 AM",0,9.3994,9.375
"1094","7/12/2025","9:15:00 AM",0,9.4002,9.463
"1095","7/12/2025","9:30:00 AM",0,9.4007,9.55
"1096","7/12/2025","9:45:00 AM",0,9.4015,9.702
"1097","7/12/2025","10:00:00 AM",0,9.4017,9.846
"1098","7/12/2025","10:15:00 AM",0,9.4017,9.972
"1099","7/12/2025","10:30:00 AM",0,9.4019,10.093
"1100","7/12/2025","10:45:00 AM",0,9.4028,10.234
"1101","7/12/2025","11:00:00 AM",0,9.4027,10.382
"1102","7/12/2025","11:15:00 AM",0,9.402,10.512
"1103","7/12/2025","11:30:00 AM",0,9.4025,10.677
"1104","7/12/2025","11:45:00 AM",0,9.401,10.749
"1105","7/12/2025","12:00:00 PM",0,9.4,10.809
"1106","7/12/2025","12:15:00 PM",0,9.3977,10.883
"1107","7/12/2025","12:30:00 PM",0,9.3957,10.97
"1108","7/12/2025","12:45:00 PM",0,9.3918,11.069
"1109","7/12/2025","1:00:00 PM",0,9.3903,11.147
"1110","7/12/2025","1:15:00 PM",0,9.3885,11.188
"1111","7/12/2025","1:30:00 PM",0,9.3878,11.245
"1112","7/12/2025","1:45:00 PM",0,9.386,11.296
"1113","7/12/2025","2:00:00 PM",0,9.386,11.364
"1114","7/12/2025","2:15:00 PM",0,9.3836,11.391
"1115","7/12/2025","2:30:00 PM",0,9.3821,11.404
"1116","7/12/2025","2:45:00 PM",0,9.3812,11.458
"1117","7/12/2025","3:00:00 PM",0,9.3803,11.468
"1118","7/12/2025","3:15:00 PM",0,9.3784,11.503
"1119","7/12/2025","3:30:00 PM",0,9.3766,11.487
"1120","7/12/2025","3:45:00 PM",0,9.3749,11.456
"1121","7/12/2025","4:00:00 PM",0,9.3746,11.569
"1122","7/12/2025","4:15:00 PM",0,9.3753,11.654
"1123","7/12/2025","4:30:00 PM",0,9.3746,11.612
"1124","7/12/2025","4:45:00 PM",0,9.373,11.555
"1125","7/12/2025","5:00:00 PM",0,9.371,11.491
"1126","7/12/2025","5:15:00 PM",0,9.3697,11.531
"1127","7/12/2025","5:30:00 PM",0,9.369,11.564
"1128","7/12/2025","5:45:00 PM",0,9.3661,11.377
"1129","7/12/2025","6:00:00 PM",0,9.3646,11.262
"1130","7/12/2025","6:15:00 PM",0,9.3651,11.336
"1131","7/12/2025","6:30:00 PM",0,9.3643,11.213
"1132","7/12/2025","6:45:00 PM",0,9.3636,11.151
"1133","7/12/2025","7:00:00 PM",0,9.3625,11.048
"1134","7/12/2025","7:15:00 PM",0,9.361,10.941
"1135","7/12/2025","7:30:00 PM",0,9.3594,10.766
"1136","7/12/2025","7:45:00 PM",0,9.3589,10.612
"1137","7/12/2025","8:00:00 PM",0,9.3587,10.54
"1138","7/12/2025","8:15:00 PM",0,9.3589,10.399
"1139","7/12/2025","8:30:00 PM",0,9.3595,10.216
"1140","7/12/2025","8:45:00 PM",0,9.3606,10.077
"1141","7/12/2025","9:00:00 PM",0,9.3616,9.986
"1142","7/12/2025","9:15:00 PM",0,9.3626,9.893
"1143","7/12/2025","9:30:00 PM",0,9.364,9.796
"1144","7/12/2025","9:45:00 PM",0,9.3652,9.704
"1145","7/12/2025","10:00:00 PM",0,9.367,9.653
"1146","7/12/2025","10:15:00 PM",0,9.3679,9.621
"1147","7/12/2025","10:30:00 PM",0,9.3693,9.612
"1148","7/12/2025","10:45:00 PM",0,9.3695,9.602
"1149","7/12/2025","11:00:00 PM",0,9.3698,9.546
"1150","7/12/2025","11:15:00 PM",0,9.3717,9.518
"1151","7/12/2025","11:30:00 PM",0,9.3735,9.467
"1152","7/12/2025","11:45:00 PM",0,9.3737,9.4
"1153","7/13/2025","12:00:00 AM",0,9.3747,9.352
"1154","7/13/2025","12:15:00 AM",0,9.3746,9.337
"1155","7/13/2025","12:30:00 AM",0,9.3734,9.3
"1156","7/13/2025","12:45:00 AM",0,9.3737,9.272
"1157","7/13/2025","1:00:00 AM",0,9.3734,9.265
"1158","7/13/2025","1:15:00 AM",0,9.3739,9.256
"1159","7/13/2025","1:30:00 AM",0,9.3743,9.246
"1160","7/13/2025","1:45:00 AM",0,9.3742,9.229
"1161","7/13/2025","2:00:00 AM",0,9.3735,9.204
"1162","7/13/2025","2:15:00 AM",0,9.3728,9.183
"1163","7/13/2025","2:30:00 AM",0,9.3722,9.166
"1164","7/13/2025","2:45:00 AM",0,9.372,9.165
"1165","7/13/2025","3:00:00 AM",0,9.3719,9.172
"1166","7/13/2025","3:15:00 AM",0,9.3709,9.147
"1167","7/13/2025","3:30:00 AM",0,9.3703,9.122
"1168","7/13/2025","3:45:00 AM",0,9.3711,9.105
"1169","7/13/2025","4:00:00 AM",0,9.3722,9.099
"1170","7/13/2025","4:15:00 AM",0,9.3727,9.082
"1171","7/13/2025","4:30:00 AM",0,9.3731,9.07
"1172","7/13/2025","4:45:00 AM",0,9.3736,9.058
"1173","7/13/2025","5:00:00 AM",0,9.3736,9.052
"1174","7/13/2025","5:15:00 AM",0,9.3738,9.047
"1175","7/13/2025","5:30:00 AM",0,9.3748,9.045
"1176","7/13/2025","5:45:00 AM",0,9.3758,9.038
"1177","7/13/2025","6:00:00 AM",0,9.3773,9.033
"1178","7/13/2025","6:15:00 AM",0,9.3783,9.025
"1179","7/13/2025","6:30:00 AM",0,9.38,9.018
"1180","7/13/2025","6:45:00 AM",0,9.3809,9.014
"1181","7/13/2025","7:00:00 AM",0,9.3821,9.018
"1182","7/13/2025","7:15:00 AM",0,9.3828,9.031
"1183","7/13/2025","7:30:00 AM",0,9.3834,9.059
"1184","7/13/2025","7:45:00 AM",0,9.3845,9.106
"1185","7/13/2025","8:00:00 AM",0,9.3854,9.165
"1186","7/13/2025","8:15:00 AM",0,9.3869,9.235
"1187","7/13/2025","8:30:00 AM",0,9.388,9.309
"1188","7/13/2025","8:45:00 AM",0,9.389,9.389
"1189","7/13/2025","9:00:00 AM",0,9.39,9.49
"1190","7/13/2025","9:15:00 AM",0,9.392,9.593
"1191","7/13/2025","9:30:00 AM",0,9.393,9.687
"1192","7/13/2025","9:45:00 AM",0,9.3934,9.784
"1193","7/13/2025","10:00:00 AM",0,9.394,9.914
"1194","7/13/2025","10:15:00 AM",0,9.3944,10.051
"1195","7/13/2025","10:30:00 AM",0,9.3949,10.218
"1196","7/13/2025","10:45:00 AM",0,9.3953,10.362
"1197","7/13/2025","11:00:00 AM",0,9.3954,10.497
"1198","7/13/2025","11:15:00 AM",0,9.3951,10.632
"1199","7/13/2025","11:30:00 AM",0,9.3943,10.73
"1200","7/13/2025","11:45:00 AM",0,9.3928,10.855
"1201","7/13/2025","12:00:00 PM",0,9.3925,10.967
"1202","7/13/2025","12:15:00 PM",0,9.3911,11.081
"1203","7/13/2025","12:30:00 PM",0,9.3904,11.188
"1204","7/13/2025","12:45:00 PM",0,9.3894,11.295
"1205","7/13/2025","1:00:00 PM",0,9.3855,11.383
"1206","7/13/2025","1:15:00 PM",0,9.3842,11.459
"1207","7/13/2025","1:30:00 PM",0,9.3823,11.521
"1208","7/13/2025","1:45:00 PM",0,9.3816,11.659
"1209","7/13/2025","2:00:00 PM",0,9.3805,11.743
"1210","7/13/2025","2:15:00 PM",0,9.3782,11.713
"1211","7/13/2025","2:30:00 PM",0,9.3778,11.768
"1212","7/13/2025","2:45:00 PM",0,9.3762,11.722
"1213","7/13/2025","3:00:00 PM",0,9.3748,11.742
"1214","7/13/2025","3:15:00 PM",0,9.3749,11.973
"1215","7/13/2025","3:30:00 PM",0,9.3768,12.269
"1216","7/13/2025","3:45:00 PM",0,9.3773,12.369
"1217","7/13/2025","4:00:00 PM",0,9.3753,12.347
"1218","7/13/2025","4:15:00 PM",0,9.3754,12.412
"1219","7/13/2025","4:30:00 PM",0,9.3732,12.354
"1220","7/13/2025","4:45:00 PM",0,9.3717,12.356
"1221","7/13/2025","5:00:00 PM",0,9.3703,12.31
"1222","7/13/2025","5:15:00 PM",0,9.3688,12.197
"1223","7/13/2025","5:30:00 PM",0,9.368,12.151
"1224","7/13/2025","5:45:00 PM",0,9.3669,12.083
"1225","7/13/2025","6:00:00 PM",0,9.3647,11.894
"1226","7/13/2025","6:15:00 PM",0,9.3636,11.779
"1227","7/13/2025","6:30:00 PM",0,9.3615,11.586
"1228","7/13/2025","6:45:00 PM",0,9.3604,11.394
"1229","7/13/2025","7:00:00 PM",0,9.3603,11.324
"1230","7/13/2025","7:15:00 PM",0,9.3614,11.315
"1231","7/13/2025","7:30:00 PM",0,9.3618,11.199
"1232","7/13/2025","7:45:00 PM",0,9.3614,11.067
"1233","7/13/2025","8:00:00 PM",0,9.3618,10.886
"1234","7/13/2025","8:15:00 PM",0,9.3628,10.682
"1235","7/13/2025","8:30:00 PM",0,9.3627,10.477
"1236","7/13/2025","8:45:00 PM",0,9.3634,10.296
"1237","7/13/2025","9:00:00 PM",0,9.3651,10.203
"1238","7/13/2025","9:15:00 PM",0,9.3658,10.081
"1239","7/13/2025","9:30:00 PM",0,9.366,9.993
"1240","7/13/2025","9:45:00 PM",0,9.3678,10.063
"1241","7/13/2025","10:00:00 PM",0,9.3708,10.097
"1242","7/13/2025","10:15:00 PM",0,9.3729,10.033
"1243","7/13/2025","10:30:00 PM",0,9.3741,9.884
"1244","7/13/2025","10:45:00 PM",0,9.3752,9.785
"1245","7/13/2025","11:00:00 PM",0,9.3755,9.686
"1246","7/13/2025","11:15:00 PM",0,9.3757,9.595
"1247","7/13/2025","11:30:00 PM",0,9.3745,9.531
"1248","7/13/2025","11:45:00 PM",0,9.3755,9.53
"1249","7/14/2025","12:00:00 AM",0,9.376,9.544
"1250","7/14/2025","12:15:00 AM",0,9.3755,9.528
"1251","7/14/2025","12:30:00 AM",0,9.3761,9.519
"1252","7/14/2025","12:45:00 AM",0,9.3746,9.482
"1253","7/14/2025","1:00:00 AM",0,9.3748,9.439
"1254","7/14/2025","1:15:00 AM",0,9.3737,9.377
"1255","7/14/2025","1:30:00 AM",0,9.375,9.35
"1256","7/14/2025","1:45:00 AM",0,9.3754,9.323
"1257","7/14/2025","2:00:00 AM",0,9.3754,9.308
"1258","7/14/2025","2:15:00 AM",0,9.3749,9.266
"1259","7/14/2025","2:30:00 AM",0,9.3743,9.234
"1260","7/14/2025","2:45:00 AM",0,9.3742,9.216
"1261","7/14/2025","3:00:00 AM",0,9.3731,9.196
"1262","7/14/2025","3:15:00 AM",0,9.373,9.181
"1263","7/14/2025","3:30:00 AM",0,9.3737,9.185
"1264","7/14/2025","3:45:00 AM",0,9.3726,9.169
"1265","7/14/2025","4:00:00 AM",0,9.3733,9.167
"1266","7/14/2025","4:15:00 AM",0,9.3744,9.154
"1267","7/14/2025","4:30:00 AM",0,9.3735,9.143
"1268","7/14/2025","4:45:00 AM",0,9.3747,9.128
"1269","7/14/2025","5:00:00 AM",0,9.375,9.122
"1270","7/14/2025","5:15:00 AM",0,9.375,9.115
"1271","7/14/2025","5:30:00 AM",0,9.3756,9.106
"1272","7/14/2025","5:45:00 AM",0,9.3762,9.092
"1273","7/14/2025","6:00:00 AM",0,9.377,9.081
"1274","7/14/2025","6:15:00 AM",0,9.3784,9.097
"1275","7/14/2025","6:30:00 AM",0,9.3789,9.079
"1276","7/14/2025","6:45:00 AM",0,9.3801,9.063
"1277","7/14/2025","7:00:00 AM",0,9.3807,9.057
"1278","7/14/2025","7:15:00 AM",0,9.3812,9.061
"1279","7/14/2025","7:30:00 AM",0,9.382,9.083
"1280","7/14/2025","7:45:00 AM",0,9.3828,9.105
"1281","7/14/2025","8:00:00 AM",0,9.3828,9.139
"1282","7/14/2025","8:15:00 AM",0,9.3842,9.196
"1283","7/14/2025","8:30:00 AM",0,9.3849,9.272
"1284","7/14/2025","8:45:00 AM",0,9.386,9.37
"1285","7/14/2025","9:00:00 AM",0,9.388,9.475
"1286","7/14/2025","9:15:00 AM",0,9.3899,9.586
"1287","7/14/2025","9:30:00 AM",0,9.3897,9.679
"1288","7/14/2025","9:45:00 AM",0,9.3913,9.83
"1289","7/14/2025","10:00:00 AM",0,9.3909,10.029
"1290","7/14/2025","10:15:00 AM",0,9.3904,10.156
"1291","7/14/2025","10:30:00 AM",0,9.3896,10.3
"1292","7/14/2025","10:45:00 AM",0,9.3892,10.438
"1293","7/14/2025","11:00:00 AM",0,9.3888,10.588
"1294","7/14/2025","11:15:00 AM",0,9.3889,10.757
"1295","7/14/2025","11:30:00 AM",0,9.3877,10.922
"1296","7/14/2025","11:45:00 AM",0,9.3879,11.141
"1297","7/14/2025","12:00:00 PM",0,9.3863,11.315
"1298","7/14/2025","12:15:00 PM",0,9.381,11.46
"1299","7/14/2025","12:30:00 PM",0,9.3789,11.517
"1300","7/14/2025","12:45:00 PM",0,9.3764,11.547
"1301","7/14/2025","1:00:00 PM",0,9.3772,11.753
"1302","7/14/2025","1:15:00 PM",0,9.3755,11.899
"1303","7/14/2025","1:30:00 PM",0,9.3739,11.988
"1304","7/14/2025","1:45:00 PM",0,9.3729,12.072
"1305","7/14/2025","2:00:00 PM",0,9.372,12.207
"1306","7/14/2025","2:15:00 PM",0,9.3702,12.277
"1307","7/14/2025","2:30:00 PM",0,9.3696,12.341
"1308","7/14/2025","2:45:00 PM",0,9.3689,12.435
"1309","7/14/2025","3:00:00 PM",0,9.365,12.405
"1310","7/14/2025","3:15:00 PM",0,9.3642,12.416
"1311","7/14/2025","3:30:00 PM",0,9.3627,12.456
"1312","7/14/2025","3:45:00 PM",0,9.361,12.465
"1313","7/14/2025","4:00:00 PM",0,9.3601,12.429
"1314","7/14/2025","4:15:00 PM",0,9.3586,12.399
"1315","7/14/2025","4:30:00 PM",0,9.3585,12.338
"1316","7/14/2025","4:45:00 PM",0,9.3558,12.215
"1317","7/14/2025","5:00:00 PM",0,9.3546,12.078
"1318","7/14/2025","5:15:00 PM",0,9.3515,11.93
"1319","7/14/2025","5:30:00 PM",0,9.3475,11.616
"1320","7/14/2025","5:45:00 PM",0,9.3464,11.508
"1321","7/14/2025","6:00:00 PM",0,9.3449,11.458
"1322","7/14/2025","6:15:00 PM",0,9.3435,11.34
"1323","7/14/2025","6:30:00 PM",0,9.3434,11.365
"1324","7/14/2025","6:45:00 PM",0,9.3412,11.239
"1325","7/14/2025","7:00:00 PM",0,9.3391,11.004
"1326","7/14/2025","7:15:00 PM",0,9.3389,10.873
"1327","7/14/2025","7:30:00 PM",0,9.3386,10.802
"1328","7/14/2025","7:45:00 PM",0,9.3388,10.772
"1329","7/14/2025","8:00:00 PM",0,9.3386,10.636
"1330","7/14/2025","8:15:00 PM",0,9.3377,10.492
"1331","7/14/2025","8:30:00 PM",0,9.3383,10.45
"1332","7/14/2025","8:45:00 PM",0,9.3388,10.28
"1333","7/14/2025","9:00:00 PM",0,9.3395,10.063
"1334","7/14/2025","9:15:00 PM",0,9.3404,9.933
"1335","7/14/2025","9:30:00 PM",0,9.344,10.151
"1336","7/14/2025","9:45:00 PM",0,9.3452,10.242
"1337","7/14/2025","10:00:00 PM",0,9.3447,10.037
"1338","7/14/2025","10:15:00 PM",0,9.3456,9.77
"1339","7/14/2025","10:30:00 PM",0,9.3454,9.629
"1340","7/14/2025","10:45:00 PM",0,9.3456,9.562
"1341","7/14/2025","11:00:00 PM",0,9.3469,9.497
"1342","7/14/2025","11:15:00 PM",0,9.3472,9.446
"1343","7/14/2025","11:30:00 PM",0,9.347,9.384
"1344","7/14/2025","11:45:00 PM",0,9.3466,9.341
"1345","7/15/2025","12:00:00 AM",0,9.3469,9.292
"1346","7/15/2025","12:15:00 AM",0,9.3478,9.261
"1347","7/15/2025","12:30:00 AM",0,9.3478,9.227
"1348","7/15/2025","12:45:00 AM",0,9.3484,9.199
"1349","7/15/2025","1:00:00 AM",0,9.3475,9.19
"1350","7/15/2025","1:15:00 AM",0,9.3478,9.18
"1351","7/15/2025","1:30:00 AM",0,9.3482,9.16
"1352","7/15/2025","1:45:00 AM",0,9.3479,9.132
"1353","7/15/2025","2:00:00 AM",0,9.3478,9.128
"1354","7/15/2025","2:15:00 AM",0,9.3477,9.119
"1355","7/15/2025","2:30:00 AM",0,9.347,9.119
"1356","7/15/2025","2:45:00 AM",0,9.3461,9.104
"1357","7/15/2025","3:00:00 AM",0,9.346,9.097
"1358","7/15/2025","3:15:00 AM",0,9.3449,9.093
"1359","7/15/2025","3:30:00 AM",0,9.3442,9.076
"1360","7/15/2025","3:45:00 AM",0,9.3444,9.063
"1361","7/15/2025","4:00:00 AM",0,9.3439,9.056
"1362","7/15/2025","4:15:00 AM",0,9.3431,9.046
"1363","7/15/2025","4:30:00 AM",0,9.3424,9.023
"1364","7/15/2025","4:45:00 AM",0,9.3416,9.005
"1365","7/15/2025","5:00:00 AM",0,9.3414,9
"1366","7/15/2025","5:15:00 AM",0,9.3409,8.994
"1367","7/15/2025","5:30:00 AM",0,9.3407,8.994
"1368","7/15/2025","5:45:00 AM",0,9.3406,8.996
"1369","7/15/2025","6:00:00 AM",0,9.3414,8.989
"1370","7/15/2025","6:15:00 AM",0,9.342,9.004
"1371","7/15/2025","6:30:00 AM",0,9.3428,8.991
"1372","7/15/2025","6:45:00 AM",0,9.343,8.988
"1373","7/15/2025","7:00:00 AM",0,9.344,8.985
"1374","7/15/2025","7:15:00 AM",0,9.3437,8.993
"1375","7/15/2025","7:30:00 AM",0,9.3441,9.018
"1376","7/15/2025","7:45:00 AM",0,9.3451,9.068
"1377","7/15/2025","8:00:00 AM",0,9.3458,9.129
"1378","7/15/2025","8:15:00 AM",0,9.3471,9.208
"1379","7/15/2025","8:30:00 AM",0,9.3478,9.3
"1380","7/15/2025","8:45:00 AM",0,9.3472,9.367
"1381","7/15/2025","9:00:00 AM",0,9.3479,9.447
"1382","7/15/2025","9:15:00 AM",0,9.348,9.534
"1383","7/15/2025","9:30:00 AM",0,9.3479,9.625
"1384","7/15/2025","9:45:00 AM",0,9.3473,9.728
"1385","7/15/2025","10:00:00 AM",0,9.3471,9.868
"1386","7/15/2025","10:15:00 AM",0,9.3466,10.006
"1387","7/15/2025","10:30:00 AM",0,9.3472,10.143
"1388","7/15/2025","10:45:00 AM",0,9.3478,10.288
"1389","7/15/2025","11:00:00 AM",0,9.3478,10.429
"1390","7/15/2025","11:15:00 AM",0,9.3472,10.536
"1391","7/15/2025","11:30:00 AM",0,9.3434,10.634
"1392","7/15/2025","11:45:00 AM",0,9.3426,10.786
"1393","7/15/2025","12:00:00 PM",0,9.3421,10.928
"1394","7/15/2025","12:15:00 PM",0,9.3412,11.007
"1395","7/15/2025","12:30:00 PM",0,9.3401,11.066
"1396","7/15/2025","12:45:00 PM",0,9.34,11.159
"1397","7/15/2025","1:00:00 PM",0,9.3397,11.268
"1398","7/15/2025","1:15:00 PM",0,9.3398,11.384
"1399","7/15/2025","1:30:00 PM",0,9.339,11.426
"1400","7/15/2025","1:45:00 PM",0,9.3381,11.483
"1401","7/15/2025","2:00:00 PM",0,9.3356,11.471
"1402","7/15/2025","2:15:00 PM",0,9.3338,11.487
"1403","7/15/2025","2:30:00 PM",0,9.3326,11.534
"1404","7/15/2025","2:45:00 PM",0,9.3293,11.474
"1405","7/15/2025","3:00:00 PM",0,9.3278,11.457
"1406","7/15/2025","3:15:00 PM",0,9.3272,11.538
"1407","7/15/2025","3:30:00 PM",0,9.3259,11.566
"1408","7/15/2025","3:45:00 PM",0,9.3228,11.386
"1409","7/15/2025","4:00:00 PM",0,9.321,11.328
"1410","7/15/2025","4:15:00 PM",0,9.3205,11.344
"1411","7/15/2025","4:30:00 PM",0,9.3191,11.277
"1412","7/15/2025","4:45:00 PM",0,9.3179,11.189
"1413","7/15/2025","5:00:00 PM",0,9.3173,11.184
"1414","7/15/2025","5:15:00 PM",0,9.3155,11.061
"1415","7/15/2025","5:30:00 PM",0,9.3148,11.064
"1416","7/15/2025","5:45:00 PM",0,9.3125,10.879
"1417","7/15/2025","6:00:00 PM",0,9.3102,10.73
"1418","7/15/2025","6:15:00 PM",0,9.3112,10.771
"1419","7/15/2025","6:30:00 PM",0,9.3142,10.937
"1420","7/15/2025","6:45:00 PM",0,9.315,10.969
"1421","7/15/2025","7:00:00 PM",0,9.3168,11.017
"1422","7/15/2025","7:15:00 PM",0,9.3183,10.997
"1423","7/15/2025","7:30:00 PM",0,9.319,10.937
"1424","7/15/2025","7:45:00 PM",0,9.3196,10.813
"1425","7/15/2025","8:00:00 PM",0,9.3185,10.533
"1426","7/15/2025","8:15:00 PM",0,9.318,10.281
"1427","7/15/2025","8:30:00 PM",0,9.3181,10.072
"1428","7/15/2025","8:45:00 PM",0,9.3196,9.952
"1429","7/15/2025","9:00:00 PM",0,9.3204,9.81
"1430","7/15/2025","9:15:00 PM",0,9.3215,9.683
"1431","7/15/2025","9:30:00 PM",0,9.3227,9.584
"1432","7/15/2025","9:45:00 PM",0,9.3258,9.529
"1433","7/15/2025","10:00:00 PM",0,9.327,9.49
"1434","7/15/2025","10:15:00 PM",0,9.3278,9.424
"1435","7/15/2025","10:30:00 PM",0,9.329,9.371
"1436","7/15/2025","10:45:00 PM",0,9.3295,9.329
"1437","7/15/2025","11:00:00 PM",0,9.3298,9.295
"1438","7/15/2025","11:15:00 PM",0,9.3304,9.266
"1439","7/15/2025","11:30:00 PM",0,9.3307,9.248
"1440","7/15/2025","11:45:00 PM",0,9.331,9.23
"1441","7/16/2025","12:00:00 AM",0,9.3319,9.208
"1442","7/16/2025","12:15:00 AM",0,9.3321,9.195
"1443","7/16/2025","12:30:00 AM",0,9.3323,9.183
"1444","7/16/2025","12:45:00 AM",0,9.332,9.17
"1445","7/16/2025","1:00:00 AM",0,9.3318,9.149
"1446","7/16/2025","1:15:00 AM",0,9.3309,9.124
"1447","7/16/2025","1:30:00 AM",0,9.3303,9.118
"1448","7/16/2025","1:45:00 AM",0,9.3306,9.11
"1449","7/16/2025","2:00:00 AM",0,9.3303,9.109
"1450","7/16/2025","2:15:00 AM",0,9.3318,9.103
"1451","7/16/2025","2:30:00 AM",0,9.3322,9.095
"1452","7/16/2025","2:45:00 AM",0,9.3327,9.1
"1453","7/16/2025","3:00:00 AM",0,9.3329,9.102
"1454","7/16/2025","3:15:00 AM",0,9.3336,9.103
"1455","7/16/2025","3:30:00 AM",0,9.3339,9.094
"1456","7/16/2025","3:45:00 AM",0,9.3338,9.066
"1457","7/16/2025","4:00:00 AM",0,9.3327,9.041
"1458","7/16/2025","4:15:00 AM",0,9.3332,9.032
"1459","7/16/2025","4:30:00 AM",0,9.3331,9.027
"1460","7/16/2025","4:45:00 AM",0,9.3334,9.026
"1461","7/16/2025","5:00:00 AM",0,9.3348,9.019
"1462","7/16/2025","5:15:00 AM",0,9.3349,9.021
"1463","7/16/2025","5:30:00 AM",0,9.3362,9.015
"1464","7/16/2025","5:45:00 AM",0,9.337,9.017
"1465","7/16/2025","6:00:00 AM",0,9.3376,9.018
"1466","7/16/2025","6:15:00 AM",0,9.3381,9.017
"1467","7/16/2025","6:30:00 AM",0,9.3391,9.024
"1468","7/16/2025","6:45:00 AM",0,9.3394,9.033
"1469","7/16/2025","7:00:00 AM",0,9.34,9.04
"1470","7/16/2025","7:15:00 AM",0,9.3396,9.042
"1471","7/16/2025","7:30:00 AM",0,9.3398,9.05
"1472","7/16/2025","7:45:00 AM",0,9.3412,9.072
"1473","7/16/2025","8:00:00 AM",0,9.3413,9.11
"1474","7/16/2025","8:15:00 AM",0,9.342,9.164
"1475","7/16/2025","8:30:00 AM",0,9.3432,9.232
"1476","7/16/2025","8:45:00 AM",0,9.345,9.304
"1477","7/16/2025","9:00:00 AM",0,9.3459,9.39
"1478","7/16/2025","9:15:00 AM",0,9.3464,9.478
"1479","7/16/2025","9:30:00 AM",0,9.3466,9.555
"1480","7/16/2025","9:45:00 AM",0,9.3471,9.653
"1481","7/16/2025","10:00:00 AM",0,9.347,9.764
"1482","7/16/2025","10:15:00 AM",0,9.3471,9.879
"1483","7/16/2025","10:30:00 AM",0,9.3476,10.009
"1484","7/16/2025","10:45:00 AM",0,9.3485,10.162
"1485","7/16/2025","11:00:00 AM",0,9.3486,10.28
"1486","7/16/2025","11:15:00 AM",0,9.3488,10.397
"1487","7/16/2025","11:30:00 AM",0,9.3486,10.542
"1488","7/16/2025","11:45:00 AM",0,9.3495,10.691
"1489","7/16/2025","12:00:00 PM",0,9.3497,10.843
"1490","7/16/2025","12:15:00 PM",0,9.3501,10.971
"1491","7/16/2025","12:30:00 PM",0,9.349,11.046
"1492","7/16/2025","12:45:00 PM",0,9.348,11.079
"1493","7/16/2025","1:00:00 PM",0,9.344,11.145
"1494","7/16/2025","1:15:00 PM",0,9.3415,11.263
"1495","7/16/2025","1:30:00 PM",0,9.3403,11.309
"1496","7/16/2025","1:45:00 PM",0,9.3397,11.397
"1497","7/16/2025","2:00:00 PM",0,9.3379,11.416
"1498","7/16/2025","2:15:00 PM",0,9.3377,11.472
"1499","7/16/2025","2:30:00 PM",0,9.3357,11.514
"1500","7/16/2025","2:45:00 PM",0,9.335,11.537
"1501","7/16/2025","3:00:00 PM",0,9.3332,11.476
"1502","7/16/2025","3:15:00 PM",0,9.332,11.488
"1503","7/16/2025","3:30:00 PM",0,9.3305,11.43
"1504","7/16/2025","3:45:00 PM",0,9.3293,11.443
"1505","7/16/2025","4:00:00 PM",0,9.3289,11.489
"1506","7/16/2025","4:15:00 PM",0,9.3279,11.411
"1507","7/16/2025","4:30:00 PM",0,9.3255,11.296
"1508","7/16/2025","4:45:00 PM",0,9.3248,11.241
"1509","7/16/2025","5:00:00 PM",0,9.3232,11.206
"1510","7/16/2025","5:15:00 PM",0,9.3227,11.186
"1511","7/16/2025","5:30:00 PM",0,9.3218,11.172
"1512","7/16/2025","5:45:00 PM",0,9.3204,11.076
"1513","7/16/2025","6:00:00 PM",0,9.3192,11.008
"1514","7/16/2025","6:15:00 PM",0,9.3173,10.901
"1515","7/16/2025","6:30:00 PM",0,9.3164,10.815
"1516","7/16/2025","6:45:00 PM",0,9.3157,10.7
"1517","7/16/2025","7:00:00 PM",0,9.3151,10.522
"1518","7/16/2025","7:15:00 PM",0,9.3151,10.288
"1519","7/16/2025","7:30:00 PM",0,9.315,10.045
"1520","7/16/2025","7:45:00 PM",0,9.3159,9.846
"1521","7/16/2025","8:00:00 PM",0,9.3171,9.693
"1522","7/16/2025","8:15:00 PM",0,9.3176,9.595
"1523","7/16/2025","8:30:00 PM",0,9.3182,9.529
"1524","7/16/2025","8:45:00 PM",0,9.3187,9.492
"1525","7/16/2025","9:00:00 PM",0,9.3198,9.441
"1526","7/16/2025","9:15:00 PM",0,9.322,9.413
"1527","7/16/2025","9:30:00 PM",0,9.3236,9.378
"1528","7/16/2025","9:45:00 PM",0,9.3259,9.364
"1529","7/16/2025","10:00:00 PM",0,9.3275,9.33
"1530","7/16/2025","10:15:00 PM",0,9.3299,9.303
"1531","7/16/2025","10:30:00 PM",0,9.3303,9.311
"1532","7/16/2025","10:45:00 PM",0,9.3299,9.283
"1533","7/16/2025","11:00:00 PM",0,9.3299,9.239
"1534","7/16/2025","11:15:00 PM",0,9.3305,9.212
"1535","7/16/2025","11:30:00 PM",0,9.3311,9.184
"1536","7/16/2025","11:45:00 PM",0,9.3313,9.159
"1537","7/17/2025","12:00:00 AM",0,9.3312,9.147
"1538","7/17/2025","12:15:00 AM",0,9.3313,9.128
"1539","7/17/2025","12:30:00 AM",0,9.3314,9.106
"1540","7/17/2025","12:45:00 AM",0,9.3313,9.095
"1541","7/17/2025","1:00:00 AM",0,9.3313,9.097
"1542","7/17/2025","1:15:00 AM",0,9.3314,9.093
"1543","7/17/2025","1:30:00 AM",0,9.3311,9.074
"1544","7/17/2025","1:45:00 AM",0,9.3312,9.072
"1545","7/17/2025","2:00:00 AM",0,9.332,9.081
"1546","7/17/2025","2:15:00 AM",0,9.3325,9.078
"1547","7/17/2025","2:30:00 AM",0,9.3329,9.057
"1548","7/17/2025","2:45:00 AM",0,9.333,9.041
"1549","7/17/2025","3:00:00 AM",0,9.333,9.029
"1550","7/17/2025","3:15:00 AM",0,9.3332,9.021
"1551","7/17/2025","3:30:00 AM",0,9.3327,9.006
"1552","7/17/2025","3:45:00 AM",0,9.3327,8.993
"1553","7/17/2025","4:00:00 AM",0,9.3333,9.004
"1554","7/17/2025","4:15:00 AM",0,9.3327,8.996
"1555","7/17/2025","4:30:00 AM",0,9.3319,8.991
"1556","7/17/2025","4:45:00 AM",0,9.3323,8.981
"1557","7/17/2025","5:00:00 AM",0,9.3333,8.98
"1558","7/17/2025","5:15:00 AM",0,9.3329,8.966
"1559","7/17/2025","5:30:00 AM",0,9.3335,8.956
"1560","7/17/2025","5:45:00 AM",0,9.3339,8.951
"1561","7/17/2025","6:00:00 AM",0,9.3339,8.949
"1562","7/17/2025","6:15:00 AM",0,9.3347,8.948
"1563","7/17/2025","6:30:00 AM",0,9.3347,8.95
"1564","7/17/2025","6:45:00 AM",0,9.3352,8.956
"1565","7/17/2025","7:00:00 AM",0,9.336,8.969
"1566","7/17/2025","7:15:00 AM",0,9.3365,8.979
"1567","7/17/2025","7:30:00 AM",0,9.3368,8.993
"1568","7/17/2025","7:45:00 AM",0,9.3384,9.027
"1569","7/17/2025","8:00:00 AM",0,9.3398,9.084
"1570","7/17/2025","8:15:00 AM",0,9.3408,9.148
"1571","7/17/2025","8:30:00 AM",0,9.3432,9.227
"1572","7/17/2025","8:45:00 AM",0,9.3434,9.309
"1573","7/17/2025","9:00:00 AM",0,9.346,9.402
"1574","7/17/2025","9:15:00 AM",0,9.3473,9.511
"1575","7/17/2025","9:30:00 AM",0,9.3483,9.612
"1576","7/17/2025","9:45:00 AM",0,9.3496,9.71
"1577","7/17/2025","10:00:00 AM",0,9.3502,9.812
"1578","7/17/2025","10:15:00 AM",0,9.3511,9.934
"1579","7/17/2025","10:30:00 AM",0,9.3514,10.081
"1580","7/17/2025","10:45:00 AM",0,9.3519,10.206
"1581","7/17/2025","11:00:00 AM",0,9.353,10.341
"1582","7/17/2025","11:15:00 AM",0,9.3542,10.503
"1583","7/17/2025","11:30:00 AM",0,9.3549,10.684
"1584","7/17/2025","11:45:00 AM",0,9.354,10.771
"1585","7/17/2025","12:00:00 PM",0,9.3531,10.834
"1586","7/17/2025","12:15:00 PM",0,9.3527,10.874
"1587","7/17/2025","12:30:00 PM",0,9.3523,10.985
"1588","7/17/2025","12:45:00 PM",0,9.3521,11.141
"1589","7/17/2025","1:00:00 PM",0,9.3508,11.159
"1590","7/17/2025","1:15:00 PM",0,9.3493,11.188
"1591","7/17/2025","1:30:00 PM",0,9.3456,11.228
"1592","7/17/2025","1:45:00 PM",0,9.3444,11.244
"1593","7/17/2025","2:00:00 PM",0,9.3433,11.4
"1594","7/17/2025","2:15:00 PM",0,9.3437,11.517
"1595","7/17/2025","2:30:00 PM",0,9.3425,11.538
"1596","7/17/2025","2:45:00 PM",0,9.3416,11.562
"1597","7/17/2025","3:00:00 PM",0,9.3412,11.601
"1598","7/17/2025","3:15:00 PM",0,9.3403,11.596
"1599","7/17/2025","3:30:00 PM",0,9.3381,11.464
"1600","7/17/2025","3:45:00 PM",0,9.3363,11.432
"1601","7/17/2025","4:00:00 PM",0,9.3353,11.364
"1602","7/17/2025","4:15:00 PM",0,9.3336,11.276
"1603","7/17/2025","4:30:00 PM",0,9.3324,11.195
"1604","7/17/2025","4:45:00 PM",0,9.3306,11.154
"1605","7/17/2025","5:00:00 PM",0,9.3289,11.056
"1606","7/17/2025","5:15:00 PM",0,9.3273,10.909
"1607","7/17/2025","5:30:00 PM",0,9.3273,10.893
"1608","7/17/2025","5:45:00 PM",0,9.3253,10.717
"1609","7/17/2025","6:00:00 PM",0,9.3236,10.407
"1610","7/17/2025","6:15:00 PM",0,9.3224,10.168
"1611","7/17/2025","6:30:00 PM",0,9.3235,10.05
"1612","7/17/2025","6:45:00 PM",0,9.3249,9.96
"1613","7/17/2025","7:00:00 PM",0,9.3262,9.934
"1614","7/17/2025","7:15:00 PM",0,9.3282,9.863
"1615","7/17/2025","7:30:00 PM",0,9.3283,9.77
"1616","7/17/2025","7:45:00 PM",0,9.329,9.674
"1617","7/17/2025","8:00:00 PM",0,9.3295,9.588
"1618","7/17/2025","8:15:00 PM",0,9.3303,9.508
"1619","7/17/2025","8:30:00 PM",0,9.3319,9.46
"1620","7/17/2025","8:45:00 PM",0,9.3325,9.413
"1621","7/17/2025","9:00:00 PM",0,9.3349,9.405
"1622","7/17/2025","9:15:00 PM",0,9.3367,9.388
"1623","7/17/2025","9:30:00 PM",0,9.3383,9.354
"1624","7/17/2025","9:45:00 PM",0,9.3402,9.321
"1625","7/17/2025","10:00:00 PM",0,9.3408,9.295
"1626","7/17/2025","10:15:00 PM",0,9.3426,9.276
"1627","7/17/2025","10:30:00 PM",0,9.3434,9.253
"1628","7/17/2025","10:45:00 PM",0,9.343,9.239
"1629","7/17/2025","11:00:00 PM",0,9.344,9.229
"1630","7/17/2025","11:15:00 PM",0,9.3445,9.22
"1631","7/17/2025","11:30:00 PM",0,9.3466,9.207
"1632","7/17/2025","11:45:00 PM",0,9.3472,9.197
"1633","7/18/2025","12:00:00 AM",0,9.3487,9.181
"1634","7/18/2025","12:15:00 AM",0,9.3488,9.161
"1635","7/18/2025","12:30:00 AM",0,9.35,9.164
"1636","7/18/2025","12:45:00 AM",0,9.3509,9.165
"1637","7/18/2025","1:00:00 AM",0,9.3511,9.154
"1638","7/18/2025","1:15:00 AM",0,9.3519,9.149
"1639","7/18/2025","1:30:00 AM",0,9.3512,9.122
"1640","7/18/2025","1:45:00 AM",0,9.3517,9.108
"1641","7/18/2025","2:00:00 AM",0,9.3522,9.117
"1642","7/18/2025","2:15:00 AM",0,9.353,9.133
"1643","7/18/2025","2:30:00 AM",0,9.3536,9.17
"1644","7/18/2025","2:45:00 AM",0,9.3537,9.171
"1645","7/18/2025","3:00:00 AM",0,9.3542,9.187
"1646","7/18/2025","3:15:00 AM",0,9.3541,9.175
"1647","7/18/2025","3:30:00 AM",0,9.3539,9.149
"1648","7/18/2025","3:45:00 AM",0,9.3534,9.132
"1649","7/18/2025","4:00:00 AM",0,9.3534,9.116
"1650","7/18/2025","4:15:00 AM",0,9.3537,9.097
"1651","7/18/2025","4:30:00 AM",0,9.3545,9.078
"1652","7/18/2025","4:45:00 AM",0,9.3555,9.055
"1653","7/18/2025","5:00:00 AM",0,9.3561,9.036
"1654","7/18/2025","5:15:00 AM",0,9.3573,9.011
"1655","7/18/2025","5:30:00 AM",0,9.3581,8.992
"1656","7/18/2025","5:45:00 AM",0,9.3594,8.972
"1657","7/18/2025","6:00:00 AM",0,9.3606,8.953
"1658","7/18/2025","6:15:00 AM",0,9.3628,8.94
"1659","7/18/2025","6:30:00 AM",0,9.3642,8.943
"1660","7/18/2025","6:45:00 AM",0,9.3649,8.944
"1661","7/18/2025","7:00:00 AM",0,9.3649,8.952
"1662","7/18/2025","7:15:00 AM",0,9.3663,8.957
"1663","7/18/2025","7:30:00 AM",0,9.3668,8.979
"1664","7/18/2025","7:45:00 AM",0,9.3683,9.021
"1665","7/18/2025","8:00:00 AM",0,9.3696,9.077
"1666","7/18/2025","8:15:00 AM",0,9.3711,9.138
"1667","7/18/2025","8:30:00 AM",0,9.3725,9.209
"1668","7/18/2025","8:45:00 AM",0,9.3745,9.285
"1669","7/18/2025","9:00:00 AM",0,9.3755,9.38
"1670","7/18/2025","9:15:00 AM",0,9.3764,9.506
"1671","7/18/2025","9:30:00 AM",0,9.3767,9.583
"1672","7/18/2025","9:45:00 AM",0,9.3771,9.666
"1673","7/18/2025","10:00:00 AM",0,9.378,9.77
"1674","7/18/2025","10:15:00 AM",0,9.3795,9.926
"1675","7/18/2025","10:30:00 AM",0,9.3803,10.088
"1676","7/18/2025","10:45:00 AM",0,9.3813,10.21
"1677","7/18/2025","11:00:00 AM",0,9.3817,10.313
"1678","7/18/2025","11:15:00 AM",0,9.3816,10.455
"1679","7/18/2025","11:30:00 AM",0,9.3813,10.544
"1680","7/18/2025","11:45:00 AM",0,9.3827,10.694
"1681","7/18/2025","12:00:00 PM",0,9.3824,10.81
"1682","7/18/2025","12:15:00 PM",0,9.3823,10.897
"1683","7/18/2025","12:30:00 PM",0,9.3814,10.97
"1684","7/18/2025","12:45:00 PM",0,9.3817,11.059
"1685","7/18/2025","1:00:00 PM",0,9.3808,11.117
"1686","7/18/2025","1:15:00 PM",0,9.3773,11.163
"1687","7/18/2025","1:30:00 PM",0,9.3774,11.244
"1688","7/18/2025","1:45:00 PM",0,9.3771,11.297
"1689","7/18/2025","2:00:00 PM",0,9.3761,11.326
"1690","7/18/2025","2:15:00 PM",0,9.3775,11.413
"1691","7/18/2025","2:30:00 PM",0,9.3759,11.433
"1692","7/18/2025","2:45:00 PM",0,9.3755,11.447
"1693","7/18/2025","3:00:00 PM",0,9.374,11.417
"1694","7/18/2025","3:15:00 PM",0,9.3733,11.427
"1695","7/18/2025","3:30:00 PM",0,9.3725,11.402
"1696","7/18/2025","3:45:00 PM",0,9.3718,11.425
"1697","7/18/2025","4:00:00 PM",0,9.373,11.528
"1698","7/18/2025","4:15:00 PM",0,9.3708,11.406
"1699","7/18/2025","4:30:00 PM",0,9.3699,11.363
"1700","7/18/2025","4:45:00 PM",0,9.3697,11.358
"1701","7/18/2025","5:00:00 PM",0,9.3683,11.213
"1702","7/18/2025","5:15:00 PM",0,9.3681,11.235
"1703","7/18/2025","5:30:00 PM",0,9.3679,11.263
"1704","7/18/2025","5:45:00 PM",0,9.3687,11.242
"1705","7/18/2025","6:00:00 PM",0,9.3654,11.007
"1706","7/18/2025","6:15:00 PM",0,9.363,10.772
"1707","7/18/2025","6:30:00 PM",0,9.3611,10.582
"1708","7/18/2025","6:45:00 PM",0,9.361,10.406
"1709","7/18/2025","7:00:00 PM",0,9.362,10.377
"1710","7/18/2025","7:15:00 PM",0,9.3636,10.507
"1711","7/18/2025","7:30:00 PM",0,9.3635,10.442
"1712","7/18/2025","7:45:00 PM",0,9.364,10.297
"1713","7/18/2025","8:00:00 PM",0,9.3642,10.182
"1714","7/18/2025","8:15:00 PM",0,9.3647,10.068
"1715","7/18/2025","8:30:00 PM",0,9.3651,9.899
"1716","7/18/2025","8:45:00 PM",0,9.3648,9.755
"1717","7/18/2025","9:00:00 PM",0,9.3655,9.646
"1718","7/18/2025","9:15:00 PM",0,9.3671,9.565
"1719","7/18/2025","9:30:00 PM",0,9.3703,9.526
"1720","7/18/2025","9:45:00 PM",0,9.3724,9.477
"1721","7/18/2025","10:00:00 PM",0,9.3735,9.435
"1722","7/18/2025","10:15:00 PM",0,9.3745,9.389
"1723","7/18/2025","10:30:00 PM",0,9.3747,9.352
"1724","7/18/2025","10:45:00 PM",0,9.3751,9.317
"1725","7/18/2025","11:00:00 PM",0,9.3751,9.287
"1726","7/18/2025","11:15:00 PM",0,9.3754,9.253
"1727","7/18/2025","11:30:00 PM",0,9.3754,9.213
"1728","7/18/2025","11:45:00 PM",0,9.3747,9.173
"1729","7/19/2025","12:00:00 AM",0,9.3758,9.14
"1730","7/19/2025","12:15:00 AM",0,9.3759,9.111
"1731","7/19/2025","12:30:00 AM",0,9.3753,9.097
"1732","7/19/2025","12:45:00 AM",0,9.3752,9.065
"1733","7/19/2025","1:00:00 AM",0,9.3752,9.039
"1734","7/19/2025","1:15:00 AM",0,9.3748,9.011
"1735","7/19/2025","1:30:00 AM",0,9.3738,8.994
"1736","7/19/2025","1:45:00 AM",0,9.3745,8.981
"1737","7/19/2025","2:00:00 AM",0,9.376,8.974
"1738","7/19/2025","2:15:00 AM",0,9.3766,8.966
"1739","7/19/2025","2:30:00 AM",0,9.3768,8.956
"1740","7/19/2025","2:45:00 AM",0,9.3765,8.947
"1741","7/19/2025","3:00:00 AM",0,9.3771,8.931
"1742","7/19/2025","3:15:00 AM",0,9.3772,8.918
"1743","7/19/2025","3:30:00 AM",0,9.3773,8.908
"1744","7/19/2025","3:45:00 AM",0,9.3774,8.902
"1745","7/19/2025","4:00:00 AM",0,9.3774,8.894
"1746","7/19/2025","4:15:00 AM",0,9.3778,8.88
"1747","7/19/2025","4:30:00 AM",0,9.378,8.88
"1748","7/19/2025","4:45:00 AM",0,9.3774,8.876
"1749","7/19/2025","5:00:00 AM",0,9.3786,8.861
"1750","7/19/2025","5:15:00 AM",0,9.3798,8.85
"1751","7/19/2025","5:30:00 AM",0,9.3808,8.83
"1752","7/19/2025","5:45:00 AM",0,9.3822,8.82
"1753","7/19/2025","6:00:00 AM",0,9.3826,8.811
"1754","7/19/2025","6:15:00 AM",0,9.3835,8.799
"1755","7/19/2025","6:30:00 AM",0,9.3847,8.792
"1756","7/19/2025","6:45:00 AM",0,9.3856,8.791
"1757","7/19/2025","7:00:00 AM",0,9.3859,8.796
"1758","7/19/2025","7:15:00 AM",0,9.3873,8.81
"1759","7/19/2025","7:30:00 AM",0,9.388,8.837
"1760","7/19/2025","7:45:00 AM",0,9.3892,8.896
"1761","7/19/2025","8:00:00 AM",0,9.3906,8.964
"1762","7/19/2025","8:15:00 AM",0,9.3926,9.035
"1763","7/19/2025","8:30:00 AM",0,9.3947,9.116
"1764","7/19/2025","8:45:00 AM",0,9.3967,9.204
"1765","7/19/2025","9:00:00 AM",0,9.3975,9.3
"1766","7/19/2025","9:15:00 AM",0,9.3987,9.42
"1767","7/19/2025","9:30:00 AM",0,9.3994,9.534
"1768","7/19/2025","9:45:00 AM",0,9.3994,9.623
"1769","7/19/2025","10:00:00 AM",0,9.3993,9.731
"1770","7/19/2025","10:15:00 AM",0,9.4009,9.881
"1771","7/19/2025","10:30:00 AM",0,9.4027,10.058
"1772","7/19/2025","10:45:00 AM",0,9.4028,10.158
"1773","7/19/2025","11:00:00 AM",0,9.403,10.287
"1774","7/19/2025","11:15:00 AM",0,9.4034,10.401
"1775","7/19/2025","11:30:00 AM",0,9.4029,10.536
"1776","7/19/2025","11:45:00 AM",0,9.4032,10.669
"1777","7/19/2025","12:00:00 PM",0,9.402,10.726
"1778","7/19/2025","12:15:00 PM",0,9.4013,10.84
"1779","7/19/2025","12:30:00 PM",0,9.4011,10.939
"1780","7/19/2025","12:45:00 PM",0,9.3978,10.985
"1781","7/19/2025","1:00:00 PM",0,9.3974,11.073
"1782","7/19/2025","1:15:00 PM",0,9.3959,11.161
"1783","7/19/2025","1:30:00 PM",0,9.3956,11.239
"1784","7/19/2025","1:45:00 PM",0,9.394,11.273
"1785","7/19/2025","2:00:00 PM",0,9.3925,11.304
"1786","7/19/2025","2:15:00 PM",0,9.3915,11.31
"1787","7/19/2025","2:30:00 PM",0,9.3903,11.383
"1788","7/19/2025","2:45:00 PM",0,9.3902,11.406
"1789","7/19/2025","3:00:00 PM",0,9.3887,11.449
"1790","7/19/2025","3:15:00 PM",0,9.3873,11.4
"1791","7/19/2025","3:30:00 PM",0,9.3857,11.399
"1792","7/19/2025","3:45:00 PM",0,9.3834,11.318
"1793","7/19/2025","4:00:00 PM",0,9.3814,11.299
"1794","7/19/2025","4:15:00 PM",0,9.3788,11.192
"1795","7/19/2025","4:30:00 PM",0,9.3771,11.063
"1796","7/19/2025","4:45:00 PM",0,9.3756,10.962
"1797","7/19/2025","5:00:00 PM",0,9.3753,11.029
"1798","7/19/2025","5:15:00 PM",0,9.3736,11.03
"1799","7/19/2025","5:30:00 PM",0,9.373,11.049
"1800","7/19/2025","5:45:00 PM",0,9.3729,11.003
"1801","7/19/2025","6:00:00 PM",0,9.3722,10.91
"1802","7/19/2025","6:15:00 PM",0,9.37,10.783
"1803","7/19/2025","6:30:00 PM",0,9.3694,10.691
"1804","7/19/2025","6:45:00 PM",0,9.3688,10.54
"1805","7/19/2025","7:00:00 PM",0,9.3679,10.427
"1806","7/19/2025","7:15:00 PM",0,9.3658,10.225
"1807","7/19/2025","7:30:00 PM",0,9.3663,10.221
"1808","7/19/2025","7:45:00 PM",0,9.3654,10.076
"1809","7/19/2025","8:00:00 PM",0,9.3646,9.961
"1810","7/19/2025","8:15:00 PM",0,9.3649,9.879
"1811","7/19/2025","8:30:00 PM",0,9.3648,9.79
"1812","7/19/2025","8:45:00 PM",0,9.3656,9.704
"1813","7/19/2025","9:00:00 PM",0,9.3662,9.641
"1814","7/19/2025","9:15:00 PM",0,9.368,9.563
"1815","7/19/2025","9:30:00 PM",0,9.3698,9.505
"1816","7/19/2025","9:45:00 PM",0,9.372,9.481
"1817","7/19/2025","10:00:00 PM",0,9.3728,9.446
"1818","7/19/2025","10:15:00 PM",0,9.3728,9.395
"1819","7/19/2025","10:30:00 PM",0,9.3735,9.352
"1820","7/19/2025","10:45:00 PM",0,9.3742,9.32
"1821","7/19/2025","11:00:00 PM",0,9.3743,9.297
"1822","7/19/2025","11:15:00 PM",0,9.3749,9.266
"1823","7/19/2025","11:30:00 PM",0,9.3749,9.233
"1824","7/19/2025","11:45:00 PM",0,9.3754,9.212
"1825","7/20/2025","12:00:00 AM",0,9.3755,9.193
"1826","7/20/2025","12:15:00 AM",0,9.3753,9.161
"1827","7/20/2025","12:30:00 AM",0,9.3753,9.141
"1828","7/20/2025","12:45:00 AM",0,9.3752,9.133
"1829","7/20/2025","1:00:00 AM",0,9.375,9.109
"1830","7/20/2025","1:15:00 AM",0,9.3746,9.071
"1831","7/20/2025","1:30:00 AM",0,9.3745,9.048
"1832","7/20/2025","1:45:00 AM",0,9.3742,9.026
"1833","7/20/2025","2:00:00 AM",0,9.374,9.011
"1834","7/20/2025","2:15:00 AM",0,9.3742,8.998
"1835","7/20/2025","2:30:00 AM",0,9.3738,8.994
"1836","7/20/2025","2:45:00 AM",0,9.373,8.987
"1837","7/20/2025","3:00:00 AM",0,9.3733,8.972
"1838","7/20/2025","3:15:00 AM",0,9.3737,8.959
"1839","7/20/2025","3:30:00 AM",0,9.373,8.949
"1840","7/20/2025","3:45:00 AM",0,9.373,8.933
"1841","7/20/2025","4:00:00 AM",0,9.3735,8.925
"1842","7/20/2025","4:15:00 AM",0,9.3738,8.918
"1843","7/20/2025","4:30:00 AM",0,9.3739,8.912
"1844","7/20/2025","4:45:00 AM",0,9.3739,8.896
"1845","7/20/2025","5:00:00 AM",0,9.3742,8.899
"1846","7/20/2025","5:15:00 AM",0,9.3747,8.897
"1847","7/20/2025","5:30:00 AM",0,9.375,8.885
"1848","7/20/2025","5:45:00 AM",0,9.3756,8.876
"1849","7/20/2025","6:00:00 AM",0,9.376,8.876
"1850","7/20/2025","6:15:00 AM",0,9.3759,8.873
"1851","7/20/2025","6:30:00 AM",0,9.3766,8.874
"1852","7/20/2025","6:45:00 AM",0,9.3768,8.87
"1853","7/20/2025","7:00:00 AM",0,9.3782,8.882
"1854","7/20/2025","7:15:00 AM",0,9.3778,8.886
"1855","7/20/2025","7:30:00 AM",0,9.3788,8.907
"1856","7/20/2025","7:45:00 AM",0,9.3789,8.963
"1857","7/20/2025","8:00:00 AM",0,9.3803,9.021
"1858","7/20/2025","8:15:00 AM",0,9.3809,9.087
"1859","7/20/2025","8:30:00 AM",0,9.3816,9.159
"1860","7/20/2025","8:45:00 AM",0,9.3827,9.239
"1861","7/20/2025","9:00:00 AM",0,9.3824,9.328
"1862","7/20/2025","9:15:00 AM",0,9.3815,9.43
"1863","7/20/2025","9:30:00 AM",0,9.3811,9.56
"1864","7/20/2025","9:45:00 AM",0,9.3804,9.661
"1865","7/20/2025","10:00:00 AM",0,9.3811,9.796
"1866","7/20/2025","10:15:00 AM",0,9.3807,9.896
"1867","7/20/2025","10:30:00 AM",0,9.3797,10.026
"1868","7/20/2025","10:45:00 AM",0,9.3792,10.119
"1869","7/20/2025","11:00:00 AM",0,9.3779,10.261
"1870","7/20/2025","11:15:00 AM",0,9.377,10.392
"1871","7/20/2025","11:30:00 AM",0,9.3764,10.475
"1872","7/20/2025","11:45:00 AM",0,9.3751,10.575
"1873","7/20/2025","12:00:00 PM",0,9.3729,10.7
"1874","7/20/2025","12:15:00 PM",0,9.372,10.782
"1875","7/20/2025","12:30:00 PM",0,9.3676,10.862
"1876","7/20/2025","12:45:00 PM",0,9.3659,10.871
"1877","7/20/2025","1:00:00 PM",0,9.3614,10.978
"1878","7/20/2025","1:15:00 PM",0,9.3607,11.086
"1879","7/20/2025","1:30:00 PM",0,9.3587,11.187
"1880","7/20/2025","1:45:00 PM",0,9.3575,11.196
"1881","7/20/2025","2:00:00 PM",0,9.3552,11.187
"1882","7/20/2025","2:15:00 PM",0,9.3537,11.197
"1883","7/20/2025","2:30:00 PM",0,9.3506,11.158
"1884","7/20/2025","2:45:00 PM",0,9.3492,11.181
"1885","7/20/2025","3:00:00 PM",0,9.3475,11.184
"1886","7/20/2025","3:15:00 PM",0,9.3454,11.215
"1887","7/20/2025","3:30:00 PM",0,9.3333,11.212
"1888","7/20/2025","3:45:00 PM",0,9.3317,11.275
"1889","7/20/2025","4:00:00 PM",0,9.3291,11.26
"1890","7/20/2025","4:15:00 PM",0,9.3272,11.155
"1891","7/20/2025","4:30:00 PM",0,9.3244,11.052
"1892","7/20/2025","4:45:00 PM",0,9.323,10.961
"1893","7/20/2025","5:00:00 PM",0,9.3216,10.866
"1894","7/20/2025","5:15:00 PM",0,9.3187,10.673
"1895","7/20/2025","5:30:00 PM",0,9.3186,10.542
"1896","7/20/2025","5:45:00 PM",0,9.3189,10.489
"1897","7/20/2025","6:00:00 PM",0,9.3186,10.499
"1898","7/20/2025","6:15:00 PM",0,9.3205,10.704
"1899","7/20/2025","6:30:00 PM",0,9.3211,10.784
"1900","7/20/2025","6:45:00 PM",0,9.3212,10.8
"1901","7/20/2025","7:00:00 PM",0,9.3217,10.733
"1902","7/20/2025","7:15:00 PM",0,9.3212,10.654
"1903","7/20/2025","7:30:00 PM",0,9.3222,10.485
"1904","7/20/2025","7:45:00 PM",0,9.3219,10.328
"1905","7/20/2025","8:00:00 PM",0,9.3237,10.216
"1906","7/20/2025","8:15:00 PM",0,9.3251,10.121
"1907","7/20/2025","8:30:00 PM",0,9.3265,10.071
"1908","7/20/2025","8:45:00 PM",0,9.3269,9.9
"1909","7/20/2025","9:00:00 PM",0,9.3281,9.721
"1910","7/20/2025","9:15:00 PM",0,9.3292,9.595
"1911","7/20/2025","9:30:00 PM",0,9.3294,9.508
"1912","7/20/2025","9:45:00 PM",0,9.3299,9.453
"1913","7/20/2025","10:00:00 PM",0,9.3294,9.376
"1914","7/20/2025","10:15:00 PM",0,9.3281,9.305
"1915","7/20/2025","10:30:00 PM",0,9.3268,9.262
"1916","7/20/2025","10:45:00 PM",0,9.3264,9.228
"1917","7/20/2025","11:00:00 PM",0,9.326,9.208
"1918","7/20/2025","11:15:00 PM",0,9.3266,9.19
"1919","7/20/2025","11:30:00 PM",0,9.3262,9.184
"1920","7/20/2025","11:45:00 PM",0,9.3263,9.174
"1921","7/21/2025","12:00:00 AM",0,9.3261,9.154
"1922","7/21/2025","12:15:00 AM",0,9.3259,9.133
"1923","7/21/2025","12:30:00 AM",0,9.3246,9.12
"1924","7/21/2025","12:45:00 AM",0,9.3248,9.106
"1925","7/21/2025","1:00:00 AM",0,9.3244,9.089
"1926","7/21/2025","1:15:00 AM",0,9.3237,9.075
"1927","7/21/2025","1:30:00 AM",0,9.3233,9.068
"1928","7/21/2025","1:45:00 AM",0,9.3229,9.066
"1929","7/21/2025","2:00:00 AM",0,9.3225,9.05
"1930","7/21/2025","2:15:00 AM",0,9.3229,9.037
"1931","7/21/2025","2:30:00 AM",0,9.3224,9.024
"1932","7/21/2025","2:45:00 AM",0,9.3221,9.011
"1933","7/21/2025","3:00:00 AM",0,9.3221,9.007
"1934","7/21/2025","3:15:00 AM",0,9.322,9
"1935","7/21/2025","3:30:00 AM",0,9.3218,8.998
"1936","7/21/2025","3:45:00 AM",0,9.3218,9
"1937","7/21/2025","4:00:00 AM",0,9.3214,8.999
"1938","7/21/2025","4:15:00 AM",0,9.3203,9.001
"1939","7/21/2025","4:30:00 AM",0,9.3203,9.007
"1940","7/21/2025","4:45:00 AM",0,9.3202,9.012
"1941","7/21/2025","5:00:00 AM",0,9.3215,9.001
"1942","7/21/2025","5:15:00 AM",0,9.322,8.991
"1943","7/21/2025","5:30:00 AM",0,9.3221,9.008
"1944","7/21/2025","5:45:00 AM",0,9.3224,9.014
"1945","7/21/2025","6:00:00 AM",0,9.3216,9.009
"1946","7/21/2025","6:15:00 AM",0,9.3216,8.988
"1947","7/21/2025","6:30:00 AM",0,9.324,8.97
"1948","7/21/2025","6:45:00 AM",0,9.3216,8.948
"1949","7/21/2025","7:00:00 AM",0,9.3219,8.932
"1950","7/21/2025","7:15:00 AM",0,9.323,8.927
"1951","7/21/2025","7:30:00 AM",0,9.3234,8.939
"1952","7/21/2025","7:45:00 AM",0,9.3246,8.972
"1953","7/21/2025","8:00:00 AM",0,9.3255,9.049
"1954","7/21/2025","8:15:00 AM",0,9.3265,9.119
"1955","7/21/2025","8:30:00 AM",0,9.328,9.173
"1956","7/21/2025","8:45:00 AM",0,9.3288,9.238
"1957","7/21/2025","9:00:00 AM",0,9.3306,9.337
"1958","7/21/2025","9:15:00 AM",0,9.3332,9.55
"1959","7/21/2025","9:30:00 AM",0,9.3348,9.699
"1960","7/21/2025","9:45:00 AM",0,9.3359,9.828
"1961","7/21/2025","10:00:00 AM",0,9.337,9.952
"1962","7/21/2025","10:15:00 AM",0,9.338,10.079
"1963","7/21/2025","10:30:00 AM",0,9.3381,10.164
"1964","7/21/2025","10:45:00 AM",0,9.3386,10.264
"1965","7/21/2025","11:00:00 AM",0,9.3378,10.305
"1966","7/21/2025","11:15:00 AM",0,9.338,10.33
"1967","7/21/2025","11:30:00 AM",0,9.3392,10.459
"1968","7/21/2025","11:45:00 AM",0,9.3391,10.559
"1969","7/21/2025","12:00:00 PM",0,9.3385,10.641
"1970","7/21/2025","12:15:00 PM",0,9.3382,10.727
"1971","7/21/2025","12:30:00 PM",0,9.3374,10.79
"1972","7/21/2025","12:45:00 PM",0,9.3331,10.813
"1973","7/21/2025","1:00:00 PM",0,9.3334,10.867
"1974","7/21/2025","1:15:00 PM",0,9.3334,10.925
"1975","7/21/2025","1:30:00 PM",0,9.3325,10.968
"1976","7/21/2025","1:45:00 PM",0,9.3321,11.02
"1977","7/21/2025","2:00:00 PM",0,9.3307,11.03
"1978","7/21/2025","2:15:00 PM",0,9.3317,11.042
"1979","7/21/2025","2:30:00 PM",0,9.3275,10.881
"1980","7/21/2025","2:45:00 PM",0,9.3263,10.782
"1981","7/21/2025","3:00:00 PM",0,9.3247,10.703
"1982","7/21/2025","3:15:00 PM",0,9.3233,10.699
"1983","7/21/2025","3:30:00 PM",0,9.3233,10.703
"1984","7/21/2025","3:45:00 PM",0,9.3241,10.753
"1985","7/21/2025","4:00:00 PM",0,9.326,10.871
"1986","7/21/2025","4:15:00 PM",0,9.3261,10.887
"1987","7/21/2025","4:30:00 PM",0,9.3259,10.893
"1988","7/21/2025","4:45:00 PM",0,9.325,10.857
"1989","7/21/2025","5:00:00 PM",0,9.3233,10.806
"1990","7/21/2025","5:15:00 PM",0,9.3221,10.679
"1991","7/21/2025","5:30:00 PM",0,9.3212,10.583
"1992","7/21/2025","5:45:00 PM",0,9.321,10.527
"1993","7/21/2025","6:00:00 PM",0,9.3204,10.431
"1994","7/21/2025","6:15:00 PM",0,9.3199,10.378
"1995","7/21/2025","6:30:00 PM",0,9.3201,10.296
"1996","7/21/2025","6:45:00 PM",0,9.3206,10.228
"1997","7/21/2025","7:00:00 PM",0,9.3221,10.174
"1998","7/21/2025","7:15:00 PM",0,9.3227,10.101
"1999","7/21/2025","7:30:00 PM",0,9.3233,9.964
"2000","7/21/2025","7:45:00 PM",0,9.3249,9.886
"2001","7/21/2025","8:00:00 PM",0,9.3254,9.759
"2002","7/21/2025","8:15:00 PM",0,9.3261,9.696
"2003","7/21/2025","8:30:00 PM",0,9.3285,9.619
"2004","7/21/2025","8:45:00 PM",0,9.3294,9.512
"2005","7/21/2025","9:00:00 PM",0,9.33,9.417
"2006","7/21/2025","9:15:00 PM",0,9.3309,9.31
"2007","7/21/2025","9:30:00 PM",0,9.3309,9.226
"2008","7/21/2025","9:45:00 PM",0,9.3313,9.163
"2009","7/21/2025","10:00:00 PM",0,9.3325,9.114
"2010","7/21/2025","10:15:00 PM",0,9.3348,9.079
"2011","7/21/2025","10:30:00 PM",0,9.3352,9.041
"2012","7/21/2025","10:45:00 PM",0,9.3361,9.014
"2013","7/21/2025","11:00:00 PM",0,9.3373,9
"2014","7/21/2025","11:15:00 PM",0,9.3372,8.985
"2015","7/21/2025","11:30:00 PM",0,9.3377,8.974
"2016","7/21/2025","11:45:00 PM",0,9.3387,8.953
"2017","7/22/2025","12:00:00 AM",0,9.339,8.933
"2018","7/22/2025","12:15:00 AM",0,9.3403,8.917
"2019","7/22/2025","12:30:00 AM",0,9.3413,8.911
"2020","7/22/2025","12:45:00 AM",0,9.3412,8.901
"2021","7/22/2025","1:00:00 AM",0,9.3412,8.88
"2022","7/22/2025","1:15:00 AM",0,9.3415,8.867
"2023","7/22/2025","1:30:00 AM",0,9.3409,8.847
"2024","7/22/2025","1:45:00 AM",0,9.3413,8.838
"2025","7/22/2025","2:00:00 AM",0,9.3417,8.829
"2026","7/22/2025","2:15:00 AM",0,9.3416,8.813
"2027","7/22/2025","2:30:00 AM",0,9.3408,8.804
"2028","7/22/2025","2:45:00 AM",0,9.3416,8.795
"2029","7/22/2025","3:00:00 AM",0,9.3415,8.787
"2030","7/22/2025","3:15:00 AM",0,9.3416,8.778
"2031","7/22/2025","3:30:00 AM",0,9.3419,8.767
"2032","7/22/2025","3:45:00 AM",0,9.3422,8.761
"2033","7/22/2025","4:00:00 AM",0,9.3423,8.754
"2034","7/22/2025","4:15:00 AM",0,9.3427,8.756
"2035","7/22/2025","4:30:00 AM",0,9.3428,8.752
"2036","7/22/2025","4:45:00 AM",0,9.3441,8.739
"2037","7/22/2025","5:00:00 AM",0,9.3441,8.724
"2038","7/22/2025","5:15:00 AM",0,9.3435,8.72
"2039","7/22/2025","5:30:00 AM",0,9.344,8.723
"2040","7/22/2025","5:45:00 AM",0,9.3444,8.725
"2041","7/22/2025","6:00:00 AM",0,9.3451,8.715
"2042","7/22/2025","6:15:00 AM",0,9.3461,8.705
"2043","7/22/2025","6:30:00 AM",0,9.3469,8.704
"2044","7/22/2025","6:45:00 AM",0,9.3492,8.708
"2045","7/22/2025","7:00:00 AM",0,9.3499,8.723
"2046","7/22/2025","7:15:00 AM",0,9.3507,8.74
"2047","7/22/2025","7:30:00 AM",0,9.3514,8.763
"2048","7/22/2025","7:45:00 AM",0,9.3529,8.809
"2049","7/22/2025","8:00:00 AM",0,9.3545,8.869
"2050","7/22/2025","8:15:00 AM",0,9.3564,8.952
"2051","7/22/2025","8:30:00 AM",0,9.3582,9.034
"2052","7/22/2025","8:45:00 AM",0,9.359,9.132
"2053","7/22/2025","9:00:00 AM",0,9.3606,9.219
"2054","7/22/2025","9:15:00 AM",0,9.3621,9.31
"2055","7/22/2025","9:30:00 AM",0,9.3636,9.399
"2056","7/22/2025","9:45:00 AM",0,9.3635,9.501
"2057","7/22/2025","10:00:00 AM",0,9.3643,9.602
"2058","7/22/2025","10:15:00 AM",0,9.3645,9.714
"2059","7/22/2025","10:30:00 AM",0,9.3659,9.827
"2060","7/22/2025","10:45:00 AM",0,9.3675,9.978
"2061","7/22/2025","11:00:00 AM",0,9.3675,10.075
"2062","7/22/2025","11:15:00 AM",0,9.3674,10.194
"2063","7/22/2025","11:30:00 AM",0,9.3676,10.301
"2064","7/22/2025","11:45:00 AM",0,9.3677,10.42
"2065","7/22/2025","12:00:00 PM",0,9.3681,10.542
"2066","7/22/2025","12:15:00 PM",0,9.3641,10.664
"2067","7/22/2025","12:30:00 PM",0,9.3641,10.756
"2068","7/22/2025","12:45:00 PM",0,9.3639,10.831
"2069","7/22/2025","1:00:00 PM",0,9.3643,10.888
"2070","7/22/2025","1:15:00 PM",0,9.363,10.975
"2071","7/22/2025","1:30:00 PM",0,9.3621,11.029
"2072","7/22/2025","1:45:00 PM",0,9.3614,11.051
"2073","7/22/2025","2:00:00 PM",0,9.3596,11.036
"2074","7/22/2025","2:15:00 PM",0,9.3577,11.08
"2075","7/22/2025","2:30:00 PM",0,9.357,11.052
"2076","7/22/2025","2:45:00 PM",0,9.3558,11.079
"2077","7/22/2025","3:00:00 PM",0,9.3537,11.012
"2078","7/22/2025","3:15:00 PM",0,9.3526,10.973
"2079","7/22/2025","3:30:00 PM",0,9.3534,10.996
"2080","7/22/2025","3:45:00 PM",0,9.3511,10.957
"2081","7/22/2025","4:00:00 PM",0,9.3511,10.968
"2082","7/22/2025","4:15:00 PM",0,9.3495,10.923
"2083","7/22/2025","4:30:00 PM",0,9.347,10.756
"2084","7/22/2025","4:45:00 PM",0,9.347,10.76
"2085","7/22/2025","5:00:00 PM",0,9.3453,10.674
"2086","7/22/2025","5:15:00 PM",0,9.3438,10.595
"2087","7/22/2025","5:30:00 PM",0,9.3421,10.517
"2088","7/22/2025","5:45:00 PM",0,9.3412,10.395
"2089","7/22/2025","6:00:00 PM",0,9.3407,10.359
"2090","7/22/2025","6:15:00 PM",0,9.3403,10.292
"2091","7/22/2025","6:30:00 PM",0,9.3392,10.167
"2092","7/22/2025","6:45:00 PM",0,9.3382,10.085
"2093","7/22/2025","7:00:00 PM",0,9.3381,9.998
"2094","7/22/2025","7:15:00 PM",0,9.3395,9.909
"2095","7/22/2025","7:30:00 PM",0,9.3407,9.898
"2096","7/22/2025","7:45:00 PM",0,9.3429,9.872
"2097","7/22/2025","8:00:00 PM",0,9.3447,9.841
"2098","7/22/2025","8:15:00 PM",0,9.3448,9.757
"2099","7/22/2025","8:30:00 PM",0,9.3458,9.66
"2100","7/22/2025","8:45:00 PM",0,9.3467,9.552
"2101","7/22/2025","9:00:00 PM",0,9.3474,9.434
"2102","7/22/2025","9:15:00 PM",0,9.3481,9.33
"2103","7/22/2025","9:30:00 PM",0,9.3482,9.251
"2104","7/22/2025","9:45:00 PM",0,9.3505,9.189
"2105","7/22/2025","10:00:00 PM",0,9.3526,9.151
"2106","7/22/2025","10:15:00 PM",0,9.3537,9.12
"2107","7/22/2025","10:30:00 PM",0,9.355,9.094
"2108","7/22/2025","10:45:00 PM",0,9.3554,9.071
"2109","7/22/2025","11:00:00 PM",0,9.3561,9.055
"2110","7/22/2025","11:15:00 PM",0,9.3565,9.034
"2111","7/22/2025","11:30:00 PM",0,9.3562,9.016
"2112","7/22/2025","11:45:00 PM",0,9.3569,9.013
"2113","7/23/2025","12:00:00 AM",0,9.3581,9.003
"2114","7/23/2025","12:15:00 AM",0,9.3582,8.982
"2115","7/23/2025","12:30:00 AM",0,9.3585,8.966
"2116","7/23/2025","12:45:00 AM",0,9.3581,8.948
"2117","7/23/2025","1:00:00 AM",0,9.3583,8.932
"2118","7/23/2025","1:15:00 AM",0,9.358,8.91
"2119","7/23/2025","1:30:00 AM",0,9.3588,8.898
"2120","7/23/2025","1:45:00 AM",0,9.3589,8.9
"2121","7/23/2025","2:00:00 AM",0,9.3597,8.892
"2122","7/23/2025","2:15:00 AM",0,9.3605,8.882
"2123","7/23/2025","2:30:00 AM",0,9.3613,8.869
"2124","7/23/2025","2:45:00 AM",0,9.3615,8.858
"2125","7/23/2025","3:00:00 AM",0,9.3617,8.85
"2126","7/23/2025","3:15:00 AM",0,9.3624,8.848
"2127","7/23/2025","3:30:00 AM",0,9.3628,8.837
"2128","7/23/2025","3:45:00 AM",0,9.3629,8.829
"2129","7/23/2025","4:00:00 AM",0,9.3633,8.82
"2130","7/23/2025","4:15:00 AM",0,9.3635,8.814
"2131","7/23/2025","4:30:00 AM",0,9.3645,8.806
"2132","7/23/2025","4:45:00 AM",0,9.3661,8.801
"2133","7/23/2025","5:00:00 AM",0,9.3657,8.787
"2134","7/23/2025","5:15:00 AM",0,9.3662,8.784
"2135","7/23/2025","5:30:00 AM",0,9.3672,8.774
"2136","7/23/2025","5:45:00 AM",0,9.3682,8.769
"2137","7/23/2025","6:00:00 AM",0,9.3689,8.762
"2138","7/23/2025","6:15:00 AM",0,9.3689,8.757
"2139","7/23/2025","6:30:00 AM",0,9.3702,8.754
"2140","7/23/2025","6:45:00 AM",0,9.3713,8.756
"2141","7/23/2025","7:00:00 AM",0,9.3729,8.767
"2142","7/23/2025","7:15:00 AM",0,9.3732,8.778
"2143","7/23/2025","7:30:00 AM",0,9.3744,8.798
"2144","7/23/2025","7:45:00 AM",0,9.3765,8.843
"2145","7/23/2025","8:00:00 AM",0,9.3778,8.9
"2146","7/23/2025","8:15:00 AM",0,9.3784,8.964
"2147","7/23/2025","8:30:00 AM",0,9.3796,9.036
"2148","7/23/2025","8:45:00 AM",0,9.381,9.117
"2149","7/23/2025","9:00:00 AM",0,9.3826,9.203
"2150","7/23/2025","9:15:00 AM",0,9.3839,9.288
"2151","7/23/2025","9:30:00 AM",0,9.3841,9.377
"2152","7/23/2025","9:45:00 AM",0,9.3854,9.494
"2153","7/23/2025","10:00:00 AM",0,9.3862,9.615
"2154","7/23/2025","10:15:00 AM",0,9.3876,9.752
"2155","7/23/2025","10:30:00 AM",0,9.3879,9.874
"2156","7/23/2025","10:45:00 AM",0,9.3883,9.98
"2157","7/23/2025","11:00:00 AM",0,9.389,10.099
"2158","7/23/2025","11:15:00 AM",0,9.3891,10.209
"2159","7/23/2025","11:30:00 AM",0,9.3885,10.305
"2160","7/23/2025","11:45:00 AM",0,9.3889,10.429
"2161","7/23/2025","12:00:00 PM",0,9.3882,10.541
"2162","7/23/2025","12:15:00 PM",0,9.3876,10.644
"2163","7/23/2025","12:30:00 PM",0,9.3839,10.74
"2164","7/23/2025","12:45:00 PM",0,9.3846,10.881
"2165","7/23/2025","1:00:00 PM",0,9.3853,10.978
"2166","7/23/2025","1:15:00 PM",0,9.3845,11.027
"2167","7/23/2025","1:30:00 PM",0,9.3847,11.1
"2168","7/23/2025","1:45:00 PM",0,9.3828,11.112
"2169","7/23/2025","2:00:00 PM",0,9.3818,11.096
"2170","7/23/2025","2:15:00 PM",0,9.3803,11.092
"2171","7/23/2025","2:30:00 PM",0,9.3802,11.147
"2172","7/23/2025","2:45:00 PM",0,9.3795,11.151
"2173","7/23/2025","3:00:00 PM",0,9.3777,11.16
"2174","7/23/2025","3:15:00 PM",0,9.3774,11.086
"2175","7/23/2025","3:30:00 PM",0,9.3758,11.082
"2176","7/23/2025","3:45:00 PM",0,9.3733,10.98
"2177","7/23/2025","4:00:00 PM",0,9.3723,10.953
"2178","7/23/2025","4:15:00 PM",0,9.3713,10.918
"2179","7/23/2025","4:30:00 PM",0,9.3712,10.922
"2180","7/23/2025","4:45:00 PM",0,9.37,10.877
"2181","7/23/2025","5:00:00 PM",0,9.3683,10.728
"2182","7/23/2025","5:15:00 PM",0,9.364,10.419
"2183","7/23/2025","5:30:00 PM",0,9.3602,10.105
"2184","7/23/2025","5:45:00 PM",0,9.36,10.021
"2185","7/23/2025","6:00:00 PM",0,9.3587,9.946
"2186","7/23/2025","6:15:00 PM",0,9.3572,9.802
"2187","7/23/2025","6:30:00 PM",0,9.3568,9.714
"2188","7/23/2025","6:45:00 PM",0,9.3563,9.646
"2189","7/23/2025","7:00:00 PM",0,9.3556,9.598
"2190","7/23/2025","7:15:00 PM",0,9.3578,9.702
"2191","7/23/2025","7:30:00 PM",0,9.3607,9.898
"2192","7/23/2025","7:45:00 PM",0,9.3626,10.02
"2193","7/23/2025","8:00:00 PM",0,9.3631,10.033
"2194","7/23/2025","8:15:00 PM",0,9.3648,9.966
"2195","7/23/2025","8:30:00 PM",0,9.3648,9.814
"2196","7/23/2025","8:45:00 PM",0,9.3658,9.672
"2197","7/23/2025","9:00:00 PM",0,9.3678,9.527
"2198","7/23/2025","9:15:00 PM",0,9.3696,9.419
"2199","7/23/2025","9:30:00 PM",0,9.3733,9.331
"2200","7/23/2025","9:45:00 PM",0,9.3745,9.265
"2201","7/23/2025","10:00:00 PM",0,9.376,9.237
"2202","7/23/2025","10:15:00 PM",0,9.3766,9.189
"2203","7/23/2025","10:30:00 PM",0,9.3773,9.165
"2204","7/23/2025","10:45:00 PM",0,9.3772,9.153
"2205","7/23/2025","11:00:00 PM",0,9.3782,9.148
"2206","7/23/2025","11:15:00 PM",0,9.3788,9.144
"2207","7/23/2025","11:30:00 PM",0,9.3797,9.145
"2208","7/23/2025","11:45:00 PM",0,9.3803,9.139
"2209","7/24/2025","12:00:00 AM",0,9.3814,9.122
"2210","7/24/2025","12:15:00 AM",0,9.3836,9.095
"2211","7/24/2025","12:30:00 AM",0,9.3843,9.073
"2212","7/24/2025","12:45:00 AM",0,9.3848,9.038
"2213","7/24/2025","1:00:00 AM",0,9.3851,9.009
"2214","7/24/2025","1:15:00 AM",0,9.384,8.982
"2215","7/24/2025","1:30:00 AM",0,9.3848,8.965
"2216","7/24/2025","1:45:00 AM",0,9.3847,8.95
"2217","7/24/2025","2:00:00 AM",0,9.3849,8.937
"2218","7/24/2025","2:15:00 AM",0,9.3843,8.923
"2219","7/24/2025","2:30:00 AM",0,9.386,8.921
"2220","7/24/2025","2:45:00 AM",0,9.3858,8.91
"2221","7/24/2025","3:00:00 AM",0,9.3859,8.896
"2222","7/24/2025","3:15:00 AM",0,9.3862,8.89
"2223","7/24/2025","3:30:00 AM",0,9.3874,8.883
"2224","7/24/2025","3:45:00 AM",0,9.388,8.882
"2225","7/24/2025","4:00:00 AM",0,9.3885,8.881
"2226","7/24/2025","4:15:00 AM",0,9.3888,8.873
"2227","7/24/2025","4:30:00 AM",0,9.3891,8.869
"2228","7/24/2025","4:45:00 AM",0,9.3902,8.866
"2229","7/24/2025","5:00:00 AM",0,9.3908,8.867
"2230","7/24/2025","5:15:00 AM",0,9.3919,8.858
"2231","7/24/2025","5:30:00 AM",0,9.3923,8.85
"2232","7/24/2025","5:45:00 AM",0,9.3942,8.838
"2233","7/24/2025","6:00:00 AM",0,9.3935,8.83
"2234","7/24/2025","6:15:00 AM",0,9.3944,8.821
"2235","7/24/2025","6:30:00 AM",0,9.3939,8.821
"2236","7/24/2025","6:45:00 AM",0,9.3937,8.822
"2237","7/24/2025","7:00:00 AM",0,9.3938,8.828
"2238","7/24/2025","7:15:00 AM",0,9.3949,8.84
"2239","7/24/2025","7:30:00 AM",0,9.3953,8.862
"2240","7/24/2025","7:45:00 AM",0,9.3963,8.907
"2241","7/24/2025","8:00:00 AM",0,9.3981,8.963
"2242","7/24/2025","8:15:00 AM",0,9.3999,9.034
"2243","7/24/2025","8:30:00 AM",0,9.4015,9.13
"2244","7/24/2025","8:45:00 AM",0,9.4032,9.196
"2245","7/24/2025","9:00:00 AM",0,9.4044,9.278
"2246","7/24/2025","9:15:00 AM",0,9.4054,9.378
"2247","7/24/2025","9:30:00 AM",0,9.4064,9.468
"2248","7/24/2025","9:45:00 AM",0,9.4067,9.568
"2249","7/24/2025","10:00:00 AM",0,9.4068,9.65
"2250","7/24/2025","10:15:00 AM",0,9.4075,9.766
"2251","7/24/2025","10:30:00 AM",0,9.4078,9.883
"2252","7/24/2025","10:45:00 AM",0,9.4078,9.992
"2253","7/24/2025","11:00:00 AM",0,9.409,10.119
"2254","7/24/2025","11:15:00 AM",0,9.408,10.253
"2255","7/24/2025","11:30:00 AM",0,9.4088,10.393
"2256","7/24/2025","11:45:00 AM",0,9.4078,10.501
"2257","7/24/2025","12:00:00 PM",0,9.4055,10.589
"2258","7/24/2025","12:15:00 PM",0,9.4045,10.688
"2259","7/24/2025","12:30:00 PM",0,9.4022,10.804
"2260","7/24/2025","12:45:00 PM",0,9.4012,10.835
"2261","7/24/2025","1:00:00 PM",0,9.3993,10.889
"2262","7/24/2025","1:15:00 PM",0,9.3983,10.965
"2263","7/24/2025","1:30:00 PM",0,9.3965,11.018
"2264","7/24/2025","1:45:00 PM",0,9.3943,11.033
"2265","7/24/2025","2:00:00 PM",0,9.3925,11.117
"2266","7/24/2025","2:15:00 PM",0,9.3907,11.14
"2267","7/24/2025","2:30:00 PM",0,9.3895,11.202
"2268","7/24/2025","2:45:00 PM",0,9.3874,11.254
"2269","7/24/2025","3:00:00 PM",0,9.3858,11.286
"2270","7/24/2025","3:15:00 PM",0,9.3837,11.257
"2271","7/24/2025","3:30:00 PM",0,9.3832,11.097
"2272","7/24/2025","3:45:00 PM",0,9.3795,10.652
"2273","7/24/2025","4:00:00 PM",0,9.3745,10.29
"2274","7/24/2025","4:15:00 PM",0,9.3708,10.042
"2275","7/24/2025","4:30:00 PM",0,9.3678,9.846
"2276","7/24/2025","4:45:00 PM",0,9.3652,9.726
"2277","7/24/2025","5:00:00 PM",0,9.3654,9.66
"2278","7/24/2025","5:15:00 PM",0,9.367,9.668
"2279","7/24/2025","5:30:00 PM",0,9.3683,9.724
"2280","7/24/2025","5:45:00 PM",0,9.3685,9.756
"2281","7/24/2025","6:00:00 PM",0,9.3682,9.757
"2282","7/24/2025","6:15:00 PM",0,9.3699,9.755
"2283","7/24/2025","6:30:00 PM",0,9.3738,9.784
"2284","7/24/2025","6:45:00 PM",0,9.3783,9.838
"2285","7/24/2025","7:00:00 PM",0,9.378,9.909
"2286","7/24/2025","7:15:00 PM",0,9.3815,9.769
"2287","7/24/2025","7:30:00 PM",0,9.3813,9.601
"2288","7/24/2025","7:45:00 PM",0,9.3838,9.491
"2289","7/24/2025","8:00:00 PM",0,9.3876,9.471
"2290","7/24/2025","8:15:00 PM",0,9.3918,9.408
"2291","7/24/2025","8:30:00 PM",0,9.3937,9.352
"2292","7/24/2025","8:45:00 PM",0,9.3963,9.415
"2293","7/24/2025","9:00:00 PM",0,9.3969,9.465
"2294","7/24/2025","9:15:00 PM",0,9.3972,9.363
"2295","7/24/2025","9:30:00 PM",0,9.4003,9.295
"2296","7/24/2025","9:45:00 PM",0,9.4,9.274
"2297","7/24/2025","10:00:00 PM",0,9.3996,9.245
"2298","7/24/2025","10:15:00 PM",0,9.3997,9.243
"2299","7/24/2025","10:30:00 PM",0,9.3994,9.232
"2300","7/24/2025","10:45:00 PM",0,9.3974,9.268
"2301","7/24/2025","11:00:00 PM",0,9.3969,9.295
"2302","7/24/2025","11:15:00 PM",0,9.3936,9.315
"2303","7/24/2025","11:30:00 PM",0,9.3954,9.337
"2304","7/24/2025","11:45:00 PM",0,9.3936,9.329
"2305","7/25/2025","12:00:00 AM",0,9.3934,9.324
"2306","7/25/2025","12:15:00 AM",0,9.3939,9.342
"2307","7/25/2025","12:30:00 AM",0,9.3929,9.251
"2308","7/25/2025","12:45:00 AM",0,9.3894,9.178
"2309","7/25/2025","1:00:00 AM",0,9.3873,9.118
"2310","7/25/2025","1:15:00 AM",0,9.3858,9.086
"2311","7/25/2025","1:30:00 AM",0,9.3843,9.063
"2312","7/25/2025","1:45:00 AM",0,9.3834,9.045
"2313","7/25/2025","2:00:00 AM",0,9.3827,9.042
"2314","7/25/2025","2:15:00 AM",0,9.3824,9.054
"2315","7/25/2025","2:30:00 AM",0,9.3834,9.085
"2316","7/25/2025","2:45:00 AM",0,9.3847,9.109
"2317","7/25/2025","3:00:00 AM",0,9.385,9.113
"2318","7/25/2025","3:15:00 AM",0,9.384,9.089
"2319","7/25/2025","3:30:00 AM",0,9.3835,9.057
"2320","7/25/2025","3:45:00 AM",0,9.3834,9.029
"2321","7/25/2025","4:00:00 AM",0,9.3829,9.01
"2322","7/25/2025","4:15:00 AM",0,9.3832,8.993
"2323","7/25/2025","4:30:00 AM",0,9.3823,8.977
"2324","7/25/2025","4:45:00 AM",0,9.3827,8.964
"2325","7/25/2025","5:00:00 AM",0,9.382,8.949
"2326","7/25/2025","5:15:00 AM",0,9.3814,8.942
"2327","7/25/2025","5:30:00 AM",0,9.3809,8.933
"2328","7/25/2025","5:45:00 AM",0,9.3805,8.921
"2329","7/25/2025","6:00:00 AM",0,9.3797,8.91
"2330","7/25/2025","6:15:00 AM",0,9.3791,8.905
"2331","7/25/2025","6:30:00 AM",0,9.3795,8.914
"2332","7/25/2025","6:45:00 AM",0,9.3805,8.927
"2333","7/25/2025","7:00:00 AM",0,9.3808,8.94
"2334","7/25/2025","7:15:00 AM",0,9.3812,8.956
"2335","7/25/2025","7:30:00 AM",0,9.3818,8.969
"2336","7/25/2025","7:45:00 AM",0,9.382,8.984
"2337","7/25/2025","8:00:00 AM",0,9.383,8.994
"2338","7/25/2025","8:15:00 AM",0,9.3827,9.003
"2339","7/25/2025","8:30:00 AM",0,9.3837,9.024
"2340","7/25/2025","8:45:00 AM",0,9.3844,9.097
"2341","7/25/2025","9:00:00 AM",0,9.3863,9.203
"2342","7/25/2025","9:15:00 AM",0,9.3868,9.316
"2343","7/25/2025","9:30:00 AM",0,9.3875,9.428
"2344","7/25/2025","9:45:00 AM",0,9.3873,9.537
"2345","7/25/2025","10:00:00 AM",0,9.3875,9.642
"2346","7/25/2025","10:15:00 AM",0,9.3887,9.762
"2347","7/25/2025","10:30:00 AM",0,9.3878,9.763
"2348","7/25/2025","10:45:00 AM",0,9.3873,9.803
"2349","7/25/2025","11:00:00 AM",0,9.3894,9.986
"2350","7/25/2025","11:15:00 AM",0,9.3886,10.019
"2351","7/25/2025","11:30:00 AM",0,9.3884,10.098
"2352","7/25/2025","11:45:00 AM",0,9.3876,10.186
"2353","7/25/2025","12:00:00 PM",0,9.3867,10.366
"2354","7/25/2025","12:15:00 PM",0,9.3828,10.548
"2355","7/25/2025","12:30:00 PM",0,9.3829,10.659
"2356","7/25/2025","12:45:00 PM",0,9.3813,10.73
"2357","7/25/2025","1:00:00 PM",0,9.3801,10.833
"2358","7/25/2025","1:15:00 PM",0,9.3776,10.876
"2359","7/25/2025","1:30:00 PM",0,9.376,10.916
"2360","7/25/2025","1:45:00 PM",0,9.3739,10.962
"2361","7/25/2025","2:00:00 PM",0,9.372,11.043
"2362","7/25/2025","2:15:00 PM",0,9.3703,11.089
"2363","7/25/2025","2:30:00 PM",0,9.3686,11.059
"2364","7/25/2025","2:45:00 PM",0,9.3664,11.034
"2365","7/25/2025","3:00:00 PM",0,9.3616,11.004
"2366","7/25/2025","3:15:00 PM",0,9.3586,10.962
"2367","7/25/2025","3:30:00 PM",0,9.3562,10.972
"2368","7/25/2025","3:45:00 PM",0,9.3536,10.915
"2369","7/25/2025","4:00:00 PM",0,9.3506,10.852
"2370","7/25/2025","4:15:00 PM",0,9.3456,10.772
"2371","7/25/2025","4:30:00 PM",0,9.3426,10.735
"2372","7/25/2025","4:45:00 PM",0,9.3383,10.636
"2373","7/25/2025","5:00:00 PM",0,9.34,10.643
"2374","7/25/2025","5:15:00 PM",0,9.3411,10.702
"2375","7/25/2025","5:30:00 PM",0,9.3405,10.665
"2376","7/25/2025","5:45:00 PM",0,9.3396,10.569
"2377","7/25/2025","6:00:00 PM",0,9.3388,10.374
"2378","7/25/2025","6:15:00 PM",0,9.3375,10.215
"2379","7/25/2025","6:30:00 PM",0,9.3378,10.103
"2380","7/25/2025","6:45:00 PM",0,9.3375,9.939
"2381","7/25/2025","7:00:00 PM",0,9.338,9.809
"2382","7/25/2025","7:15:00 PM",0,9.3385,9.774
"2383","7/25/2025","7:30:00 PM",0,9.3374,9.702
"2384","7/25/2025","7:45:00 PM",0,9.3374,9.712
"2385","7/25/2025","8:00:00 PM",0,9.3397,9.821
"2386","7/25/2025","8:15:00 PM",0,9.3398,9.812
"2387","7/25/2025","8:30:00 PM",0,9.3417,9.705
"2388","7/25/2025","8:45:00 PM",0,9.3511,9.687
"2389","7/25/2025","9:00:00 PM",0,9.3556,9.822
"2390","7/25/2025","9:15:00 PM",0,9.3594,9.749
"2391","7/25/2025","9:30:00 PM",0,9.3604,9.66
"2392","7/25/2025","9:45:00 PM",0,9.3624,9.667
"2393","7/25/2025","10:00:00 PM",0,9.3643,9.601
"2394","7/25/2025","10:15:00 PM",0,9.3632,9.433
"2395","7/25/2025","10:30:00 PM",0,9.3615,9.3
"2396","7/25/2025","10:45:00 PM",0,9.3627,9.207
"2397","7/25/2025","11:00:00 PM",0,9.3634,9.152
"2398","7/25/2025","11:15:00 PM",0,9.3625,9.11
"2399","7/25/2025","11:30:00 PM",0,9.3614,9.077
"2400","7/25/2025","11:45:00 PM",0,9.3608,9.053
"2401","7/26/2025","12:00:00 AM",0,9.3606,9.052
"2402","7/26/2025","12:15:00 AM",0,9.3597,9.039
"2403","7/26/2025","12:30:00 AM",0,9.3595,9.02
"2404","7/26/2025","12:45:00 AM",0,9.3588,9.002
"2405","7/26/2025","1:00:00 AM",0,9.3579,8.992
"2406","7/26/2025","1:15:00 AM",0,9.3571,8.972
"2407","7/26/2025","1:30:00 AM",0,9.3567,8.967
"2408","7/26/2025","1:45:00 AM",0,9.3566,8.95
"2409","7/26/2025","2:00:00 AM",0,9.3556,8.935
"2410","7/26/2025","2:15:00 AM",0,9.3558,8.92
"2411","7/26/2025","2:30:00 AM",0,9.3551,8.905
"2412","7/26/2025","2:45:00 AM",0,9.3546,8.89
"2413","7/26/2025","3:00:00 AM",0,9.3543,8.878
"2414","7/26/2025","3:15:00 AM",0,9.3535,8.867
"2415","7/26/2025","3:30:00 AM",0,9.354,8.853
"2416","7/26/2025","3:45:00 AM",0,9.3538,8.847
"2417","7/26/2025","4:00:00 AM",0,9.3537,8.837
"2418","7/26/2025","4:15:00 AM",0,9.3543,8.825
"2419","7/26/2025","4:30:00 AM",0,9.3541,8.818
"2420","7/26/2025","4:45:00 AM",0,9.3539,8.812
"2421","7/26/2025","5:00:00 AM",0,9.3544,8.802
"2422","7/26/2025","5:15:00 AM",0,9.3549,8.798
"2423","7/26/2025","5:30:00 AM",0,9.3552,8.788
"2424","7/26/2025","5:45:00 AM",0,9.3571,8.783
"2425","7/26/2025","6:00:00 AM",0,9.3573,8.776
"2426","7/26/2025","6:15:00 AM",0,9.3574,8.777
"2427","7/26/2025","6:30:00 AM",0,9.3574,8.775
"2428","7/26/2025","6:45:00 AM",0,9.3573,8.774
"2429","7/26/2025","7:00:00 AM",0,9.3585,8.776
"2430","7/26/2025","7:15:00 AM",0,9.3591,8.783
"2431","7/26/2025","7:30:00 AM",0,9.3597,8.799
"2432","7/26/2025","7:45:00 AM",0,9.3612,8.837
"2433","7/26/2025","8:00:00 AM",0,9.3627,8.898
"2434","7/26/2025","8:15:00 AM",0,9.3636,8.966
"2435","7/26/2025","8:30:00 AM",0,9.3648,9.046
"2436","7/26/2025","8:45:00 AM",0,9.3662,9.146
"2437","7/26/2025","9:00:00 AM",0,9.3675,9.241
"2438","7/26/2025","9:15:00 AM",0,9.3685,9.329
"2439","7/26/2025","9:30:00 AM",0,9.3686,9.415
"2440","7/26/2025","9:45:00 AM",0,9.3692,9.533
"2441","7/26/2025","10:00:00 AM",0,9.3703,9.673
"2442","7/26/2025","10:15:00 AM",0,9.3714,9.794
"2443","7/26/2025","10:30:00 AM",0,9.3717,9.913
"2444","7/26/2025","10:45:00 AM",0,9.3717,10.015
"2445","7/26/2025","11:00:00 AM",0,9.372,10.103
"2446","7/26/2025","11:15:00 AM",0,9.3722,10.182
"2447","7/26/2025","11:30:00 AM",0,9.3689,10.288
"2448","7/26/2025","11:45:00 AM",0,9.3695,10.366
"2449","7/26/2025","12:00:00 PM",0,9.3704,10.46
"2450","7/26/2025","12:15:00 PM",0,9.3706,10.561
"2451","7/26/2025","12:30:00 PM",0,9.3697,10.627
"2452","7/26/2025","12:45:00 PM",0,9.3696,10.723
"2453","7/26/2025","1:00:00 PM",0,9.37,10.843
"2454","7/26/2025","1:15:00 PM",0,9.3693,10.914
"2455","7/26/2025","1:30:00 PM",0,9.3686,10.96
"2456","7/26/2025","1:45:00 PM",0,9.3664,10.96
"2457","7/26/2025","2:00:00 PM",0,9.366,10.986
"2458","7/26/2025","2:15:00 PM",0,9.3638,10.954
"2459","7/26/2025","2:30:00 PM",0,9.3621,10.934
"2460","7/26/2025","2:45:00 PM",0,9.3599,10.918
"2461","7/26/2025","3:00:00 PM",0,9.3588,10.899
"2462","7/26/2025","3:15:00 PM",0,9.3573,10.86
"2463","7/26/2025","3:30:00 PM",0,9.3564,10.852
"2464","7/26/2025","3:45:00 PM",0,9.3545,10.809
"2465","7/26/2025","4:00:00 PM",0,9.3536,10.746
"2466","7/26/2025","4:15:00 PM",0,9.3521,10.715
"2467","7/26/2025","4:30:00 PM",0,9.3506,10.655
"2468","7/26/2025","4:45:00 PM",0,9.3492,10.586
"2469","7/26/2025","5:00:00 PM",0,9.3475,10.496
"2470","7/26/2025","5:15:00 PM",0,9.3459,10.381
"2471","7/26/2025","5:30:00 PM",0,9.3447,10.276
"2472","7/26/2025","5:45:00 PM",0,9.3424,10.141
"2473","7/26/2025","6:00:00 PM",0,9.3409,10.006
"2474","7/26/2025","6:15:00 PM",0,9.3388,9.95
"2475","7/26/2025","6:30:00 PM",0,9.3375,9.892
"2476","7/26/2025","6:45:00 PM",0,9.3376,9.825
"2477","7/26/2025","7:00:00 PM",0,9.3386,9.815
"2478","7/26/2025","7:15:00 PM",0,9.3408,9.91
"2479","7/26/2025","7:30:00 PM",0,9.3426,9.936
"2480","7/26/2025","7:45:00 PM",0,9.3436,9.887
"2481","7/26/2025","8:00:00 PM",0,9.3448,9.823
"2482","7/26/2025","8:15:00 PM",0,9.3452,9.654
"2483","7/26/2025","8:30:00 PM",0,9.3457,9.481
"2484","7/26/2025","8:45:00 PM",0,9.3467,9.362
"2485","7/26/2025","9:00:00 PM",0,9.3489,9.283
"2486","7/26/2025","9:15:00 PM",0,9.3518,9.218
"2487","7/26/2025","9:30:00 PM",0,9.355,9.175
"2488","7/26/2025","9:45:00 PM",0,9.3584,9.141
"2489","7/26/2025","10:00:00 PM",0,9.3593,9.111
"2490","7/26/2025","10:15:00 PM",0,9.3608,9.097
"2491","7/26/2025","10:30:00 PM",0,9.3616,9.087
"2492","7/26/2025","10:45:00 PM",0,9.3625,9.07
"2493","7/26/2025","11:00:00 PM",0,9.3629,9.06
"2494","7/26/2025","11:15:00 PM",0,9.3627,9.049
"2495","7/26/2025","11:30:00 PM",0,9.3638,9.04
"2496","7/26/2025","11:45:00 PM",0,9.3638,9.031
"2497","7/27/2025","12:00:00 AM",0,9.3645,9.018
"2498","7/27/2025","12:15:00 AM",0,9.3639,9.007
"2499","7/27/2025","12:30:00 AM",0,9.3631,8.991
"2500","7/27/2025","12:45:00 AM",0,9.363,8.975
"2501","7/27/2025","1:00:00 AM",0,9.3637,8.963
"2502","7/27/2025","1:15:00 AM",0,9.3641,8.951
"2503","7/27/2025","1:30:00 AM",0,9.3645,8.926
"2504","7/27/2025","1:45:00 AM",0,9.3649,8.902
"2505","7/27/2025","2:00:00 AM",0,9.3652,8.879
"2506","7/27/2025","2:15:00 AM",0,9.3648,8.861
"2507","7/27/2025","2:30:00 AM",0,9.3645,8.854
"2508","7/27/2025","2:45:00 AM",0,9.3652,8.845
"2509","7/27/2025","3:00:00 AM",0,9.3657,8.834
"2510","7/27/2025","3:15:00 AM",0,9.365,8.82
"2511","7/27/2025","3:30:00 AM",0,9.365,8.808
"2512","7/27/2025","3:45:00 AM",0,9.3651,8.8
"2513","7/27/2025","4:00:00 AM",0,9.3655,8.795
"2514","7/27/2025","4:15:00 AM",0,9.3653,8.789
"2515","7/27/2025","4:30:00 AM",0,9.3652,8.783
"2516","7/27/2025","4:45:00 AM",0,9.3655,8.777
"2517","7/27/2025","5:00:00 AM",0,9.3657,8.772
"2518","7/27/2025","5:15:00 AM",0,9.3665,8.765
"2519","7/27/2025","5:30:00 AM",0,9.3667,8.758
"2520","7/27/2025","5:45:00 AM",0,9.3672,8.75
"2521","7/27/2025","6:00:00 AM",0,9.3684,8.748
"2522","7/27/2025","6:15:00 AM",0,9.3686,8.744
"2523","7/27/2025","6:30:00 AM",0,9.369,8.745
"2524","7/27/2025","6:45:00 AM",0,9.3691,8.749
"2525","7/27/2025","7:00:00 AM",0,9.3694,8.756
"2526","7/27/2025","7:15:00 AM",0,9.3705,8.765
"2527","7/27/2025","7:30:00 AM",0,9.3709,8.785
"2528","7/27/2025","7:45:00 AM",0,9.3714,8.831
"2529","7/27/2025","8:00:00 AM",0,9.3737,8.9
"2530","7/27/2025","8:15:00 AM",0,9.3748,8.974
"2531","7/27/2025","8:30:00 AM",0,9.3764,9.063
"2532","7/27/2025","8:45:00 AM",0,9.3779,9.16
"2533","7/27/2025","9:00:00 AM",0,9.3788,9.219
"2534","7/27/2025","9:15:00 AM",0,9.3793,9.283
"2535","7/27/2025","9:30:00 AM",0,9.3796,9.35
"2536","7/27/2025","9:45:00 AM",0,9.3805,9.449
"2537","7/27/2025","10:00:00 AM",0,9.3817,9.559
"2538","7/27/2025","10:15:00 AM",0,9.3825,9.686
"2539","7/27/2025","10:30:00 AM",0,9.3837,9.824
"2540","7/27/2025","10:45:00 AM",0,9.3847,9.965
"2541","7/27/2025","11:00:00 AM",0,9.3853,10.077
"2542","7/27/2025","11:15:00 AM",0,9.3859,10.2
"2543","7/27/2025","11:30:00 AM",0,9.3861,10.292
"2544","7/27/2025","11:45:00 AM",0,9.3861,10.362
"2545","7/27/2025","12:00:00 PM",0,9.3854,10.444
"2546","7/27/2025","12:15:00 PM",0,9.3851,10.521
"2547","7/27/2025","12:30:00 PM",0,9.3848,10.593
"2548","7/27/2025","12:45:00 PM",0,9.3843,10.656
"2549","7/27/2025","1:00:00 PM",0,9.3839,10.724
"2550","7/27/2025","1:15:00 PM",0,9.3789,10.79
"2551","7/27/2025","1:30:00 PM",0,9.3777,10.82
"2552","7/27/2025","1:45:00 PM",0,9.3767,10.804
"2553","7/27/2025","2:00:00 PM",0,9.3761,10.853
"2554","7/27/2025","2:15:00 PM",0,9.3769,10.966
"2555","7/27/2025","2:30:00 PM",0,9.3759,10.93
"2556","7/27/2025","2:45:00 PM",0,9.3744,10.899
"2557","7/27/2025","3:00:00 PM",0,9.3732,10.878
"2558","7/27/2025","3:15:00 PM",0,9.3719,10.88
"2559","7/27/2025","3:30:00 PM",0,9.3717,10.884
"2560","7/27/2025","3:45:00 PM",0,9.3694,10.843
"2561","7/27/2025","4:00:00 PM",0,9.3675,10.764
"2562","7/27/2025","4:15:00 PM",0,9.3668,10.739
"2563","7/27/2025","4:30:00 PM",0,9.3655,10.702
"2564","7/27/2025","4:45:00 PM",0,9.3636,10.485
"2565","7/27/2025","5:00:00 PM",0,9.3598,10.228
"2566","7/27/2025","5:15:00 PM",0,9.3599,10.221
"2567","7/27/2025","5:30:00 PM",0,9.3607,10.214
"2568","7/27/2025","5:45:00 PM",0,9.3591,10.021
"2569","7/27/2025","6:00:00 PM",0,9.3595,9.822
"2570","7/27/2025","6:15:00 PM",0,9.3616,9.676
"2571","7/27/2025","6:30:00 PM",0,9.363,9.712
"2572","7/27/2025","6:45:00 PM",0,9.3653,9.73
"2573","7/27/2025","7:00:00 PM",0,9.3649,9.815
"2574","7/27/2025","7:15:00 PM",0,9.3671,9.858
"2575","7/27/2025","7:30:00 PM",0,9.369,9.832
"2576","7/27/2025","7:45:00 PM",0,9.3691,9.662
"2577","7/27/2025","8:00:00 PM",0,9.3691,9.664
"2578","7/27/2025","8:15:00 PM",0,9.3674,9.605
"2579","7/27/2025","8:30:00 PM",0,9.3669,9.452
"2580","7/27/2025","8:45:00 PM",0,9.369,9.32
"2581","7/27/2025","9:00:00 PM",0,9.3709,9.248
"2582","7/27/2025","9:15:00 PM",0,9.3736,9.19
"2583","7/27/2025","9:30:00 PM",0,9.3747,9.147
"2584","7/27/2025","9:45:00 PM",0,9.3756,9.109
"2585","7/27/2025","10:00:00 PM",0,9.3748,9.076
"2586","7/27/2025","10:15:00 PM",0,9.3755,9.064
"2587","7/27/2025","10:30:00 PM",0,9.3751,9.05
"2588","7/27/2025","10:45:00 PM",0,9.3754,9.02
"2589","7/27/2025","11:00:00 PM",0,9.3761,8.994
"2590","7/27/2025","11:15:00 PM",0,9.3762,8.969
"2591","7/27/2025","11:30:00 PM",0,9.3786,8.949
"2592","7/27/2025","11:45:00 PM",0,9.3796,8.931
"2593","7/28/2025","12:00:00 AM",0,9.3805,8.924
"2594","7/28/2025","12:15:00 AM",0,9.3822,8.918
"2595","7/28/2025","12:30:00 AM",0,9.3839,8.911
"2596","7/28/2025","12:45:00 AM",0,9.3851,8.905
"2597","7/28/2025","1:00:00 AM",0,9.3857,8.892
"2598","7/28/2025","1:15:00 AM",0,9.386,8.887
"2599","7/28/2025","1:30:00 AM",0,9.3863,8.878
"2600","7/28/2025","1:45:00 AM",0,9.3872,8.873
"2601","7/28/2025","2:00:00 AM",0,9.3876,8.866
"2602","7/28/2025","2:15:00 AM",0,9.3878,8.858
"2603","7/28/2025","2:30:00 AM",0,9.3883,8.846
"2604","7/28/2025","2:45:00 AM",0,9.3882,8.835
"2605","7/28/2025","3:00:00 AM",0,9.3884,8.826
"2606","7/28/2025","3:15:00 AM",0,9.389,8.82
"2607","7/28/2025","3:30:00 AM",0,9.3887,8.811
"2608","7/28/2025","3:45:00 AM",0,9.3887,8.802
"2609","7/28/2025","4:00:00 AM",0,9.3891,8.796
"2610","7/28/2025","4:15:00 AM",0,9.3896,8.794
"2611","7/28/2025","4:30:00 AM",0,9.3897,8.788
"2612","7/28/2025","4:45:00 AM",0,9.3903,8.785
"2613","7/28/2025","5:00:00 AM",0,9.3902,8.776
"2614","7/28/2025","5:15:00 AM",0,9.3909,8.773
"2615","7/28/2025","5:30:00 AM",0,9.3916,8.763
"2616","7/28/2025","5:45:00 AM",0,9.3921,8.754
"2617","7/28/2025","6:00:00 AM",0,9.3933,8.749
"2618","7/28/2025","6:15:00 AM",0,9.3957,8.747
"2619","7/28/2025","6:30:00 AM",0,9.3957,8.746
"2620","7/28/2025","6:45:00 AM",0,9.3973,8.749
"2621","7/28/2025","7:00:00 AM",0,9.3981,8.753
"2622","7/28/2025","7:15:00 AM",0,9.3991,8.763
"2623","7/28/2025","7:30:00 AM",0,9.3998,8.783
"2624","7/28/2025","7:45:00 AM",0,9.4014,8.824
"2625","7/28/2025","8:00:00 AM",0,9.4031,8.887
"2626","7/28/2025","8:15:00 AM",0,9.4044,8.96
"2627","7/28/2025","8:30:00 AM",0,9.4056,9.03
"2628","7/28/2025","8:45:00 AM",0,9.407,9.117
"2629","7/28/2025","9:00:00 AM",0,9.4083,9.22
"2630","7/28/2025","9:15:00 AM",0,9.4096,9.318
"2631","7/28/2025","9:30:00 AM",0,9.4106,9.411
"2632","7/28/2025","9:45:00 AM",0,9.4115,9.49
"2633","7/28/2025","10:00:00 AM",0,9.412,9.574
"2634","7/28/2025","10:15:00 AM",0,9.4125,9.684
"2635","7/28/2025","10:30:00 AM",0,9.4128,9.789
"2636","7/28/2025","10:45:00 AM",0,9.4134,9.915
"2637","7/28/2025","11:00:00 AM",0,9.4139,10.02
"2638","7/28/2025","11:15:00 AM",0,9.4149,10.147
"2639","7/28/2025","11:30:00 AM",0,9.4146,10.285
"2640","7/28/2025","11:45:00 AM",0,9.4142,10.386
"2641","7/28/2025","12:00:00 PM",0,9.4132,10.448
"2642","7/28/2025","12:15:00 PM",0,9.4121,10.542
"2643","7/28/2025","12:30:00 PM",0,9.411,10.586
"2644","7/28/2025","12:45:00 PM",0,9.4099,10.662
"2645","7/28/2025","1:00:00 PM",0,9.4092,10.73
"2646","7/28/2025","1:15:00 PM",0,9.4078,10.804
"2647","7/28/2025","1:30:00 PM",0,9.4041,10.832
"2648","7/28/2025","1:45:00 PM",0,9.4032,10.878
"2649","7/28/2025","2:00:00 PM",0,9.4025,10.89
"2650","7/28/2025","2:15:00 PM",0,9.4009,10.893
"2651","7/28/2025","2:30:00 PM",0,9.4006,10.926
"2652","7/28/2025","2:45:00 PM",0,9.4009,10.962
"2653","7/28/2025","3:00:00 PM",0,9.3998,10.958
"2654","7/28/2025","3:15:00 PM",0,9.3986,10.96
"2655","7/28/2025","3:30:00 PM",0,9.397,10.889
"2656","7/28/2025","3:45:00 PM",0,9.3961,10.867
"2657","7/28/2025","4:00:00 PM",0,9.3937,10.794
"2658","7/28/2025","4:15:00 PM",0,9.3918,10.766
"2659","7/28/2025","4:30:00 PM",0,9.3913,10.73
"2660","7/28/2025","4:45:00 PM",0,9.3894,10.617
"2661","7/28/2025","5:00:00 PM",0,9.387,10.523
"2662","7/28/2025","5:15:00 PM",0,9.3866,10.424
"2663","7/28/2025","5:30:00 PM",0,9.3844,10.235
"2664","7/28/2025","5:45:00 PM",0,9.3828,10.083
"2665","7/28/2025","6:00:00 PM",0,9.3821,9.996
"2666","7/28/2025","6:15:00 PM",0,9.3813,9.868
"2667","7/28/2025","6:30:00 PM",0,9.3804,9.733
"2668","7/28/2025","6:45:00 PM",0,9.3807,9.631
"2669","7/28/2025","7:00:00 PM",0,9.3813,9.535
"2670","7/28/2025","7:15:00 PM",0,9.3803,9.45
"2671","7/28/2025","7:30:00 PM",0,9.3806,9.402
"2672","7/28/2025","7:45:00 PM",0,9.383,9.481
"2673","7/28/2025","8:00:00 PM",0,9.3835,9.481
"2674","7/28/2025","8:15:00 PM",0,9.3857,9.55
"2675","7/28/2025","8:30:00 PM",0,9.3874,9.562
"2676","7/28/2025","8:45:00 PM",0,9.3878,9.54
"2677","7/28/2025","9:00:00 PM",0,9.3876,9.455
"2678","7/28/2025","9:15:00 PM",0,9.3882,9.374
"2679","7/28/2025","9:30:00 PM",0,9.3903,9.378
"2680","7/28/2025","9:45:00 PM",0,9.3923,9.392
"2681","7/28/2025","10:00:00 PM",0,9.3942,9.415
"2682","7/28/2025","10:15:00 PM",0,9.3974,9.401
"2683","7/28/2025","10:30:00 PM",0,9.3996,9.377
"2684","7/28/2025","10:45:00 PM",0,9.4007,9.278
"2685","7/28/2025","11:00:00 PM",0,9.4004,9.197
"2686","7/28/2025","11:15:00 PM",0,9.4001,9.128
"2687","7/28/2025","11:30:00 PM",0,9.4011,9.084
"2688","7/28/2025","11:45:00 PM",0,9.4001,9.052
"2689","7/29/2025","12:00:00 AM",0,9.401,9.043
"2690","7/29/2025","12:15:00 AM",0,9.4011,9.04
"2691","7/29/2025","12:30:00 AM",0,9.4014,9.035
"2692","7/29/2025","12:45:00 AM",0,9.4018,9.03
"2693","7/29/2025","1:00:00 AM",0,9.4023,9.02
"2694","7/29/2025","1:15:00 AM",0,9.4014,9.002
"2695","7/29/2025","1:30:00 AM",0,9.4018,8.998
"2696","7/29/2025","1:45:00 AM",0,9.4017,8.977
"2697","7/29/2025","2:00:00 AM",0,9.4014,8.953
"2698","7/29/2025","2:15:00 AM",0,9.4019,8.937
"2699","7/29/2025","2:30:00 AM",0,9.4022,8.919
"2700","7/29/2025","2:45:00 AM",0,9.4024,8.901
"2701","7/29/2025","3:00:00 AM",0,9.4026,8.883
"2702","7/29/2025","3:15:00 AM",0,9.4018,8.867
"2703","7/29/2025","3:30:00 AM",0,9.403,8.86
"2704","7/29/2025","3:45:00 AM",0,9.403,8.851
"2705","7/29/2025","4:00:00 AM",0,9.4036,8.839
"2706","7/29/2025","4:15:00 AM",0,9.4033,8.834
"2707","7/29/2025","4:30:00 AM",0,9.4042,8.825
"2708","7/29/2025","4:45:00 AM",0,9.4045,8.821
"2709","7/29/2025","5:00:00 AM",0,9.405,8.817
"2710","7/29/2025","5:15:00 AM",0,9.4062,8.826
"2711","7/29/2025","5:30:00 AM",0,9.4068,8.826
"2712","7/29/2025","5:45:00 AM",0,9.4077,8.821
"2713","7/29/2025","6:00:00 AM",0,9.408,8.819
"2714","7/29/2025","6:15:00 AM",0,9.4091,8.816
"2715","7/29/2025","6:30:00 AM",0,9.41,8.81
"2716","7/29/2025","6:45:00 AM",0,9.4115,8.809
"2717","7/29/2025","7:00:00 AM",0,9.4114,8.809
"2718","7/29/2025","7:15:00 AM",0,9.4123,8.816
"2719","7/29/2025","7:30:00 AM",0,9.4118,8.827
"2720","7/29/2025","7:45:00 AM",0,9.4131,8.858
"2721","7/29/2025","8:00:00 AM",0,9.4144,8.921
"2722","7/29/2025","8:15:00 AM",0,9.4155,8.992
"2723","7/29/2025","8:30:00 AM",0,9.4161,9.059
"2724","7/29/2025","8:45:00 AM",0,9.4173,9.141
"2725","7/29/2025","9:00:00 AM",0,9.4189,9.241
"2726","7/29/2025","9:15:00 AM",0,9.4206,9.333
"2727","7/29/2025","9:30:00 AM",0,9.4211,9.417
"2728","7/29/2025","9:45:00 AM",0,9.422,9.503
"2729","7/29/2025","10:00:00 AM",0,9.422,9.592
"2730","7/29/2025","10:15:00 AM",0,9.4216,9.705
"2731","7/29/2025","10:30:00 AM",0,9.3407,10.805
"2732","7/29/2025","10:50:30 AM",0,9.4317,10.71
"2733","7/29/2025","11:05:30 AM",0,9.4278,10.212
"2734","7/29/2025","11:20:30 AM",0,9.4261,10.116
"2735","7/29/2025","11:35:30 AM",0,9.4265,10.147
"2736","7/29/2025","11:50:30 AM",0,9.4279,10.218
"2737","7/29/2025","12:05:30 PM",0,9.4294,10.31
"2738","7/29/2025","12:20:30 PM",0,9.4304,10.414
"2739","7/29/2025","12:35:30 PM",0,9.4312,10.494
"2740","7/29/2025","12:50:30 PM",0,9.431,10.554
"2741","7/29/2025","1:05:30 PM",0,9.4302,10.577
"2742","7/29/2025","1:20:30 PM",0,9.4295,10.602
"2743","7/29/2025","1:35:30 PM",0,9.4288,10.645
"2744","7/29/2025","1:50:30 PM",0,9.4284,10.69
"2745","7/29/2025","2:05:30 PM",0,9.4272,10.723
"2746","7/29/2025","2:20:30 PM",0,9.4263,10.727
"2747","7/29/2025","2:35:30 PM",0,9.4247,10.69
"2748","7/29/2025","2:50:30 PM",0,9.4234,10.679
"2749","7/29/2025","3:05:30 PM",0,9.4222,10.632
"2750","7/29/2025","3:20:30 PM",0,9.4196,10.607
"2751","7/29/2025","3:35:30 PM",0,9.4175,10.6
"2752","7/29/2025","3:50:30 PM",0,9.4149,10.548
"2753","7/29/2025","4:05:30 PM",0,9.4133,10.532
"2754","7/29/2025","4:20:30 PM",0,9.4111,10.478
"2755","7/29/2025","4:35:30 PM",0,9.409,10.387
"2756","7/29/2025","4:50:30 PM",0,9.4067,10.272
"2757","7/29/2025","5:05:30 PM",0,9.4049,10.197
"2758","7/29/2025","5:20:30 PM",0,9.4039,10.158
"2759","7/29/2025","5:35:30 PM",0,9.4019,10.085
"2760","7/29/2025","5:50:30 PM",0,9.4005,9.981
"2761","7/29/2025","6:05:30 PM",0,9.3986,9.889
"2762","7/29/2025","6:20:30 PM",0,9.3972,9.798
"2763","7/29/2025","6:35:30 PM",0,9.3958,9.7
"2764","7/29/2025","6:50:30 PM",0,9.3939,9.62
"2765","7/29/2025","7:05:30 PM",0,9.3946,9.67
"2766","7/29/2025","7:20:30 PM",0,9.396,9.683
"2767","7/29/2025","7:35:30 PM",0,9.3962,9.693
"2768","7/29/2025","7:50:30 PM",0,9.3975,9.704
"2769","7/29/2025","8:05:30 PM",0,9.3985,9.692
"2770","7/29/2025","8:20:30 PM",0,9.399,9.668
"2771","7/29/2025","8:35:30 PM",0,9.3986,9.61
"2772","7/29/2025","8:50:30 PM",0,9.399,9.527
"2773","7/29/2025","9:05:30 PM",0,9.3992,9.441
"2774","7/29/2025","9:20:30 PM",0,9.3987,9.363
"2775","7/29/2025","9:35:30 PM",0,9.398,9.303
"2776","7/29/2025","9:50:30 PM",0,9.4,9.245
"2777","7/29/2025","10:05:30 PM",0,9.3994,9.205
"2778","7/29/2025","10:20:30 PM",0,9.4007,9.191
"2779","7/29/2025","10:35:30 PM",0,9.4,9.169
"2780","7/29/2025","10:50:30 PM",0,9.3999,9.189
"2781","7/29/2025","11:05:30 PM",0,9.4005,9.224
"2782","7/29/2025","11:20:30 PM",0,9.401,9.219
"2783","7/29/2025","11:35:30 PM",0,9.4019,9.189
"2784","7/29/2025","11:50:30 PM",0,9.4027,9.15
"2785","7/30/2025","12:05:30 AM",0,9.4029,9.11
"2786","7/30/2025","12:20:30 AM",0,9.4033,9.09
"2787","7/30/2025","12:35:30 AM",0,9.4094,9.056
"2788","7/30/2025","12:50:30 AM",0,9.4092,9.035
"2789","7/30/2025","1:05:30 AM",0,9.4092,9.012
"2790","7/30/2025","1:20:30 AM",0,9.409,9.008
"2791","7/30/2025","1:35:30 AM",0,9.4091,9.016
"2792","7/30/2025","1:50:30 AM",0,9.4089,9.006
"2793","7/30/2025","2:05:30 AM",0,9.4082,8.987
"2794","7/30/2025","2:20:30 AM",0,9.4073,8.961
"2795","7/30/2025","2:35:30 AM",0,9.4071,8.937
"2796","7/30/2025","2:50:30 AM",0,9.4069,8.924
"2797","7/30/2025","3:05:30 AM",0,9.4069,8.917
"2798","7/30/2025","3:20:30 AM",0,9.4058,8.898
"2799","7/30/2025","3:35:30 AM",0,9.4057,8.876
"2800","7/30/2025","3:50:30 AM",0,9.4054,8.859
"2801","7/30/2025","4:05:30 AM",0,9.405,8.855
"2802","7/30/2025","4:20:30 AM",0,9.4054,8.845
"2803","7/30/2025","4:35:30 AM",0,9.4062,8.844
"2804","7/30/2025","4:50:30 AM",0,9.4058,8.844
"2805","7/30/2025","5:05:30 AM",0,9.4058,8.839
"2806","7/30/2025","5:20:30 AM",0,9.4062,8.828
"2807","7/30/2025","5:35:30 AM",0,9.4063,8.818
"2808","7/30/2025","5:50:30 AM",0,9.4069,8.807
"2809","7/30/2025","6:05:30 AM",0,9.4076,8.803
"2810","7/30/2025","6:20:30 AM",0,9.4075,8.794
"2811","7/30/2025","6:35:30 AM",0,9.4073,8.787
"2812","7/30/2025","6:50:30 AM",0,9.4081,8.786
"2813","7/30/2025","7:05:30 AM",0,9.4078,8.789
"2814","7/30/2025","7:20:30 AM",0,9.4082,8.794
"2815","7/30/2025","7:35:30 AM",0,9.4086,8.812
"2816","7/30/2025","7:50:30 AM",0,9.4097,8.857
"2817","7/30/2025","8:05:30 AM",0,9.4108,8.918
"2818","7/30/2025","8:20:30 AM",0,9.4122,8.976
"2819","7/30/2025","8:35:30 AM",0,9.4135,9.038
"2820","7/30/2025","8:50:30 AM",0,9.4149,9.103
"2821","7/30/2025","9:05:30 AM",0,9.4164,9.176
"2822","7/30/2025","9:20:30 AM",0,9.4177,9.251
"2823","7/30/2025","9:35:30 AM",0,9.4191,9.343
"2824","7/30/2025","9:50:30 AM",0,9.4207,9.421
"2825","7/30/2025","10:05:30 AM",0,9.4211,9.505
"2826","7/30/2025","10:20:30 AM",0,9.4222,9.602
"2827","7/30/2025","10:35:30 AM",0,9.4213,9.624
"2828","7/30/2025","10:50:30 AM",0,9.4203,9.601
"2829","7/30/2025","11:05:30 AM",0,9.4202,9.606
"2830","7/30/2025","11:20:30 AM",0,9.421,9.77
"2831","7/30/2025","11:35:30 AM",0,9.4208,9.906
"2832","7/30/2025","11:50:30 AM",0,9.4194,10.077
"2833","7/30/2025","12:05:30 PM",0,9.418,10.218
"2834","7/30/2025","12:20:30 PM",0,9.4167,10.249
"2835","7/30/2025","12:35:30 PM",0,9.4148,10.034
"2836","7/30/2025","12:50:30 PM",0,9.4129,9.838
"2837","7/30/2025","1:05:30 PM",0,9.412,9.65
"2838","7/30/2025","1:20:30 PM",0,9.4083,9.498
"2839","7/30/2025","1:35:30 PM",0,9.4063,9.422
"2840","7/30/2025","1:50:30 PM",0,9.4073,9.434
"2841","7/30/2025","2:05:30 PM",0,9.4054,9.404
"2842","7/30/2025","2:20:30 PM",0,9.4054,9.34
"2843","7/30/2025","2:35:30 PM",0,9.4044,9.288
"2844","7/30/2025","2:50:30 PM",0,9.4036,9.236
"2845","7/30/2025","3:05:30 PM",0,9.4034,9.216
"2846","7/30/2025","3:20:30 PM",0,9.4009,9.179
"2847","7/30/2025","3:35:30 PM",0,9.4004,9.181
"2848","7/30/2025","3:50:30 PM",0,9.4026,9.299
"2849","7/30/2025","4:05:30 PM",0,9.4014,9.307
"2850","7/30/2025","4:20:30 PM",0,9.4001,9.307
"2851","7/30/2025","4:35:30 PM",0,9.399,9.313
"2852","7/30/2025","4:50:30 PM",0,9.3994,9.324
"2853","7/30/2025","5:05:30 PM",0,9.3988,9.327
"2854","7/30/2025","5:20:30 PM",0,9.399,9.315
"2855","7/30/2025","5:35:30 PM",0,9.3997,9.313
"2856","7/30/2025","5:50:30 PM",0,9.4003,9.31
"2857","7/30/2025","6:05:30 PM",0,9.3994,9.3
"2858","7/30/2025","6:20:30 PM",0,9.3989,9.305
"2859","7/30/2025","6:35:30 PM",0,9.3987,9.33
"2860","7/30/2025","6:50:30 PM",0,9.3991,9.295
"2861","7/30/2025","7:05:30 PM",0,9.4,9.235
"2862","7/30/2025","7:20:30 PM",0,9.4005,9.18
"2863","7/30/2025","7:35:30 PM",0,9.4024,9.136
"2864","7/30/2025","7:50:30 PM",0,9.4029,9.108
"2865","7/30/2025","8:05:30 PM",0,9.4026,9.087
"2866","7/30/2025","8:20:30 PM",0,9.4016,9.062
"2867","7/30/2025","8:35:30 PM",0,9.4005,9.034
"2868","7/30/2025","8:50:30 PM",0,9.4012,9.009
"2869","7/30/2025","9:05:30 PM",0,9.4014,8.993
"2870","7/30/2025","9:20:30 PM",0,9.4015,8.978
"2871","7/30/2025","9:35:30 PM",0,9.4017,8.968
"2872","7/30/2025","9:50:30 PM",0,9.4011,8.951
"2873","7/30/2025","10:05:30 PM",0,9.4007,8.948
"2874","7/30/2025","10:20:30 PM",0,9.4009,8.971
"2875","7/30/2025","10:35:30 PM",0,9.4014,8.99
"2876","7/30/2025","10:50:30 PM",0,9.4028,9.029
"2877","7/30/2025","11:05:30 PM",0,9.4048,9.095
"2878","7/30/2025","11:20:30 PM",0,9.4057,9.096
"2879","7/30/2025","11:35:30 PM",0,9.4064,9.09
"2880","7/30/2025","11:50:30 PM",0,9.4062,9.085
"2881","7/31/2025","12:05:30 AM",0,9.405,9.03
"2882","7/31/2025","12:20:30 AM",0,9.4054,8.986
"2883","7/31/2025","12:35:30 AM",0,9.4065,8.96
"2884","7/31/2025","12:50:30 AM",0,9.406,8.942
"2885","7/31/2025","1:05:30 AM",0,9.4061,8.93
"2886","7/31/2025","1:20:30 AM",0,9.4051,8.918
"2887","7/31/2025","1:35:30 AM",0,9.4047,8.918
"2888","7/31/2025","1:50:30 AM",0,9.4038,8.908
"2889","7/31/2025","2:05:30 AM",0,9.4037,8.9
"2890","7/31/2025","2:20:30 AM",0,9.4032,8.897
"2891","7/31/2025","2:35:30 AM",0,9.4027,8.889
"2892","7/31/2025","2:50:30 AM",0,9.4028,8.882
"2893","7/31/2025","3:05:30 AM",0,9.4026,8.868
"2894","7/31/2025","3:20:30 AM",0,9.4024,8.862
"2895","7/31/2025","3:35:30 AM",0,9.4023,8.856
"2896","7/31/2025","3:50:30 AM",0,9.4023,8.846
"2897","7/31/2025","4:05:30 AM",0,9.4028,8.849
"2898","7/31/2025","4:20:30 AM",0,9.4033,8.853
"2899","7/31/2025","4:35:30 AM",0,9.4032,8.85
"2900","7/31/2025","4:50:30 AM",0,9.4041,8.852
"2901","7/31/2025","5:05:30 AM",0,9.4044,8.853
"2902","7/31/2025","5:20:30 AM",0,9.4043,8.852
"2903","7/31/2025","5:35:30 AM",0,9.405,8.851
"2904","7/31/2025","5:50:30 AM",0,9.4047,8.854
"2905","7/31/2025","6:05:30 AM",0,9.4054,8.858
"2906","7/31/2025","6:20:30 AM",0,9.4054,8.855
"2907","7/31/2025","6:35:30 AM",0,9.4064,8.85
"2908","7/31/2025","6:50:30 AM",0,9.4077,8.851
"2909","7/31/2025","7:05:30 AM",0,9.4083,8.866
"2910","7/31/2025","7:20:30 AM",0,9.4091,8.882
"2911","7/31/2025","7:35:30 AM",0,9.41,8.901
"2912","7/31/2025","7:50:30 AM",0,9.4104,8.925
"2913","7/31/2025","8:05:30 AM",0,9.4115,8.945
"2914","7/31/2025","8:20:30 AM",0,9.412,8.977
"2915","7/31/2025","8:35:30 AM",0,9.4131,9.024
"2916","7/31/2025","8:50:30 AM",0,9.416,9.111
"2917","7/31/2025","9:05:30 AM",0,9.4185,9.259
"2918","7/31/2025","9:20:30 AM",0,9.4215,9.422
"2919","7/31/2025","9:35:30 AM",0,9.4233,9.516
"2920","7/31/2025","9:50:30 AM",0,9.4239,9.619
"2921","7/31/2025","10:05:30 AM",0,9.4248,9.668
"2922","7/31/2025","10:20:30 AM",0,9.4229,9.604
"2923","7/31/2025","10:35:30 AM",0,9.4221,9.569
"2924","7/31/2025","10:50:30 AM",0,9.4226,9.605
"2925","7/31/2025","11:05:30 AM",0,9.4241,9.731
"2926","7/31/2025","11:20:30 AM",0,9.4254,9.891
"2927","7/31/2025","11:35:30 AM",0,9.4251,10.017
"2928","7/31/2025","11:50:30 AM",0,9.4236,10.137
"2929","7/31/2025","12:05:30 PM",0,9.4239,10.245
"2930","7/31/2025","12:20:30 PM",0,9.4226,10.375
"2931","7/31/2025","12:35:30 PM",0,9.4203,10.449
"2932","7/31/2025","12:50:30 PM",0,9.4198,10.368
"2933","7/31/2025","1:05:30 PM",0,9.4179,10.129
"2934","7/31/2025","1:20:30 PM",0,9.4158,9.988
"2935","7/31/2025","1:35:30 PM",0,9.4157,10.007
"2936","7/31/2025","1:50:30 PM",0,9.4149,10.161
"2937","7/31/2025","2:05:30 PM",0,9.4147,10.309
"2938","7/31/2025","2:20:30 PM",0,9.4132,10.385
"2939","7/31/2025","2:35:30 PM",0,9.4124,10.447
"2940","7/31/2025","2:50:30 PM",0,9.4115,10.419
"2941","7/31/2025","3:05:30 PM",0,9.4104,10.328
"2942","7/31/2025","3:20:30 PM",0,9.4114,10.348
"2943","7/31/2025","3:35:30 PM",0,9.4122,10.357
"2944","7/31/2025","3:50:30 PM",0,9.412,10.296
"2945","7/31/2025","4:05:30 PM",0,9.4128,10.225
"2946","7/31/2025","4:20:30 PM",0,9.4134,10.077
"2947","7/31/2025","4:35:30 PM",0,9.4134,9.993
"2948","7/31/2025","4:50:30 PM",0,9.4152,9.976
"2949","7/31/2025","5:05:30 PM",0,9.4136,9.793
"2950","7/31/2025","5:20:30 PM",0,9.413,9.644
"2951","7/31/2025","5:35:30 PM",0,9.4157,9.56
"2952","7/31/2025","5:50:30 PM",0,9.4163,9.596
"2953","7/31/2025","6:05:30 PM",0,9.4177,9.551
"2954","7/31/2025","6:20:30 PM",0,9.419,9.452
"2955","7/31/2025","6:35:30 PM",0,9.4209,9.328
"2956","7/31/2025","6:50:30 PM",0,9.4219,9.27
"2957","7/31/2025","7:05:30 PM",0,9.4214,9.213
"2958","7/31/2025","7:20:30 PM",0,9.4204,9.177
"2959","7/31/2025","7:35:30 PM",0,9.4188,9.142
"2960","7/31/2025","7:50:30 PM",0,9.4175,9.099
"2961","7/31/2025","8:05:30 PM",0,9.4183,9.107
"2962","7/31/2025","8:20:30 PM",0,9.4181,9.102
"2963","7/31/2025","8:35:30 PM",0,9.4208,9.071
"2964","7/31/2025","8:50:30 PM",0,9.4248,9.046
"2965","7/31/2025","9:05:30 PM",0,9.4243,9.026
"2966","7/31/2025","9:20:30 PM",0,9.4245,9.007
"2967","7/31/2025","9:35:30 PM",0,9.4234,9.038
"2968","7/31/2025","9:50:30 PM",0,9.4218,9.038
"2969","7/31/2025","10:05:30 PM",0,9.4203,9.018
"2970","7/31/2025","10:20:30 PM",0,9.4191,8.993
"2971","7/31/2025","10:35:30 PM",0,9.421,8.959
"2972","7/31/2025","10:50:30 PM",0,9.4216,8.942
"2973","7/31/2025","11:05:30 PM",0,9.4225,8.926
"2974","7/31/2025","11:20:30 PM",0,9.4227,8.905
"2975","7/31/2025","11:35:30 PM",0,9.4221,8.888
"2976","7/31/2025","11:50:30 PM",0,9.422,8.882
"2977","8/1/2025","12:05:30 AM",0,9.4223,8.867
"2978","8/1/2025","12:20:30 AM",0,9.422,8.855
"2979","8/1/2025","12:35:30 AM",0,9.4197,8.837
"2980","8/1/2025","12:50:30 AM",0,9.4195,8.823
"2981","8/1/2025","1:05:30 AM",0,9.4204,8.823
"2982","8/1/2025","1:20:30 AM",0,9.4203,8.815
"2983","8/1/2025","1:35:30 AM",0,9.4219,8.822
"2984","8/1/2025","1:50:30 AM",0,9.4222,8.821
"2985","8/1/2025","2:05:30 AM",0,9.4222,8.811
"2986","8/1/2025","2:20:30 AM",0,9.422,8.793
"2987","8/1/2025","2:35:30 AM",0,9.4224,8.79
"2988","8/1/2025","2:50:30 AM",0,9.4222,8.779
"2989","8/1/2025","3:05:30 AM",0,9.4217,8.774
"2990","8/1/2025","3:20:30 AM",0,9.422,8.768
"2991","8/1/2025","3:35:30 AM",0,9.4231,8.754
"2992","8/1/2025","3:50:30 AM",0,9.4233,8.746
"2993","8/1/2025","4:05:30 AM",0,9.4239,8.734
"2994","8/1/2025","4:20:30 AM",0,9.4236,8.724
"2995","8/1/2025","4:35:30 AM",0,9.4249,8.715
"2996","8/1/2025","4:50:30 AM",0,9.4262,8.709
"2997","8/1/2025","5:05:30 AM",0,9.4336,8.705
"2998","8/1/2025","5:20:30 AM",0,9.4341,8.7
"2999","8/1/2025","5:35:30 AM",0,9.4346,8.696
"3000","8/1/2025","5:50:30 AM",0,9.4354,8.697
"3001","8/1/2025","6:05:30 AM",0,9.436,8.696
"3002","8/1/2025","6:20:30 AM",0,9.4369,8.691
"3003","8/1/2025","6:35:30 AM",0,9.4374,8.69
"3004","8/1/2025","6:50:30 AM",0,9.4381,8.698
"3005","8/1/2025","7:05:30 AM",0,9.4384,8.703
"3006","8/1/2025","7:20:30 AM",0,9.439,8.71
"3007","8/1/2025","7:35:30 AM",0,9.4397,8.73
"3008","8/1/2025","7:50:30 AM",0,9.441,8.768
"3009","8/1/2025","8:05:30 AM",0,9.4425,8.827
"3010","8/1/2025","8:20:30 AM",0,9.4446,8.893
"3011","8/1/2025","8:35:30 AM",0,9.4462,8.966
"3012","8/1/2025","8:50:30 AM",0,9.4485,9.045
"3013","8/1/2025","9:05:30 AM",0,9.4496,9.113
"3014","8/1/2025","9:20:30 AM",0,9.4514,9.205
"3015","8/1/2025","9:35:30 AM",0,9.4529,9.295
"3016","8/1/2025","9:50:30 AM",0,9.4547,9.384
"3017","8/1/2025","10:05:30 AM",0,9.4548,9.494
"3018","8/1/2025","10:20:30 AM",0,9.4561,9.591
"3019","8/1/2025","10:35:30 AM",0,9.4568,9.693
"3020","8/1/2025","10:50:30 AM",0,9.4574,9.793
"3021","8/1/2025","11:05:30 AM",0,9.456,9.879
"3022","8/1/2025","11:20:30 AM",0,9.4557,9.972
"3023","8/1/2025","11:35:30 AM",0,9.4559,10.07
"3024","8/1/2025","11:50:30 AM",0,9.4544,10.151
"3025","8/1/2025","12:05:30 PM",0,9.4532,10.226
"3026","8/1/2025","12:20:30 PM",0,9.4517,10.322
"3027","8/1/2025","12:35:30 PM",0,9.4411,10.403
"3028","8/1/2025","12:50:30 PM",0,9.4413,10.469
"3029","8/1/2025","1:05:30 PM",0,9.4421,10.518
"3030","8/1/2025","1:20:30 PM",0,9.4426,10.574
"3031","8/1/2025","1:35:30 PM",0,9.4422,10.58
"3032","8/1/2025","1:50:30 PM",0,9.4408,10.578
"3033","8/1/2025","2:05:30 PM",0,9.4394,10.575
"3034","8/1/2025","2:20:30 PM",0,9.4387,10.578
"3035","8/1/2025","2:35:30 PM",0,9.4377,10.559
"3036","8/1/2025","2:50:30 PM",0,9.4357,10.55
"3037","8/1/2025","3:05:30 PM",0,9.4346,10.484
"3038","8/1/2025","3:20:30 PM",0,9.4329,10.419
"3039","8/1/2025","3:35:30 PM",0,9.4321,10.433
"3040","8/1/2025","3:50:30 PM",0,9.4318,10.431
"3041","8/1/2025","4:05:30 PM",0,9.4294,10.329
"3042","8/1/2025","4:20:30 PM",0,9.4254,10.113
"3043","8/1/2025","4:35:30 PM",0,9.4224,9.957
"3044","8/1/2025","4:50:30 PM",0,9.4196,9.804
"3045","8/1/2025","5:05:30 PM",0,9.4186,9.662
"3046","8/1/2025","5:20:30 PM",0,9.4177,9.581
"3047","8/1/2025","5:35:30 PM",0,9.4166,9.52
"3048","8/1/2025","5:50:30 PM",0,9.4182,9.497
"3049","8/1/2025","6:05:30 PM",0,9.4198,9.556
"3050","8/1/2025","6:20:30 PM",0,9.4188,9.549
"3051","8/1/2025","6:35:30 PM",0,9.4202,9.566
"3052","8/1/2025","6:50:30 PM",0,9.4245,9.578
"3053","8/1/2025","7:05:30 PM",0,9.4278,9.587
"3054","8/1/2025","7:20:30 PM",0,9.4317,9.567
"3055","8/1/2025","7:35:30 PM",0,9.4292,9.536
"3056","8/1/2025","7:50:30 PM",0,9.4317,9.472
"3057","8/1/2025","8:05:30 PM",0,9.4369,9.359
"3058","8/1/2025","8:20:30 PM",0,9.4359,9.282
"3059","8/1/2025","8:35:30 PM",0,9.4346,9.224
"3060","8/1/2025","8:50:30 PM",0,9.4319,9.166
"3061","8/1/2025","9:05:30 PM",0,9.4331,9.122
"3062","8/1/2025","9:20:30 PM",0,9.4353,9.057
"3063","8/1/2025","9:35:30 PM",0,9.4344,9.01
"3064","8/1/2025","9:50:30 PM",0,9.4332,8.974
"3065","8/1/2025","10:05:30 PM",0,9.4351,8.948
"3066","8/1/2025","10:20:30 PM",0,9.4376,8.935
"3067","8/1/2025","10:35:30 PM",0,9.4385,8.914
"3068","8/1/2025","10:50:30 PM",0,9.4394,8.897
"3069","8/1/2025","11:05:30 PM",0,9.4417,8.889
"3070","8/1/2025","11:20:30 PM",0,9.4416,8.886
"3071","8/1/2025","11:35:30 PM",0,9.4425,8.887
"3072","8/1/2025","11:50:30 PM",0,9.442,8.88
"3073","8/2/2025","12:05:30 AM",0,9.442,8.865
"3074","8/2/2025","12:20:30 AM",0,9.4415,8.852
"3075","8/2/2025","12:35:30 AM",0,9.4416,8.842
"3076","8/2/2025","12:50:30 AM",0,9.4414,8.832
"3077","8/2/2025","1:05:30 AM",0,9.4415,8.823
"3078","8/2/2025","1:20:30 AM",0,9.4421,8.814
"3079","8/2/2025","1:35:30 AM",0,9.4421,8.806
"3080","8/2/2025","1:50:30 AM",0,9.4419,8.798
"3081","8/2/2025","2:05:30 AM",0,9.4415,8.79
"3082","8/2/2025","2:20:30 AM",0,9.4413,8.783
"3083","8/2/2025","2:35:30 AM",0,9.4419,8.774
"3084","8/2/2025","2:50:30 AM",0,9.442,8.767
"3085","8/2/2025","3:05:30 AM",0,9.4424,8.76
"3086","8/2/2025","3:20:30 AM",0,9.4424,8.751
"3087","8/2/2025","3:35:30 AM",0,9.4415,8.747
"3088","8/2/2025","3:50:30 AM",0,9.4411,8.738
"3089","8/2/2025","4:05:30 AM",0,9.4419,8.733
"3090","8/2/2025","4:20:30 AM",0,9.4418,8.731
"3091","8/2/2025","4:35:30 AM",0,9.4426,8.725
"3092","8/2/2025","4:50:30 AM",0,9.4437,8.721
"3093","8/2/2025","5:05:30 AM",0,9.4446,8.717
"3094","8/2/2025","5:20:30 AM",0,9.4458,8.712
"3095","8/2/2025","5:35:30 AM",0,9.4463,8.708
"3096","8/2/2025","5:50:30 AM",0,9.4486,8.705
"3097","8/2/2025","6:05:30 AM",0,9.4488,8.703
"3098","8/2/2025","6:20:30 AM",0,9.4501,8.701
"3099","8/2/2025","6:35:30 AM",0,9.4523,8.701
"3100","8/2/2025","6:50:30 AM",0,9.4564,8.702
"3101","8/2/2025","7:05:30 AM",0,9.4582,8.712
"3102","8/2/2025","7:20:30 AM",0,9.4582,8.722
"3103","8/2/2025","7:35:30 AM",0,9.4585,8.743
"3104","8/2/2025","7:50:30 AM",0,9.4595,8.783
"3105","8/2/2025","8:05:30 AM",0,9.4611,8.838
"3106","8/2/2025","8:20:30 AM",0,9.4627,8.902
"3107","8/2/2025","8:35:30 AM",0,9.4642,8.967
"3108","8/2/2025","8:50:30 AM",0,9.4655,9.031
"3109","8/2/2025","9:05:30 AM",0,9.4665,9.108
"3110","8/2/2025","9:20:30 AM",0,9.468,9.179
"3111","8/2/2025","9:35:30 AM",0,9.469,9.257
"3112","8/2/2025","9:50:30 AM",0,9.4702,9.341
"3113","8/2/2025","10:05:30 AM",0,9.472,9.436
"3114","8/2/2025","10:20:30 AM",0,9.4738,9.539
"3115","8/2/2025","10:35:30 AM",0,9.4734,9.654
"3116","8/2/2025","10:50:30 AM",0,9.4733,9.749
"3117","8/2/2025","11:05:30 AM",0,9.4728,9.845
"3118","8/2/2025","11:20:30 AM",0,9.4711,9.934
"3119","8/2/2025","11:35:30 AM",0,9.4704,10.036
"3120","8/2/2025","11:50:30 AM",0,9.4697,10.128
"3121","8/2/2025","12:05:30 PM",0,9.4672,10.236
"3122","8/2/2025","12:20:30 PM",0,9.4669,10.306
"3123","8/2/2025","12:35:30 PM",0,9.458,10.366
"3124","8/2/2025","12:50:30 PM",0,9.4588,10.419
"3125","8/2/2025","1:05:30 PM",0,9.4592,10.476
"3126","8/2/2025","1:20:30 PM",0,9.4589,10.518
"3127","8/2/2025","1:35:30 PM",0,9.458,10.541
"3128","8/2/2025","1:50:30 PM",0,9.4566,10.57
"3129","8/2/2025","2:05:30 PM",0,9.4559,10.585
"3130","8/2/2025","2:20:30 PM",0,9.4538,10.574
"3131","8/2/2025","2:35:30 PM",0,9.4526,10.573
"3132","8/2/2025","2:50:30 PM",0,9.4498,10.535
"3133","8/2/2025","3:05:30 PM",0,9.4496,10.491
"3134","8/2/2025","3:20:30 PM",0,9.4479,10.463
"3135","8/2/2025","3:35:30 PM",0,9.4445,10.428
"3136","8/2/2025","3:50:30 PM",0,9.4444,10.399
"3137","8/2/2025","4:05:30 PM",0,9.4432,10.389
"3138","8/2/2025","4:20:30 PM",0,9.4423,10.388
"3139","8/2/2025","4:35:30 PM",0,9.4408,10.346
"3140","8/2/2025","4:50:30 PM",0,9.4393,10.216
"3141","8/2/2025","5:05:30 PM",0,9.4372,10.105
"3142","8/2/2025","5:20:30 PM",0,9.4344,9.972
"3143","8/2/2025","5:35:30 PM",0,9.4308,9.814
"3144","8/2/2025","5:50:30 PM",0,9.4271,9.657
"3145","8/2/2025","6:05:30 PM",0,9.4252,9.553
"3146","8/2/2025","6:20:30 PM",0,9.4248,9.442
"3147","8/2/2025","6:35:30 PM",0,9.4298,9.439
"3148","8/2/2025","6:50:30 PM",0,9.4313,9.453
"3149","8/2/2025","7:05:30 PM",0,9.4287,9.413
"3150","8/2/2025","7:20:30 PM",0,9.4274,9.326
"3151","8/2/2025","7:35:30 PM",0,9.4272,9.312
"3152","8/2/2025","7:50:30 PM",0,9.4274,9.277
"3153","8/2/2025","8:05:30 PM",0,9.4261,9.225
"3154","8/2/2025","8:20:30 PM",0,9.426,9.207
"3155","8/2/2025","8:35:30 PM",0,9.4264,9.234
"3156","8/2/2025","8:50:30 PM",0,9.4272,9.257
"3157","8/2/2025","9:05:30 PM",0,9.4274,9.243
"3158","8/2/2025","9:20:30 PM",0,9.4278,9.235
"3159","8/2/2025","9:35:30 PM",0,9.4269,9.19
"3160","8/2/2025","9:50:30 PM",0,9.427,9.14
"3161","8/2/2025","10:05:30 PM",0,9.4279,9.102
"3162","8/2/2025","10:20:30 PM",0,9.4294,9.113
"3163","8/2/2025","10:35:30 PM",0,9.4293,9.069
"3164","8/2/2025","10:50:30 PM",0,9.4294,9.029
"3165","8/2/2025","11:05:30 PM",0,9.4369,8.986
"3166","8/2/2025","11:20:30 PM",0,9.4363,8.948
"3167","8/2/2025","11:35:30 PM",0,9.4358,8.924
"3168","8/2/2025","11:50:30 PM",0,9.4352,8.904
"3169","8/3/2025","12:05:30 AM",0,9.4349,8.89
"3170","8/3/2025","12:20:30 AM",0,9.4345,8.878
"3171","8/3/2025","12:35:30 AM",0,9.4345,8.866
"3172","8/3/2025","12:50:30 AM",0,9.434,8.857
"3173","8/3/2025","1:05:30 AM",0,9.4337,8.849
"3174","8/3/2025","1:20:30 AM",0,9.4337,8.847
"3175","8/3/2025","1:35:30 AM",0,9.4326,8.84
"3176","8/3/2025","1:50:30 AM",0,9.4324,8.833
"3177","8/3/2025","2:05:30 AM",0,9.432,8.835
"3178","8/3/2025","2:20:30 AM",0,9.4311,8.828
"3179","8/3/2025","2:35:30 AM",0,9.4308,8.823
"3180","8/3/2025","2:50:30 AM",0,9.4303,8.814
"3181","8/3/2025","3:05:30 AM",0,9.4294,8.807
"3182","8/3/2025","3:20:30 AM",0,9.4296,8.798
"3183","8/3/2025","3:35:30 AM",0,9.4302,8.793
"3184","8/3/2025","3:50:30 AM",0,9.4301,8.791
"3185","8/3/2025","4:05:30 AM",0,9.4291,8.783
"3186","8/3/2025","4:20:30 AM",0,9.4292,8.782
"3187","8/3/2025","4:35:30 AM",0,9.4289,8.774
"3188","8/3/2025","4:50:30 AM",0,9.4281,8.771
"3189","8/3/2025","5:05:30 AM",0,9.4277,8.766
"3190","8/3/2025","5:20:30 AM",0,9.4274,8.763
"3191","8/3/2025","5:35:30 AM",0,9.4273,8.756
"3192","8/3/2025","5:50:30 AM",0,9.4274,8.755
"3193","8/3/2025","6:05:30 AM",0,9.4273,8.756
"3194","8/3/2025","6:20:30 AM",0,9.4267,8.75
"3195","8/3/2025","6:35:30 AM",0,9.426,8.747
"3196","8/3/2025","6:50:30 AM",0,9.4261,8.746
"3197","8/3/2025","7:05:30 AM",0,9.4266,8.749
"3198","8/3/2025","7:20:30 AM",0,9.428,8.76
"3199","8/3/2025","7:35:30 AM",0,9.4281,8.778
"3200","8/3/2025","7:50:30 AM",0,9.4291,8.817
"3201","8/3/2025","8:05:30 AM",0,9.4296,8.877
"3202","8/3/2025","8:20:30 AM",0,9.4301,8.934
"3203","8/3/2025","8:35:30 AM",0,9.4318,8.993
"3204","8/3/2025","8:50:30 AM",0,9.4334,9.061
"3205","8/3/2025","9:05:30 AM",0,9.4344,9.133
"3206","8/3/2025","9:20:30 AM",0,9.4357,9.234
"3207","8/3/2025","9:35:30 AM",0,9.4355,9.346
"3208","8/3/2025","9:50:30 AM",0,9.4358,9.432
"3209","8/3/2025","10:05:30 AM",0,9.4367,9.533
"3210","8/3/2025","10:20:30 AM",0,9.4353,9.628
"3211","8/3/2025","10:35:30 AM",0,9.4349,9.717
"3212","8/3/2025","10:50:30 AM",0,9.4337,9.797
"3213","8/3/2025","11:05:30 AM",0,9.4326,9.888
"3214","8/3/2025","11:20:30 AM",0,9.4322,9.988
"3215","8/3/2025","11:35:30 AM",0,9.4291,10.068
"3216","8/3/2025","11:50:30 AM",0,9.4188,10.145
"3217","8/3/2025","12:05:30 PM",0,9.4187,10.219
"3218","8/3/2025","12:20:30 PM",0,9.4198,10.307
"3219","8/3/2025","12:35:30 PM",0,9.4191,10.382
"3220","8/3/2025","12:50:30 PM",0,9.4183,10.453
"3221","8/3/2025","1:05:30 PM",0,9.4178,10.528
"3222","8/3/2025","1:20:30 PM",0,9.4159,10.583
"3223","8/3/2025","1:35:30 PM",0,9.4147,10.589
"3224","8/3/2025","1:50:30 PM",0,9.4128,10.583
"3225","8/3/2025","2:05:30 PM",0,9.4107,10.622
"3226","8/3/2025","2:20:30 PM",0,9.4094,10.641
"3227","8/3/2025","2:35:30 PM",0,9.4084,10.467
"3228","8/3/2025","2:50:30 PM",0,9.4047,10.062
"3229","8/3/2025","3:05:30 PM",0,9.3992,9.828
"3230","8/3/2025","3:20:30 PM",0,9.3973,9.749
"3231","8/3/2025","3:35:30 PM",0,9.4,9.869
"3232","8/3/2025","3:50:30 PM",0,9.3984,9.738
"3233","8/3/2025","4:05:30 PM",0,9.3987,9.745
"3234","8/3/2025","4:20:30 PM",0,9.3963,9.738
"3235","8/3/2025","4:35:30 PM",0,9.3939,9.625
"3236","8/3/2025","4:50:30 PM",0,9.395,9.591
"3237","8/3/2025","5:05:30 PM",0,9.3926,9.598
"3238","8/3/2025","5:20:30 PM",0,9.3922,9.53
"3239","8/3/2025","5:35:30 PM",0,9.3906,9.473
"3240","8/3/2025","5:50:30 PM",0,9.3929,9.551
"3241","8/3/2025","6:05:30 PM",0,9.3922,9.578
"3242","8/3/2025","6:20:30 PM",0,9.3911,9.54
"3243","8/3/2025","6:35:30 PM",0,9.3895,9.462
"3244","8/3/2025","6:50:30 PM",0,9.3893,9.402
"3245","8/3/2025","7:05:30 PM",0,9.3897,9.434
"3246","8/3/2025","7:20:30 PM",0,9.3917,9.51
"3247","8/3/2025","7:35:30 PM",0,9.3933,9.537
"3248","8/3/2025","7:50:30 PM",0,9.3928,9.521
"3249","8/3/2025","8:05:30 PM",0,9.3932,9.447
"3250","8/3/2025","8:20:30 PM",0,9.3935,9.384
"3251","8/3/2025","8:35:30 PM",0,9.3935,9.351
"3252","8/3/2025","8:50:30 PM",0,9.3936,9.305
"3253","8/3/2025","9:05:30 PM",0,9.3942,9.256
"3254","8/3/2025","9:20:30 PM",0,9.394,9.193
"3255","8/3/2025","9:35:30 PM",0,9.3942,9.128
"3256","8/3/2025","9:50:30 PM",0,9.3942,9.08
"3257","8/3/2025","10:05:30 PM",0,9.3941,9.039
"3258","8/3/2025","10:20:30 PM",0,9.3949,9.003
"3259","8/3/2025","10:35:30 PM",0,9.3957,8.97
"3260","8/3/2025","10:50:30 PM",0,9.403,8.939
"3261","8/3/2025","11:05:30 PM",0,9.4041,8.912
"3262","8/3/2025","11:20:30 PM",0,9.4036,8.892
"3263","8/3/2025","11:35:30 PM",0,9.4043,8.871
"3264","8/3/2025","11:50:30 PM",0,9.4045,8.862
"3265","8/4/2025","12:05:30 AM",0,9.4053,8.852
"3266","8/4/2025","12:20:30 AM",0,9.4055,8.852
"3267","8/4/2025","12:35:30 AM",0,9.4065,8.862
"3268","8/4/2025","12:50:30 AM",0,9.4066,8.855
"3269","8/4/2025","1:05:30 AM",0,9.406,8.843
"3270","8/4/2025","1:20:30 AM",0,9.4056,8.838
"3271","8/4/2025","1:35:30 AM",0,9.4062,8.84
"3272","8/4/2025","1:50:30 AM",0,9.4071,8.846
"3273","8/4/2025","2:05:30 AM",0,9.4067,8.856
"3274","8/4/2025","2:20:30 AM",0,9.4061,8.847
"3275","8/4/2025","2:35:30 AM",0,9.4056,8.828
"3276","8/4/2025","2:50:30 AM",0,9.4046,8.811
"3277","8/4/2025","3:05:30 AM",0,9.4045,8.788
"3278","8/4/2025","3:20:30 AM",0,9.4041,8.769
"3279","8/4/2025","3:35:30 AM",0,9.4042,8.75
"3280","8/4/2025","3:50:30 AM",0,9.4041,8.734
"3281","8/4/2025","4:05:30 AM",0,9.4041,8.723
"3282","8/4/2025","4:20:30 AM",0,9.4038,8.71
"3283","8/4/2025","4:35:30 AM",0,9.4028,8.699
"3284","8/4/2025","4:50:30 AM",0,9.4027,8.69
"3285","8/4/2025","5:05:30 AM",0,9.4032,8.686
"3286","8/4/2025","5:20:30 AM",0,9.4033,8.676
"3287","8/4/2025","5:35:30 AM",0,9.4047,8.666
"3288","8/4/2025","5:50:30 AM",0,9.4054,8.658
"3289","8/4/2025","6:05:30 AM",0,9.4074,8.651
"3290","8/4/2025","6:20:30 AM",0,9.4087,8.648
"3291","8/4/2025","6:35:30 AM",0,9.4104,8.648
"3292","8/4/2025","6:50:30 AM",0,9.4116,8.649
"3293","8/4/2025","7:05:30 AM",0,9.4117,8.658
"3294","8/4/2025","7:20:30 AM",0,9.4122,8.67
"3295","8/4/2025","7:35:30 AM",0,9.413,8.692
"3296","8/4/2025","7:50:30 AM",0,9.4142,8.732
"3297","8/4/2025","8:05:30 AM",0,9.416,8.788
"3298","8/4/2025","8:20:30 AM",0,9.4175,8.865
"3299","8/4/2025","8:35:30 AM",0,9.4193,8.944
"3300","8/4/2025","8:50:30 AM",0,9.4206,9.014
"3301","8/4/2025","9:05:30 AM",0,9.4215,9.089
"3302","8/4/2025","9:20:30 AM",0,9.4224,9.157
"3303","8/4/2025","9:35:30 AM",0,9.423,9.228
"3304","8/4/2025","9:50:30 AM",0,9.4235,9.301
"3305","8/4/2025","10:05:30 AM",0,9.4241,9.388
"3306","8/4/2025","10:20:30 AM",0,9.4249,9.473
"3307","8/4/2025","10:35:30 AM",0,9.4254,9.567
"3308","8/4/2025","10:50:30 AM",0,9.4255,9.657
"3309","8/4/2025","11:05:30 AM",0,9.4248,9.748
"3310","8/4/2025","11:20:30 AM",0,9.4241,9.85
"3311","8/4/2025","11:35:30 AM",0,9.4226,9.939
"3312","8/4/2025","11:50:30 AM",0,9.4226,10.023
"3313","8/4/2025","12:05:30 PM",0,9.4196,10.09
"3314","8/4/2025","12:20:30 PM",0,9.4184,10.158
"3315","8/4/2025","12:35:30 PM",0,9.4096,10.22
"3316","8/4/2025","12:50:30 PM",0,9.4095,10.273
"3317","8/4/2025","1:05:30 PM",0,9.41,10.317
"3318","8/4/2025","1:20:30 PM",0,9.4099,10.359
"3319","8/4/2025","1:35:30 PM",0,9.4093,10.375
"3320","8/4/2025","1:50:30 PM",0,9.4099,10.397
"3321","8/4/2025","2:05:30 PM",0,9.4092,10.393
"3322","8/4/2025","2:20:30 PM",0,9.4078,10.347
"3323","8/4/2025","2:35:30 PM",0,9.4072,10.319
"3324","8/4/2025","2:50:30 PM",0,9.4047,10.291
"3325","8/4/2025","3:05:30 PM",0,9.4028,10.211
"3326","8/4/2025","3:20:30 PM",0,9.4011,10.175
"3327","8/4/2025","3:35:30 PM",0,9.4005,10.174
"3328","8/4/2025","3:50:30 PM",0,9.3989,10.132
"3329","8/4/2025","4:05:30 PM",0,9.3984,10.14
"3330","8/4/2025","4:20:30 PM",0,9.3976,10.142
"3331","8/4/2025","4:35:30 PM",0,9.3956,10.054
"3332","8/4/2025","4:50:30 PM",0,9.3935,9.976
"3333","8/4/2025","5:05:30 PM",0,9.3921,9.916
"3334","8/4/2025","5:20:30 PM",0,9.3902,9.85
"3335","8/4/2025","5:35:30 PM",0,9.3902,9.809
"3336","8/4/2025","5:50:30 PM",0,9.3883,9.742
"3337","8/4/2025","6:05:30 PM",0,9.387,9.693
"3338","8/4/2025","6:20:30 PM",0,9.3866,9.649
"3339","8/4/2025","6:35:30 PM",0,9.3849,9.56
"3340","8/4/2025","6:50:30 PM",0,9.3842,9.501
"3341","8/4/2025","7:05:30 PM",0,9.3843,9.468
"3342","8/4/2025","7:20:30 PM",0,9.3856,9.4
"3343","8/4/2025","7:35:30 PM",0,9.3842,9.322
"3344","8/4/2025","7:50:30 PM",0,9.3836,9.277
"3345","8/4/2025","8:05:30 PM",0,9.3832,9.218
"3346","8/4/2025","8:20:30 PM",0,9.3827,9.158
"3347","8/4/2025","8:35:30 PM",0,9.382,9.104
"3348","8/4/2025","8:50:30 PM",0,9.3815,9.056
"3349","8/4/2025","9:05:30 PM",0,9.3829,9.02
"3350","8/4/2025","9:20:30 PM",0,9.3834,8.985
"3351","8/4/2025","9:35:30 PM",0,9.3845,8.966
"3352","8/4/2025","9:50:30 PM",0,9.3851,8.943
"3353","8/4/2025","10:05:30 PM",0,9.3852,8.921
"3354","8/4/2025","10:20:30 PM",0,9.3859,8.894
"3355","8/4/2025","10:35:30 PM",0,9.395,8.867
"3356","8/4/2025","10:50:30 PM",0,9.3952,8.847
"3357","8/4/2025","11:05:30 PM",0,9.3958,8.83
"3358","8/4/2025","11:20:30 PM",0,9.3976,8.815
"3359","8/4/2025","11:35:30 PM",0,9.3994,8.799
"3360","8/4/2025","11:50:30 PM",0,9.3999,8.784
"3361","8/5/2025","12:05:30 AM",0,9.4001,8.765
"3362","8/5/2025","12:20:30 AM",0,9.4009,8.75
"3363","8/5/2025","12:35:30 AM",0,9.4008,8.739
"3364","8/5/2025","12:50:30 AM",0,9.4015,8.728
"3365","8/5/2025","1:05:30 AM",0,9.4022,8.716
"3366","8/5/2025","1:20:30 AM",0,9.4028,8.709
"3367","8/5/2025","1:35:30 AM",0,9.4027,8.711
"3368","8/5/2025","1:50:30 AM",0,9.4025,8.714
"3369","8/5/2025","2:05:30 AM",0,9.4018,8.7
"3370","8/5/2025","2:20:30 AM",0,9.4015,8.691
"3371","8/5/2025","2:35:30 AM",0,9.4029,8.69
"3372","8/5/2025","2:50:30 AM",0,9.4023,8.679
"3373","8/5/2025","3:05:30 AM",0,9.4028,8.67
"3374","8/5/2025","3:20:30 AM",0,9.4045,8.661
"3375","8/5/2025","3:35:30 AM",0,9.4048,8.657
"3376","8/5/2025","3:50:30 AM",0,9.4051,8.656
"3377","8/5/2025","4:05:30 AM",0,9.4055,8.651
"3378","8/5/2025","4:20:30 AM",0,9.4063,8.645
"3379","8/5/2025","4:35:30 AM",0,9.4063,8.646
"3380","8/5/2025","4:50:30 AM",0,9.4066,8.642
"3381","8/5/2025","5:05:30 AM",0,9.407,8.636
"3382","8/5/2025","5:20:30 AM",0,9.4076,8.617
"3383","8/5/2025","5:35:30 AM",0,9.4077,8.61
"3384","8/5/2025","5:50:30 AM",0,9.4075,8.606
"3385","8/5/2025","6:05:30 AM",0,9.4087,8.598
"3386","8/5/2025","6:20:30 AM",0,9.4095,8.587
"3387","8/5/2025","6:35:30 AM",0,9.4097,8.589
"3388","8/5/2025","6:50:30 AM",0,9.4111,8.599
"3389","8/5/2025","7:05:30 AM",0,9.4125,8.611
"3390","8/5/2025","7:20:30 AM",0,9.4138,8.626
"3391","8/5/2025","7:35:30 AM",0,9.4151,8.653
"3392","8/5/2025","7:50:30 AM",0,9.4177,8.693
"3393","8/5/2025","8:05:30 AM",0,9.4191,8.752
"3394","8/5/2025","8:20:30 AM",0,9.4208,8.82
"3395","8/5/2025","8:35:30 AM",0,9.4228,8.888
"3396","8/5/2025","8:50:30 AM",0,9.425,8.951
"3397","8/5/2025","9:05:30 AM",0,9.4262,9.015
"3398","8/5/2025","9:20:30 AM",0,9.4278,9.096
"3399","8/5/2025","9:35:30 AM",0,9.4294,9.176
"3400","8/5/2025","9:50:30 AM",0,9.4309,9.257
"3401","8/5/2025","10:05:30 AM",0,9.4331,9.362
"3402","8/5/2025","10:20:30 AM",0,9.4341,9.454
"3403","8/5/2025","10:35:30 AM",0,9.4344,9.541
"3404","8/5/2025","10:50:30 AM",0,9.4357,9.636
"3405","8/5/2025","11:05:30 AM",0,9.436,9.741
"3406","8/5/2025","11:20:30 AM",0,9.4365,9.833
"3407","8/5/2025","11:35:30 AM",0,9.4361,9.922
"3408","8/5/2025","11:50:30 AM",0,9.4361,9.999
"3409","8/5/2025","12:05:30 PM",0,9.4343,10.089
"3410","8/5/2025","12:20:30 PM",0,9.4338,10.173
"3411","8/5/2025","12:35:30 PM",0,9.4329,10.246
"3412","8/5/2025","12:50:30 PM",0,9.4307,10.298
"3413","8/5/2025","1:05:30 PM",0,9.4212,10.35
"3414","8/5/2025","1:20:30 PM",0,9.4218,10.396
"3415","8/5/2025","1:35:30 PM",0,9.4216,10.426
"3416","8/5/2025","1:50:30 PM",0,9.4218,10.463
"3417","8/5/2025","2:05:30 PM",0,9.4224,10.501
"3418","8/5/2025","2:20:30 PM",0,9.4213,10.474
"3419","8/5/2025","2:35:30 PM",0,9.4204,10.447
"3420","8/5/2025","2:50:30 PM",0,9.4184,10.419
"3421","8/5/2025","3:05:30 PM",0,9.4169,10.387
"3422","8/5/2025","3:20:30 PM",0,9.4156,10.338
"3423","8/5/2025","3:35:30 PM",0,9.4152,10.299
"3424","8/5/2025","3:50:30 PM",0,9.4141,10.289
"3425","8/5/2025","4:05:30 PM",0,9.4129,10.239
"3426","8/5/2025","4:20:30 PM",0,9.4119,10.183
"3427","8/5/2025","4:35:30 PM",0,9.4103,10.115
"3428","8/5/2025","4:50:30 PM",0,9.4087,10.056
"3429","8/5/2025","5:05:30 PM",0,9.4072,9.983
"3430","8/5/2025","5:20:30 PM",0,9.4058,9.959
"3431","8/5/2025","5:35:30 PM",0,9.4046,9.88
"3432","8/5/2025","5:50:30 PM",0,9.4032,9.804
"3433","8/5/2025","6:05:30 PM",0,9.4028,9.779
"3434","8/5/2025","6:20:30 PM",0,9.4026,9.762
"3435","8/5/2025","6:35:30 PM",0,9.4009,9.678
"3436","8/5/2025","6:50:30 PM",0,9.401,9.613
"3437","8/5/2025","7:05:30 PM",0,9.401,9.571
"3438","8/5/2025","7:20:30 PM",0,9.4007,9.506
"3439","8/5/2025","7:35:30 PM",0,9.4002,9.458
"3440","8/5/2025","7:50:30 PM",0,9.3998,9.392
"3441","8/5/2025","8:05:30 PM",0,9.4009,9.361
"3442","8/5/2025","8:20:30 PM",0,9.4015,9.3
"3443","8/5/2025","8:35:30 PM",0,9.4015,9.214
"3444","8/5/2025","8:50:30 PM",0,9.4022,9.137
"3445","8/5/2025","9:05:30 PM",0,9.4035,9.099
"3446","8/5/2025","9:20:30 PM",0,9.4127,9.066
"3447","8/5/2025","9:35:30 PM",0,9.4143,9.037
"3448","8/5/2025","9:50:30 PM",0,9.4158,9.018
"3449","8/5/2025","10:05:30 PM",0,9.4179,8.994
"3450","8/5/2025","10:20:30 PM",0,9.4189,8.965
"3451","8/5/2025","10:35:30 PM",0,9.4191,8.942
"3452","8/5/2025","10:50:30 PM",0,9.4208,8.922
"3453","8/5/2025","11:05:30 PM",0,9.4213,8.902
"3454","8/5/2025","11:20:30 PM",0,9.4212,8.888
"3455","8/5/2025","11:35:30 PM",0,9.4208,8.872
"3456","8/5/2025","11:50:30 PM",0,9.4204,8.855
"3457","8/6/2025","12:05:30 AM",0,9.4207,8.838
"3458","8/6/2025","12:20:30 AM",0,9.4208,8.819
"3459","8/6/2025","12:35:30 AM",0,9.4207,8.806
"3460","8/6/2025","12:50:30 AM",0,9.4216,8.8
"3461","8/6/2025","1:05:30 AM",0,9.4225,8.788
"3462","8/6/2025","1:20:30 AM",0,9.4232,8.779
"3463","8/6/2025","1:35:30 AM",0,9.4241,8.771
"3464","8/6/2025","1:50:30 AM",0,9.4254,8.76
"3465","8/6/2025","2:05:30 AM",0,9.4248,8.757
"3466","8/6/2025","2:20:30 AM",0,9.4257,8.768
"3467","8/6/2025","2:35:30 AM",0,9.426,8.758
"3468","8/6/2025","2:50:30 AM",0,9.4271,8.752
"3469","8/6/2025","3:05:30 AM",0,9.4278,8.748
"3470","8/6/2025","3:20:30 AM",0,9.4287,8.746
"3471","8/6/2025","3:35:30 AM",0,9.4288,8.731
"3472","8/6/2025","3:50:30 AM",0,9.43,8.718
"3473","8/6/2025","4:05:30 AM",0,9.4307,8.705
"3474","8/6/2025","4:20:30 AM",0,9.4324,8.698
"3475","8/6/2025","4:35:30 AM",0,9.432,8.692
"3476","8/6/2025","4:50:30 AM",0,9.433,8.692
"3477","8/6/2025","5:05:30 AM",0,9.4335,8.691
"3478","8/6/2025","5:20:30 AM",0,9.4342,8.687
"3479","8/6/2025","5:35:30 AM",0,9.4352,8.684
"3480","8/6/2025","5:50:30 AM",0,9.4358,8.687
"3481","8/6/2025","6:05:30 AM",0,9.4363,8.68
"3482","8/6/2025","6:20:30 AM",0,9.4365,8.671
"3483","8/6/2025","6:35:30 AM",0,9.4365,8.669
"3484","8/6/2025","6:50:30 AM",0,9.4368,8.676
"3485","8/6/2025","7:05:30 AM",0,9.4377,8.696
"3486","8/6/2025","7:20:30 AM",0,9.4392,8.72
"3487","8/6/2025","7:35:30 AM",0,9.4405,8.751
"3488","8/6/2025","7:50:30 AM",0,9.4421,8.787
"3489","8/6/2025","8:05:30 AM",0,9.4438,8.832
"3490","8/6/2025","8:20:30 AM",0,9.4454,8.876
"3491","8/6/2025","8:35:30 AM",0,9.446,8.907
"3492","8/6/2025","8:50:30 AM",0,9.4471,8.933
"3493","8/6/2025","9:05:30 AM",0,9.4477,8.98
"3494","8/6/2025","9:20:30 AM",0,9.4515,9.101
"3495","8/6/2025","9:35:30 AM",0,9.4527,9.186
"3496","8/6/2025","9:50:30 AM",0,9.4534,9.223
"3497","8/6/2025","10:05:30 AM",0,9.4546,9.259
"3498","8/6/2025","10:20:30 AM",0,9.4563,9.292
"3499","8/6/2025","10:35:30 AM",0,9.4572,9.336
"3500","8/6/2025","10:50:30 AM",0,9.4579,9.353
"3501","8/6/2025","11:05:30 AM",0,9.4594,9.473
"3502","8/6/2025","11:20:30 AM",0,9.4609,9.597
"3503","8/6/2025","11:35:30 AM",0,9.4611,9.734
"3504","8/6/2025","11:50:30 AM",0,9.459,9.893
"3505","8/6/2025","12:05:30 PM",0,9.4591,10.024
"3506","8/6/2025","12:20:30 PM",0,9.458,10.144
"3507","8/6/2025","12:35:30 PM",0,9.4575,10.218
"3508","8/6/2025","12:50:30 PM",0,9.4568,10.282
"3509","8/6/2025","1:05:30 PM",0,9.4481,10.346
"3510","8/6/2025","1:20:30 PM",0,9.4486,10.391
"3511","8/6/2025","1:35:30 PM",0,9.4491,10.431
"3512","8/6/2025","1:50:30 PM",0,9.449,10.451
"3513","8/6/2025","2:05:30 PM",0,9.4476,10.468
"3514","8/6/2025","2:20:30 PM",0,9.4469,10.458
"3515","8/6/2025","2:35:30 PM",0,9.4453,10.428
"3516","8/6/2025","2:50:30 PM",0,9.4434,10.386
"3517","8/6/2025","3:05:30 PM",0,9.4432,10.359
"3518","8/6/2025","3:20:30 PM",0,9.4412,10.321
"3519","8/6/2025","3:35:30 PM",0,9.4394,10.262
"3520","8/6/2025","3:50:30 PM",0,9.4382,10.249
"3521","8/6/2025","4:05:30 PM",0,9.4375,10.23
"3522","8/6/2025","4:20:30 PM",0,9.4342,10.112
"3523","8/6/2025","4:35:30 PM",0,9.4309,9.974
"3524","8/6/2025","4:50:30 PM",0,9.431,9.965
"3525","8/6/2025","5:05:30 PM",0,9.4298,9.963
"3526","8/6/2025","5:20:30 PM",0,9.4284,9.938
"3527","8/6/2025","5:35:30 PM",0,9.4293,9.961
"3528","8/6/2025","5:50:30 PM",0,9.4272,9.885
"3529","8/6/2025","6:05:30 PM",0,9.4253,9.759
"3530","8/6/2025","6:20:30 PM",0,9.425,9.708
"3531","8/6/2025","6:35:30 PM",0,9.4235,9.658
"3532","8/6/2025","6:50:30 PM",0,9.4228,9.582
"3533","8/6/2025","7:05:30 PM",0,9.4216,9.529
"3534","8/6/2025","7:20:30 PM",0,9.4205,9.43
"3535","8/6/2025","7:35:30 PM",0,9.4199,9.35
"3536","8/6/2025","7:50:30 PM",0,9.4199,9.285
"3537","8/6/2025","8:05:30 PM",0,9.4193,9.241
"3538","8/6/2025","8:20:30 PM",0,9.4191,9.201
"3539","8/6/2025","8:35:30 PM",0,9.4192,9.165
"3540","8/6/2025","8:50:30 PM",0,9.4195,9.128
"3541","8/6/2025","9:05:30 PM",0,9.4197,9.107
"3542","8/6/2025","9:20:30 PM",0,9.421,9.079
"3543","8/6/2025","9:35:30 PM",0,9.4218,9.052
"3544","8/6/2025","9:50:30 PM",0,9.4223,9.033
"3545","8/6/2025","10:05:30 PM",0,9.4225,9.019
"3546","8/6/2025","10:20:30 PM",0,9.4237,8.995
"3547","8/6/2025","10:35:30 PM",0,9.423,8.972
"3548","8/6/2025","10:50:30 PM",0,9.4234,8.95
"3549","8/6/2025","11:05:30 PM",0,9.4228,8.931
"3550","8/6/2025","11:20:30 PM",0,9.4226,8.92
"3551","8/6/2025","11:35:30 PM",0,9.4225,8.905
"3552","8/6/2025","11:50:30 PM",0,9.423,8.897
"3553","8/7/2025","12:05:30 AM",0,9.4236,8.887
"3554","8/7/2025","12:20:30 AM",0,9.4252,8.87
"3555","8/7/2025","12:35:30 AM",0,9.4257,8.857
"3556","8/7/2025","12:50:30 AM",0,9.4252,8.85
"3557","8/7/2025","1:05:30 AM",0,9.4262,8.853
"3558","8/7/2025","1:20:30 AM",0,9.4265,8.867
"3559","8/7/2025","1:35:30 AM",0,9.4257,8.869
"3560","8/7/2025","1:50:30 AM",0,9.4263,8.853
"3561","8/7/2025","2:05:30 AM",0,9.4258,8.844
"3562","8/7/2025","2:20:30 AM",0,9.4263,8.833
"3563","8/7/2025","2:35:30 AM",0,9.4255,8.816
"3564","8/7/2025","2:50:30 AM",0,9.4262,8.803
"3565","8/7/2025","3:05:30 AM",0,9.4256,8.789
"3566","8/7/2025","3:20:30 AM",0,9.4254,8.778
"3567","8/7/2025","3:35:30 AM",0,9.4247,8.771
"3568","8/7/2025","3:50:30 AM",0,9.4243,8.762
"3569","8/7/2025","4:05:30 AM",0,9.4249,8.751
"3570","8/7/2025","4:20:30 AM",0,9.4247,8.749
"3571","8/7/2025","4:35:30 AM",0,9.424,8.745
"3572","8/7/2025","4:50:30 AM",0,9.4241,8.739
"3573","8/7/2025","5:05:30 AM",0,9.4244,8.731
"3574","8/7/2025","5:20:30 AM",0,9.424,8.722
"3575","8/7/2025","5:35:30 AM",0,9.4245,8.714
"3576","8/7/2025","5:50:30 AM",0,9.4248,8.709
"3577","8/7/2025","6:05:30 AM",0,9.4243,8.709
"3578","8/7/2025","6:20:30 AM",0,9.4261,8.71
"3579","8/7/2025","6:35:30 AM",0,9.4267,8.712
"3580","8/7/2025","6:50:30 AM",0,9.4279,8.716
"3581","8/7/2025","7:05:30 AM",0,9.4273,8.722
"3582","8/7/2025","7:20:30 AM",0,9.4276,8.727
"3583","8/7/2025","7:35:30 AM",0,9.4287,8.742
"3584","8/7/2025","7:50:30 AM",0,9.4292,8.776
"3585","8/7/2025","8:05:30 AM",0,9.4295,8.833
"3586","8/7/2025","8:20:30 AM",0,9.4291,8.89
"3587","8/7/2025","8:35:30 AM",0,9.4313,8.948
"3588","8/7/2025","8:50:30 AM",0,9.4319,9.01
"3589","8/7/2025","9:05:30 AM",0,9.4311,9.076
"3590","8/7/2025","9:20:30 AM",0,9.4308,9.159
"3591","8/7/2025","9:35:30 AM",0,9.4314,9.256
"3592","8/7/2025","9:50:30 AM",0,9.434,9.33
"3593","8/7/2025","10:05:30 AM",0,9.4348,9.433
"3594","8/7/2025","10:20:30 AM",0,9.4371,9.526
"3595","8/7/2025","10:35:30 AM",0,9.4381,9.607
"3596","8/7/2025","10:50:30 AM",0,9.4406,9.705
"3597","8/7/2025","11:05:30 AM",0,9.4424,9.833
"3598","8/7/2025","11:20:30 AM",0,9.4435,9.921
"3599","8/7/2025","11:35:30 AM",0,9.4446,9.977
"3600","8/7/2025","11:50:30 AM",0,9.4446,10.013
"3601","8/7/2025","12:05:30 PM",0,9.4441,10.083
"3602","8/7/2025","12:20:30 PM",0,9.4447,10.136
"3603","8/7/2025","12:35:30 PM",0,9.4444,10.196
"3604","8/7/2025","12:50:30 PM",0,9.443,10.161
"3605","8/7/2025","1:05:30 PM",0,9.4413,10.085
"3606","8/7/2025","1:20:30 PM",0,9.4418,10.099
"3607","8/7/2025","1:35:30 PM",0,9.4422,10.18
"3608","8/7/2025","1:50:30 PM",0,9.4412,10.268
"3609","8/7/2025","2:05:30 PM",0,9.4408,10.335
"3610","8/7/2025","2:20:30 PM",0,9.4384,10.348
"3611","8/7/2025","2:35:30 PM",0,9.4376,10.363
"3612","8/7/2025","2:50:30 PM",0,9.4362,10.36
"3613","8/7/2025","3:05:30 PM",0,9.4359,10.343
"3614","8/7/2025","3:20:30 PM",0,9.4338,10.3
"3615","8/7/2025","3:35:30 PM",0,9.4326,10.304
"3616","8/7/2025","3:50:30 PM",0,9.4312,10.265
"3617","8/7/2025","4:05:30 PM",0,9.4309,10.262
"3618","8/7/2025","4:20:30 PM",0,9.4287,10.203
"3619","8/7/2025","4:35:30 PM",0,9.428,10.126
"3620","8/7/2025","4:50:30 PM",0,9.427,10.034
"3621","8/7/2025","5:05:30 PM",0,9.4277,9.997
"3622","8/7/2025","5:20:30 PM",0,9.4263,9.876
"3623","8/7/2025","5:35:30 PM",0,9.4256,9.84
"3624","8/7/2025","5:50:30 PM",0,9.4255,9.792
"3625","8/7/2025","6:05:30 PM",0,9.4242,9.72
"3626","8/7/2025","6:20:30 PM",0,9.4237,9.652
"3627","8/7/2025","6:35:30 PM",0,9.4225,9.578
"3628","8/7/2025","6:50:30 PM",0,9.4214,9.501
"3629","8/7/2025","7:05:30 PM",0,9.4209,9.445
"3630","8/7/2025","7:20:30 PM",0,9.4197,9.372
"3631","8/7/2025","7:35:30 PM",0,9.4194,9.329
"3632","8/7/2025","7:50:30 PM",0,9.4191,9.261
"3633","8/7/2025","8:05:30 PM",0,9.4185,9.204
"3634","8/7/2025","8:20:30 PM",0,9.4182,9.152
"3635","8/7/2025","8:35:30 PM",0,9.4191,9.116
"3636","8/7/2025","8:50:30 PM",0,9.4194,9.094
"3637","8/7/2025","9:05:30 PM",0,9.4208,9.07
"3638","8/7/2025","9:20:30 PM",0,9.4209,9.052
"3639","8/7/2025","9:35:30 PM",0,9.4202,9.035
"3640","8/7/2025","9:50:30 PM",0,9.4204,9.007
"3641","8/7/2025","10:05:30 PM",0,9.4205,8.979
"3642","8/7/2025","10:20:30 PM",0,9.42,8.958
"3643","8/7/2025","10:35:30 PM",0,9.4195,8.944
"3644","8/7/2025","10:50:30 PM",0,9.4201,8.937
"3645","8/7/2025","11:05:30 PM",0,9.4204,8.914
"3646","8/7/2025","11:20:30 PM",0,9.4195,8.885
"3647","8/7/2025","11:35:30 PM",0,9.4195,8.857
"3648","8/7/2025","11:50:30 PM",0,9.4186,8.836
"3649","8/8/2025","12:05:30 AM",0,9.4186,8.815
"3650","8/8/2025","12:20:30 AM",0,9.4182,8.789
"3651","8/8/2025","12:35:30 AM",0,9.4178,8.77
"3652","8/8/2025","12:50:30 AM",0,9.4189,8.755
"3653","8/8/2025","1:05:30 AM",0,9.4184,8.738
"3654","8/8/2025","1:20:30 AM",0,9.4179,8.72
"3655","8/8/2025","1:35:30 AM",0,9.4165,8.717
"3656","8/8/2025","1:50:30 AM",0,9.4165,8.712
"3657","8/8/2025","2:05:30 AM",0,9.4169,8.703
"3658","8/8/2025","2:20:30 AM",0,9.4163,8.691
"3659","8/8/2025","2:35:30 AM",0,9.4172,8.677
"3660","8/8/2025","2:50:30 AM",0,9.4165,8.657
"3661","8/8/2025","3:05:30 AM",0,9.4169,8.655
"3662","8/8/2025","3:20:30 AM",0,9.4166,8.645
"3663","8/8/2025","3:35:30 AM",0,9.4165,8.631
"3664","8/8/2025","3:50:30 AM",0,9.4157,8.614
"3665","8/8/2025","4:05:30 AM",0,9.4157,8.6
"3666","8/8/2025","4:20:30 AM",0,9.416,8.584
"3667","8/8/2025","4:35:30 AM",0,9.4162,8.561
"3668","8/8/2025","4:50:30 AM",0,9.416,8.535
"3669","8/8/2025","5:05:30 AM",0,9.4153,8.519
"3670","8/8/2025","5:20:30 AM",0,9.4157,8.511
"3671","8/8/2025","5:35:30 AM",0,9.4158,8.508
"3672","8/8/2025","5:50:30 AM",0,9.4157,8.507
"3673","8/8/2025","6:05:30 AM",0,9.4155,8.501
"3674","8/8/2025","6:20:30 AM",0,9.4169,8.496
"3675","8/8/2025","6:35:30 AM",0,9.4169,8.484
"3676","8/8/2025","6:50:30 AM",0,9.4186,8.484
"3677","8/8/2025","7:05:30 AM",0,9.4184,8.503
"3678","8/8/2025","7:20:30 AM",0,9.4196,8.527
"3679","8/8/2025","7:35:30 AM",0,9.4201,8.557
"3680","8/8/2025","7:50:30 AM",0,9.4213,8.604
"3681","8/8/2025","8:05:30 AM",0,9.4227,8.668
"3682","8/8/2025","8:20:30 AM",0,9.423,8.744
"3683","8/8/2025","8:35:30 AM",0,9.423,8.813
"3684","8/8/2025","8:50:30 AM",0,9.4241,8.884
"3685","8/8/2025","9:05:30 AM",0,9.4261,8.957
"3686","8/8/2025","9:20:30 AM",0,9.4268,9.035
"3687","8/8/2025","9:35:30 AM",0,9.4284,9.111
"3688","8/8/2025","9:50:30 AM",0,9.4299,9.196
"3689","8/8/2025","10:05:30 AM",0,9.4317,9.284
"3690","8/8/2025","10:20:30 AM",0,9.4329,9.371
"3691","8/8/2025","10:35:30 AM",0,9.4346,9.459
"3692","8/8/2025","10:50:30 AM",0,9.4365,9.563
"3693","8/8/2025","11:05:30 AM",0,9.438,9.663
"3694","8/8/2025","11:20:30 AM",0,9.4393,9.763
"3695","8/8/2025","11:35:30 AM",0,9.4396,9.859
"3696","8/8/2025","11:50:30 AM",0,9.4394,9.944
"3697","8/8/2025","12:05:30 PM",0,9.4379,10.019
"3698","8/8/2025","12:20:30 PM",0,9.4375,10.087
"3699","8/8/2025","12:35:30 PM",0,9.4354,10.153
"3700","8/8/2025","12:50:30 PM",0,9.4346,10.229
"3701","8/8/2025","1:05:30 PM",0,9.433,10.304
"3702","8/8/2025","1:20:30 PM",0,9.4321,10.356
"3703","8/8/2025","1:35:30 PM",0,9.431,10.396
"3704","8/8/2025","1:50:30 PM",0,9.4293,10.4
"3705","8/8/2025","2:05:30 PM",0,9.4281,10.428
"3706","8/8/2025","2:20:30 PM",0,9.4273,10.432
"3707","8/8/2025","2:35:30 PM",0,9.4256,10.419
"3708","8/8/2025","2:50:30 PM",0,9.4217,10.39
"3709","8/8/2025","3:05:30 PM",0,9.4192,10.352
"3710","8/8/2025","3:20:30 PM",0,9.4177,10.32
"3711","8/8/2025","3:35:30 PM",0,9.4155,10.264
"3712","8/8/2025","3:50:30 PM",0,9.4142,10.238
"3713","8/8/2025","4:05:30 PM",0,9.4132,10.22
"3714","8/8/2025","4:20:30 PM",0,9.4125,10.21
"3715","8/8/2025","4:35:30 PM",0,9.4105,10.15
"3716","8/8/2025","4:50:30 PM",0,9.4087,10.089
"3717","8/8/2025","5:05:30 PM",0,9.4069,10.031
"3718","8/8/2025","5:20:30 PM",0,9.4061,9.945
"3719","8/8/2025","5:35:30 PM",0,9.4046,9.865
"3720","8/8/2025","5:50:30 PM",0,9.4031,9.792
"3721","8/8/2025","6:05:30 PM",0,9.4028,9.73
"3722","8/8/2025","6:20:30 PM",0,9.4017,9.673
"3723","8/8/2025","6:35:30 PM",0,9.4,9.604
"3724","8/8/2025","6:50:30 PM",0,9.3994,9.502
"3725","8/8/2025","7:05:30 PM",0,9.3997,9.477
"3726","8/8/2025","7:20:30 PM",0,9.3998,9.435
"3727","8/8/2025","7:35:30 PM",0,9.4002,9.387
"3728","8/8/2025","7:50:30 PM",0,9.4011,9.346
"3729","8/8/2025","8:05:30 PM",0,9.4006,9.25
"3730","8/8/2025","8:20:30 PM",0,9.4009,9.2
"3731","8/8/2025","8:35:30 PM",0,9.4022,9.176
"3732","8/8/2025","8:50:30 PM",0,9.4028,9.144
"3733","8/8/2025","9:05:30 PM",0,9.4029,9.121
"3734","8/8/2025","9:20:30 PM",0,9.4065,9.087
"3735","8/8/2025","9:35:30 PM",0,9.4072,9.063
"3736","8/8/2025","9:50:30 PM",0,9.4078,9.046
"3737","8/8/2025","10:05:30 PM",0,9.408,9.037
"3738","8/8/2025","10:20:30 PM",0,9.4088,9.031
"3739","8/8/2025","10:35:30 PM",0,9.4096,9.025
"3740","8/8/2025","10:50:30 PM",0,9.411,9.026
"3741","8/8/2025","11:05:30 PM",0,9.4111,9.006
"3742","8/8/2025","11:20:30 PM",0,9.4107,8.97
"3743","8/8/2025","11:35:30 PM",0,9.4109,8.925
"3744","8/8/2025","11:50:30 PM",0,9.4118,8.888
"3745","8/9/2025","12:05:30 AM",0,9.4118,8.856
"3746","8/9/2025","12:20:30 AM",0,9.4121,8.832
"3747","8/9/2025","12:35:30 AM",0,9.4119,8.814
"3748","8/9/2025","12:50:30 AM",0,9.4116,8.802
"3749","8/9/2025","1:05:30 AM",0,9.4122,8.792
"3750","8/9/2025","1:20:30 AM",0,9.4115,8.778
"3751","8/9/2025","1:35:30 AM",0,9.4114,8.766
"3752","8/9/2025","1:50:30 AM",0,9.4115,8.758
"3753","8/9/2025","2:05:30 AM",0,9.4118,8.753
"3754","8/9/2025","2:20:30 AM",0,9.4115,8.743
"3755","8/9/2025","2:35:30 AM",0,9.411,8.744
"3756","8/9/2025","2:50:30 AM",0,9.4109,8.743
"3757","8/9/2025","3:05:30 AM",0,9.4107,8.736
"3758","8/9/2025","3:20:30 AM",0,9.4109,8.724
"3759","8/9/2025","3:35:30 AM",0,9.4109,8.712
"3760","8/9/2025","3:50:30 AM",0,9.4108,8.702
"3761","8/9/2025","4:05:30 AM",0,9.4109,8.694
"3762","8/9/2025","4:20:30 AM",0,9.4108,8.681
"3763","8/9/2025","4:35:30 AM",0,9.4104,8.676
"3764","8/9/2025","4:50:30 AM",0,9.4104,8.668
"3765","8/9/2025","5:05:30 AM",0,9.411,8.666
"3766","8/9/2025","5:20:30 AM",0,9.4118,8.663
"3767","8/9/2025","5:35:30 AM",0,9.412,8.652
"3768","8/9/2025","5:50:30 AM",0,9.4119,8.639
"3769","8/9/2025","6:05:30 AM",0,9.412,8.628
"3770","8/9/2025","6:20:30 AM",0,9.4129,8.623
"3771","8/9/2025","6:35:30 AM",0,9.4135,8.627
"3772","8/9/2025","6:50:30 AM",0,9.414,8.632
"3773","8/9/2025","7:05:30 AM",0,9.4152,8.644
"3774","8/9/2025","7:20:30 AM",0,9.4164,8.66
"3775","8/9/2025","7:35:30 AM",0,9.4171,8.68
"3776","8/9/2025","7:50:30 AM",0,9.4184,8.716
"3777","8/9/2025","8:05:30 AM",0,9.4195,8.771
"3778","8/9/2025","8:20:30 AM",0,9.4202,8.832
"3779","8/9/2025","8:35:30 AM",0,9.4206,8.9
"3780","8/9/2025","8:50:30 AM",0,9.4229,8.965
"3781","8/9/2025","9:05:30 AM",0,9.4241,9.034
"3782","8/9/2025","9:20:30 AM",0,9.4252,9.123
"3783","8/9/2025","9:35:30 AM",0,9.4256,9.192
"3784","8/9/2025","9:50:30 AM",0,9.4269,9.282
"3785","8/9/2025","10:05:30 AM",0,9.4279,9.343
"3786","8/9/2025","10:20:30 AM",0,9.4279,9.376
"3787","8/9/2025","10:35:30 AM",0,9.4292,9.444
"3788","8/9/2025","10:50:30 AM",0,9.4315,9.578
"3789","8/9/2025","11:05:30 AM",0,9.4324,9.706
"3790","8/9/2025","11:20:30 AM",0,9.4331,9.834
"3791","8/9/2025","11:35:30 AM",0,9.4325,9.942
"3792","8/9/2025","11:50:30 AM",0,9.4307,10.013
"3793","8/9/2025","12:05:30 PM",0,9.4293,10.081
"3794","8/9/2025","12:20:30 PM",0,9.4279,10.16
"3795","8/9/2025","12:35:30 PM",0,9.4265,10.257
"3796","8/9/2025","12:50:30 PM",0,9.4262,10.323
"3797","8/9/2025","1:05:30 PM",0,9.4225,10.365
"3798","8/9/2025","1:20:30 PM",0,9.4213,10.393
"3799","8/9/2025","1:35:30 PM",0,9.4201,10.425
"3800","8/9/2025","1:50:30 PM",0,9.411,10.449
"3801","8/9/2025","2:05:30 PM",0,9.4098,10.464
"3802","8/9/2025","2:20:30 PM",0,9.4092,10.473
"3803","8/9/2025","2:35:30 PM",0,9.4075,10.471
"3804","8/9/2025","2:50:30 PM",0,9.4056,10.411
"3805","8/9/2025","3:05:30 PM",0,9.404,10.354
"3806","8/9/2025","3:20:30 PM",0,9.4025,10.345
"3807","8/9/2025","3:35:30 PM",0,9.402,10.351
"3808","8/9/2025","3:50:30 PM",0,9.4005,10.349
"3809","8/9/2025","4:05:30 PM",0,9.3997,10.339
"3810","8/9/2025","4:20:30 PM",0,9.3984,10.325
"3811","8/9/2025","4:35:30 PM",0,9.3953,10.215
"3812","8/9/2025","4:50:30 PM",0,9.3931,10.123
"3813","8/9/2025","5:05:30 PM",0,9.3916,10.057
"3814","8/9/2025","5:20:30 PM",0,9.3911,10.016
"3815","8/9/2025","5:35:30 PM",0,9.3906,10.017
"3816","8/9/2025","5:50:30 PM",0,9.3903,9.964
"3817","8/9/2025","6:05:30 PM",0,9.3889,9.93
"3818","8/9/2025","6:20:30 PM",0,9.3879,9.872
"3819","8/9/2025","6:35:30 PM",0,9.3878,9.806
"3820","8/9/2025","6:50:30 PM",0,9.3873,9.768
"3821","8/9/2025","7:05:30 PM",0,9.3874,9.744
"3822","8/9/2025","7:20:30 PM",0,9.3869,9.671
"3823","8/9/2025","7:35:30 PM",0,9.3864,9.593
"3824","8/9/2025","7:50:30 PM",0,9.3871,9.488
"3825","8/9/2025","8:05:30 PM",0,9.3862,9.396
"3826","8/9/2025","8:20:30 PM",0,9.3861,9.324
"3827","8/9/2025","8:35:30 PM",0,9.3862,9.256
"3828","8/9/2025","8:50:30 PM",0,9.3869,9.21
"3829","8/9/2025","9:05:30 PM",0,9.3875,9.186
"3830","8/9/2025","9:20:30 PM",0,9.3881,9.167
"3831","8/9/2025","9:35:30 PM",0,9.3893,9.166
"3832","8/9/2025","9:50:30 PM",0,9.3908,9.157
"3833","8/9/2025","10:05:30 PM",0,9.3913,9.138
"3834","8/9/2025","10:20:30 PM",0,9.3911,9.114
"3835","8/9/2025","10:35:30 PM",0,9.3915,9.075
"3836","8/9/2025","10:50:30 PM",0,9.393,9.042
"3837","8/9/2025","11:05:30 PM",0,9.3939,9.005
"3838","8/9/2025","11:20:30 PM",0,9.3934,8.977
"3839","8/9/2025","11:35:30 PM",0,9.3941,8.955
"3840","8/9/2025","11:50:30 PM",0,9.3946,8.94
"3841","8/10/2025","12:05:30 AM",0,9.3947,8.936
"3842","8/10/2025","12:20:30 AM",0,9.3958,8.922
"3843","8/10/2025","12:35:30 AM",0,9.3971,8.911
"3844","8/10/2025","12:50:30 AM",0,9.3969,8.902
"3845","8/10/2025","1:05:30 AM",0,9.3969,8.894
"3846","8/10/2025","1:20:30 AM",0,9.397,8.884
"3847","8/10/2025","1:35:30 AM",0,9.3963,8.878
"3848","8/10/2025","1:50:30 AM",0,9.3969,8.874
"3849","8/10/2025","2:05:30 AM",0,9.3969,8.862
"3850","8/10/2025","2:20:30 AM",0,9.3961,8.858
"3851","8/10/2025","2:35:30 AM",0,9.3968,8.856
"3852","8/10/2025","2:50:30 AM",0,9.3965,8.847
"3853","8/10/2025","3:05:30 AM",0,9.3977,8.84
"3854","8/10/2025","3:20:30 AM",0,9.3986,8.83
"3855","8/10/2025","3:35:30 AM",0,9.3989,8.822
"3856","8/10/2025","3:50:30 AM",0,9.398,8.818
"3857","8/10/2025","4:05:30 AM",0,9.3988,8.807
"3858","8/10/2025","4:20:30 AM",0,9.3997,8.803
"3859","8/10/2025","4:35:30 AM",0,9.3998,8.794
"3860","8/10/2025","4:50:30 AM",0,9.4007,8.788
"3861","8/10/2025","5:05:30 AM",0,9.4019,8.78
"3862","8/10/2025","5:20:30 AM",0,9.4026,8.775
"3863","8/10/2025","5:35:30 AM",0,9.4032,8.768
"3864","8/10/2025","5:50:30 AM",0,9.4045,8.766
"3865","8/10/2025","6:05:30 AM",0,9.4053,8.758
"3866","8/10/2025","6:20:30 AM",0,9.4082,8.754
"3867","8/10/2025","6:35:30 AM",0,9.4102,8.757
"3868","8/10/2025","6:50:30 AM",0,9.412,8.758
"3869","8/10/2025","7:05:30 AM",0,9.4127,8.768
"3870","8/10/2025","7:20:30 AM",0,9.4138,8.779
"3871","8/10/2025","7:35:30 AM",0,9.4164,8.801
"3872","8/10/2025","7:50:30 AM",0,9.4177,8.833
"3873","8/10/2025","8:05:30 AM",0,9.4198,8.877
"3874","8/10/2025","8:20:30 AM",0,9.4203,8.933
"3875","8/10/2025","8:35:30 AM",0,9.4213,8.992
"3876","8/10/2025","8:50:30 AM",0,9.4221,9.051
"3877","8/10/2025","9:05:30 AM",0,9.4227,9.124
"3878","8/10/2025","9:20:30 AM",0,9.4229,9.204
"3879","8/10/2025","9:35:30 AM",0,9.4236,9.292
"3880","8/10/2025","9:50:30 AM",0,9.4243,9.37
"3881","8/10/2025","10:05:30 AM",0,9.425,9.463
"3882","8/10/2025","10:20:30 AM",0,9.4253,9.557
"3883","8/10/2025","10:35:30 AM",0,9.4255,9.637
"3884","8/10/2025","10:50:30 AM",0,9.4248,9.745
"3885","8/10/2025","11:05:30 AM",0,9.4246,9.852
"3886","8/10/2025","11:20:30 AM",0,9.4245,9.943
"3887","8/10/2025","11:35:30 AM",0,9.4263,10.037
"3888","8/10/2025","11:50:30 AM",0,9.4276,10.106
"3889","8/10/2025","12:05:30 PM",0,9.4285,10.19
"3890","8/10/2025","12:20:30 PM",0,9.4294,10.288
"3891","8/10/2025","12:35:30 PM",0,9.4297,10.351
"3892","8/10/2025","12:50:30 PM",0,9.4298,10.393
"3893","8/10/2025","1:05:30 PM",0,9.4302,10.442
"3894","8/10/2025","1:20:30 PM",0,9.4303,10.494
"3895","8/10/2025","1:35:30 PM",0,9.4298,10.542
"3896","8/10/2025","1:50:30 PM",0,9.4285,10.561
"3897","8/10/2025","2:05:30 PM",0,9.4272,10.616
"3898","8/10/2025","2:20:30 PM",0,9.4263,10.602
"3899","8/10/2025","2:35:30 PM",0,9.4242,10.58
"3900","8/10/2025","2:50:30 PM",0,9.4236,10.547
"3901","8/10/2025","3:05:30 PM",0,9.4222,10.534
"3902","8/10/2025","3:20:30 PM",0,9.4214,10.524
"3903","8/10/2025","3:35:30 PM",0,9.4198,10.461
"3904","8/10/2025","3:50:30 PM",0,9.4185,10.436
"3905","8/10/2025","4:05:30 PM",0,9.4163,10.424
"3906","8/10/2025","4:20:30 PM",0,9.4147,10.369
"3907","8/10/2025","4:35:30 PM",0,9.4127,10.304
"3908","8/10/2025","4:50:30 PM",0,9.4109,10.222
"3909","8/10/2025","5:05:30 PM",0,9.4093,10.132
"3910","8/10/2025","5:20:30 PM",0,9.4076,10.069
"3911","8/10/2025","5:35:30 PM",0,9.4062,9.97
"3912","8/10/2025","5:50:30 PM",0,9.4051,9.915
"3913","8/10/2025","6:05:30 PM",0,9.4036,9.845
"3914","8/10/2025","6:20:30 PM",0,9.4021,9.766
"3915","8/10/2025","6:35:30 PM",0,9.4002,9.687
"3916","8/10/2025","6:50:30 PM",0,9.3994,9.599
"3917","8/10/2025","7:05:30 PM",0,9.3982,9.556
"3918","8/10/2025","7:20:30 PM",0,9.3965,9.486
"3919","8/10/2025","7:35:30 PM",0,9.3956,9.404
"3920","8/10/2025","7:50:30 PM",0,9.3952,9.334
"3921","8/10/2025","8:05:30 PM",0,9.3947,9.27
"3922","8/10/2025","8:20:30 PM",0,9.3946,9.227
"3923","8/10/2025","8:35:30 PM",0,9.3945,9.206
"3924","8/10/2025","8:50:30 PM",0,9.3951,9.181
"3925","8/10/2025","9:05:30 PM",0,9.3955,9.15
"3926","8/10/2025","9:20:30 PM",0,9.3962,9.148
"3927","8/10/2025","9:35:30 PM",0,9.3967,9.151
"3928","8/10/2025","9:50:30 PM",0,9.3976,9.148
"3929","8/10/2025","10:05:30 PM",0,9.3987,9.153
"3930","8/10/2025","10:20:30 PM",0,9.3995,9.159
"3931","8/10/2025","10:35:30 PM",0,9.3989,9.145
"3932","8/10/2025","10:50:30 PM",0,9.3994,9.123
"3933","8/10/2025","11:05:30 PM",0,9.4002,9.084
"3934","8/10/2025","11:20:30 PM",0,9.4002,9.068
"3935","8/10/2025","11:35:30 PM",0,9.4007,9.049
"3936","8/10/2025","11:50:30 PM",0,9.4005,9.032
"3937","8/11/2025","12:05:30 AM",0,9.4007,9.012
"3938","8/11/2025","12:20:30 AM",0,9.4041,9.003
"3939","8/11/2025","12:35:30 AM",0,9.4055,8.989
"3940","8/11/2025","12:50:30 AM",0,9.4057,8.974
"3941","8/11/2025","1:05:30 AM",0,9.4062,8.968
"3942","8/11/2025","1:20:30 AM",0,9.406,8.955
"3943","8/11/2025","1:35:30 AM",0,9.4067,8.945
"3944","8/11/2025","1:50:30 AM",0,9.4063,8.929
"3945","8/11/2025","2:05:30 AM",0,9.4058,8.922
"3946","8/11/2025","2:20:30 AM",0,9.4057,8.91
"3947","8/11/2025","2:35:30 AM",0,9.4063,8.905
"3948","8/11/2025","2:50:30 AM",0,9.4063,8.898
"3949","8/11/2025","3:05:30 AM",0,9.4067,8.889
"3950","8/11/2025","3:20:30 AM",0,9.4076,8.882
"3951","8/11/2025","3:35:30 AM",0,9.4073,8.876
"3952","8/11/2025","3:50:30 AM",0,9.4077,8.866
"3953","8/11/2025","4:05:30 AM",0,9.4078,8.86
"3954","8/11/2025","4:20:30 AM",0,9.4075,8.854
"3955","8/11/2025","4:35:30 AM",0,9.4078,8.851
"3956","8/11/2025","4:50:30 AM",0,9.4074,8.842
"3957","8/11/2025","5:05:30 AM",0,9.4084,8.836
"3958","8/11/2025","5:20:30 AM",0,9.4092,8.83
"3959","8/11/2025","5:35:30 AM",0,9.4093,8.822
"3960","8/11/2025","5:50:30 AM",0,9.4101,8.821
"3961","8/11/2025","6:05:30 AM",0,9.4118,8.813
"3962","8/11/2025","6:20:30 AM",0,9.4121,8.812
"3963","8/11/2025","6:35:30 AM",0,9.412,8.812
"3964","8/11/2025","6:50:30 AM",0,9.4121,8.813
"3965","8/11/2025","7:05:30 AM",0,9.413,8.817
"3966","8/11/2025","7:20:30 AM",0,9.4135,8.825
"3967","8/11/2025","7:35:30 AM",0,9.4144,8.844
"3968","8/11/2025","7:50:30 AM",0,9.4147,8.875
"3969","8/11/2025","8:05:30 AM",0,9.416,8.924
"3970","8/11/2025","8:20:30 AM",0,9.416,8.977
"3971","8/11/2025","8:35:30 AM",0,9.4165,9.035
"3972","8/11/2025","8:50:30 AM",0,9.4162,9.094
"3973","8/11/2025","9:05:30 AM",0,9.4163,9.156
"3974","8/11/2025","9:20:30 AM",0,9.4156,9.23
"3975","8/11/2025","9:35:30 AM",0,9.4165,9.308
"3976","8/11/2025","9:50:30 AM",0,9.4158,9.391
"3977","8/11/2025","10:05:30 AM",0,9.4157,9.485
"3978","8/11/2025","10:20:30 AM",0,9.4162,9.574
"3979","8/11/2025","10:35:30 AM",0,9.4182,9.674
"3980","8/11/2025","10:50:30 AM",0,9.4202,9.792
"3981","8/11/2025","11:05:30 AM",0,9.4223,9.914
"3982","8/11/2025","11:20:30 AM",0,9.4235,10.016
"3983","8/11/2025","11:35:30 AM",0,9.4248,10.095
"3984","8/11/2025","11:50:30 AM",0,9.4252,10.154
"3985","8/11/2025","12:05:30 PM",0,9.4254,10.202
"3986","8/11/2025","12:20:30 PM",0,9.4246,10.285
"3987","8/11/2025","12:35:30 PM",0,9.4231,10.347
"3988","8/11/2025","12:50:30 PM",0,9.422,10.41
"3989","8/11/2025","1:05:30 PM",0,9.4204,10.471
"3990","8/11/2025","1:20:30 PM",0,9.4196,10.525
"3991","8/11/2025","1:35:30 PM",0,9.4189,10.572
"3992","8/11/2025","1:50:30 PM",0,9.4169,10.605
"3993","8/11/2025","2:05:30 PM",0,9.4156,10.595
"3994","8/11/2025","2:20:30 PM",0,9.4134,10.591
"3995","8/11/2025","2:35:30 PM",0,9.413,10.585
"3996","8/11/2025","2:50:30 PM",0,9.41,10.562
"3997","8/11/2025","3:05:30 PM",0,9.4074,10.494
"3998","8/11/2025","3:20:30 PM",0,9.4054,10.477
"3999","8/11/2025","3:35:30 PM",0,9.4045,10.425
"4000","8/11/2025","3:50:30 PM",0,9.4025,10.374
"4001","8/11/2025","4:05:30 PM",0,9.4015,10.358
"4002","8/11/2025","4:20:30 PM",0,9.4,10.305
"4003","8/11/2025","4:35:30 PM",0,9.3979,10.27
"4004","8/11/2025","4:50:30 PM",0,9.3969,10.193
"4005","8/11/2025","5:05:30 PM",0,9.395,10.099
"4006","8/11/2025","5:20:30 PM",0,9.3931,9.997
"4007","8/11/2025","5:35:30 PM",0,9.3914,9.934
"4008","8/11/2025","5:50:30 PM",0,9.3901,9.825
"4009","8/11/2025","6:05:30 PM",0,9.3889,9.741
"4010","8/11/2025","6:20:30 PM",0,9.3879,9.677
"4011","8/11/2025","6:35:30 PM",0,9.3871,9.615
"4012","8/11/2025","6:50:30 PM",0,9.3865,9.558
"4013","8/11/2025","7:05:30 PM",0,9.3856,9.54
"4014","8/11/2025","7:20:30 PM",0,9.3867,9.564
"4015","8/11/2025","7:35:30 PM",0,9.3876,9.572
"4016","8/11/2025","7:50:30 PM",0,9.3882,9.574
"4017","8/11/2025","8:05:30 PM",0,9.388,9.511
"4018","8/11/2025","8:20:30 PM",0,9.3875,9.418
"4019","8/11/2025","8:35:30 PM",0,9.3877,9.364
"4020","8/11/2025","8:50:30 PM",0,9.3886,9.325
"4021","8/11/2025","9:05:30 PM",0,9.3892,9.279
"4022","8/11/2025","9:20:30 PM",0,9.3893,9.234
"4023","8/11/2025","9:35:30 PM",0,9.3892,9.19
"4024","8/11/2025","9:50:30 PM",0,9.3896,9.159
"4025","8/11/2025","10:05:30 PM",0,9.39,9.136
"4026","8/11/2025","10:20:30 PM",0,9.3905,9.111
"4027","8/11/2025","10:35:30 PM",0,9.3905,9.095
"4028","8/11/2025","10:50:30 PM",0,9.3915,9.091
"4029","8/11/2025","11:05:30 PM",0,9.3916,9.088
"4030","8/11/2025","11:20:30 PM",0,9.3916,9.088
"4031","8/11/2025","11:35:30 PM",0,9.3916,9.079
"4032","8/11/2025","11:50:30 PM",0,9.3917,9.069
"4033","8/12/2025","12:05:30 AM",0,9.3915,9.054
"4034","8/12/2025","12:20:30 AM",0,9.391,9.037
"4035","8/12/2025","12:35:30 AM",0,9.3913,9.01
"4036","8/12/2025","12:50:30 AM",0,9.3907,8.996
"4037","8/12/2025","1:05:30 AM",0,9.3906,8.988
"4038","8/12/2025","1:20:30 AM",0,9.3906,8.986
"4039","8/12/2025","1:35:30 AM",0,9.3905,8.982
"4040","8/12/2025","1:50:30 AM",0,9.3896,8.97
"4041","8/12/2025","2:05:30 AM",0,9.3896,8.966
"4042","8/12/2025","2:20:30 AM",0,9.3887,8.961
"4043","8/12/2025","2:35:30 AM",0,9.389,8.957
"4044","8/12/2025","2:50:30 AM",0,9.3884,8.948
"4045","8/12/2025","3:05:30 AM",0,9.3878,8.937
"4046","8/12/2025","3:20:30 AM",0,9.3872,8.925
"4047","8/12/2025","3:35:30 AM",0,9.387,8.914
"4048","8/12/2025","3:50:30 AM",0,9.3873,8.91
"4049","8/12/2025","4:05:30 AM",0,9.3869,8.904
"4050","8/12/2025","4:20:30 AM",0,9.3867,8.897
"4051","8/12/2025","4:35:30 AM",0,9.3865,8.89
"4052","8/12/2025","4:50:30 AM",0,9.3871,8.89
"4053","8/12/2025","5:05:30 AM",0,9.3868,8.885
"4054","8/12/2025","5:20:30 AM",0,9.3868,8.879
"4055","8/12/2025","5:35:30 AM",0,9.3869,8.875
"4056","8/12/2025","5:50:30 AM",0,9.3872,8.87
"4057","8/12/2025","6:05:30 AM",0,9.3872,8.868
"4058","8/12/2025","6:20:30 AM",0,9.3878,8.864
"4059","8/12/2025","6:35:30 AM",0,9.3879,8.864
"4060","8/12/2025","6:50:30 AM",0,9.3882,8.864
"4061","8/12/2025","7:05:30 AM",0,9.3892,8.866
"4062","8/12/2025","7:20:30 AM",0,9.3902,8.874
"4063","8/12/2025","7:35:30 AM",0,9.3904,8.887
"4064","8/12/2025","7:50:30 AM",0,9.3908,8.916
"4065","8/12/2025","8:05:30 AM",0,9.392,8.961
"4066","8/12/2025","8:20:30 AM",0,9.3923,9.008
"4067","8/12/2025","8:35:30 AM",0,9.3939,9.064
"4068","8/12/2025","8:50:30 AM",0,9.3952,9.124
"4069","8/12/2025","9:05:30 AM",0,9.3961,9.186
"4070","8/12/2025","9:20:30 AM",0,9.3971,9.253
"4071","8/12/2025","9:35:30 AM",0,9.3983,9.331
"4072","8/12/2025","9:50:30 AM",0,9.3996,9.419
"4073","8/12/2025","10:05:30 AM",0,9.4009,9.522
"4074","8/12/2025","10:20:30 AM",0,9.4015,9.601
"4075","8/12/2025","10:35:30 AM",0,9.4025,9.681
"4076","8/12/2025","10:50:30 AM",0,9.401,9.766
"4077","8/12/2025","11:05:30 AM",0,9.4019,9.863
"4078","8/12/2025","11:20:30 AM",0,9.4002,9.968
"4079","8/12/2025","11:35:30 AM",0,9.4007,10.059
"4080","8/12/2025","11:50:30 AM",0,9.3999,10.143
"4081","8/12/2025","12:05:30 PM",0,9.3986,10.235
"4082","8/12/2025","12:20:30 PM",0,9.3974,10.298
"4083","8/12/2025","12:35:30 PM",0,9.3893,10.356
"4084","8/12/2025","12:50:30 PM",0,9.389,10.399
"4085","8/12/2025","1:05:30 PM",0,9.3893,10.463
"4086","8/12/2025","1:20:30 PM",0,9.3901,10.518
"4087","8/12/2025","1:35:30 PM",0,9.3883,10.575
"4088","8/12/2025","1:50:30 PM",0,9.3871,10.598
"4089","8/12/2025","2:05:30 PM",0,9.386,10.638
"4090","8/12/2025","2:20:30 PM",0,9.3861,10.621
"4091","8/12/2025","2:35:30 PM",0,9.3847,10.619
"4092","8/12/2025","2:50:30 PM",0,9.3835,10.581
"4093","8/12/2025","3:05:30 PM",0,9.3812,10.525
"4094","8/12/2025","3:20:30 PM",0,9.3793,10.477
"4095","8/12/2025","3:35:30 PM",0,9.3779,10.457
"4096","8/12/2025","3:50:30 PM",0,9.3772,10.426
"4097","8/12/2025","4:05:30 PM",0,9.3759,10.409
"4098","8/12/2025","4:20:30 PM",0,9.3751,10.387
"4099","8/12/2025","4:35:30 PM",0,9.3739,10.332
"4100","8/12/2025","4:50:30 PM",0,9.3723,10.268
"4101","8/12/2025","5:05:30 PM",0,9.3709,10.168
"4102","8/12/2025","5:20:30 PM",0,9.3695,10.114
"4103","8/12/2025","5:35:30 PM",0,9.3683,10.049
"4104","8/12/2025","5:50:30 PM",0,9.3682,10.035
"4105","8/12/2025","6:05:30 PM",0,9.3663,9.978
"4106","8/12/2025","6:20:30 PM",0,9.3653,9.921
"4107","8/12/2025","6:35:30 PM",0,9.3649,9.892
"4108","8/12/2025","6:50:30 PM",0,9.3643,9.856
"4109","8/12/2025","7:05:30 PM",0,9.3643,9.821
"4110","8/12/2025","7:20:30 PM",0,9.3624,9.719
"4111","8/12/2025","7:35:30 PM",0,9.362,9.644
"4112","8/12/2025","7:50:30 PM",0,9.3614,9.549
"4113","8/12/2025","8:05:30 PM",0,9.3629,9.469
"4114","8/12/2025","8:20:30 PM",0,9.3631,9.391
"4115","8/12/2025","8:35:30 PM",0,9.3627,9.334
"4116","8/12/2025","8:50:30 PM",0,9.3627,9.285
"4117","8/12/2025","9:05:30 PM",0,9.3633,9.245
"4118","8/12/2025","9:20:30 PM",0,9.3638,9.211
"4119","8/12/2025","9:35:30 PM",0,9.3647,9.178
"4120","8/12/2025","9:50:30 PM",0,9.366,9.15
"4121","8/12/2025","10:05:30 PM",0,9.3662,9.126
"4122","8/12/2025","10:20:30 PM",0,9.3664,9.103
"4123","8/12/2025","10:35:30 PM",0,9.3666,9.091
"4124","8/12/2025","10:50:30 PM",0,9.3678,9.094
"4125","8/12/2025","11:05:30 PM",0,9.3675,9.099
"4126","8/12/2025","11:20:30 PM",0,9.369,9.097
"4127","8/12/2025","11:35:30 PM",0,9.3693,9.077
"4128","8/12/2025","11:50:30 PM",0,9.3686,9.056
"4129","8/13/2025","12:05:30 AM",0,9.368,9.039
"4130","8/13/2025","12:20:30 AM",0,9.3693,9.026
"4131","8/13/2025","12:35:30 AM",0,9.3694,9.009
"4132","8/13/2025","12:50:30 AM",0,9.3694,8.999
"4133","8/13/2025","1:05:30 AM",0,9.3694,8.988
"4134","8/13/2025","1:20:30 AM",0,9.3697,8.97
"4135","8/13/2025","1:35:30 AM",0,9.3699,8.953
"4136","8/13/2025","1:50:30 AM",0,9.3696,8.935
"4137","8/13/2025","2:05:30 AM",0,9.3691,8.922
"4138","8/13/2025","2:20:30 AM",0,9.3686,8.909
"4139","8/13/2025","2:35:30 AM",0,9.3703,8.9
"4140","8/13/2025","2:50:30 AM",0,9.3702,8.894
"4141","8/13/2025","3:05:30 AM",0,9.3711,8.885
"4142","8/13/2025","3:20:30 AM",0,9.3712,8.875
"4143","8/13/2025","3:35:30 AM",0,9.3724,8.869
"4144","8/13/2025","3:50:30 AM",0,9.3727,8.863
"4145","8/13/2025","4:05:30 AM",0,9.3732,8.857
"4146","8/13/2025","4:20:30 AM",0,9.3729,8.849
"4147","8/13/2025","4:35:30 AM",0,9.3719,8.843
"4148","8/13/2025","4:50:30 AM",0,9.3724,8.836
"4149","8/13/2025","5:05:30 AM",0,9.3723,8.835
"4150","8/13/2025","5:20:30 AM",0,9.3723,8.834
"4151","8/13/2025","5:35:30 AM",0,9.3729,8.831
"4152","8/13/2025","5:50:30 AM",0,9.3748,8.828
"4153","8/13/2025","6:05:30 AM",0,9.3755,8.824
"4154","8/13/2025","6:20:30 AM",0,9.3765,8.819
"4155","8/13/2025","6:35:30 AM",0,9.3765,8.816
"4156","8/13/2025","6:50:30 AM",0,9.3778,8.816
"4157","8/13/2025","7:05:30 AM",0,9.378,8.824
"4158","8/13/2025","7:20:30 AM",0,9.3796,8.827
"4159","8/13/2025","7:35:30 AM",0,9.3808,8.84
"4160","8/13/2025","7:50:30 AM",0,9.3813,8.869
"4161","8/13/2025","8:05:30 AM",0,9.3834,8.923
"4162","8/13/2025","8:20:30 AM",0,9.3827,8.988
"4163","8/13/2025","8:35:30 AM",0,9.3826,9.045
"4164","8/13/2025","8:50:30 AM",0,9.3826,9.101
"4165","8/13/2025","9:05:30 AM",0,9.382,9.159
"4166","8/13/2025","9:20:30 AM",0,9.3824,9.225
"4167","8/13/2025","9:35:30 AM",0,9.3828,9.302
"4168","8/13/2025","9:50:30 AM",0,9.3834,9.379
"4169","8/13/2025","10:05:30 AM",0,9.383,9.475
"4170","8/13/2025","10:20:30 AM",0,9.3828,9.566
"4171","8/13/2025","10:35:30 AM",0,9.3823,9.68
"4172","8/13/2025","10:50:30 AM",0,9.3833,9.791
"4173","8/13/2025","11:05:30 AM",0,9.3856,9.909
"4174","8/13/2025","11:20:30 AM",0,9.3877,10.011
"4175","8/13/2025","11:35:30 AM",0,9.3888,10.098
"4176","8/13/2025","11:50:30 AM",0,9.3891,10.162
"4177","8/13/2025","12:05:30 PM",0,9.3896,10.215
"4178","8/13/2025","12:20:30 PM",0,9.3903,10.307
"4179","8/13/2025","12:35:30 PM",0,9.3904,10.38
"4180","8/13/2025","12:50:30 PM",0,9.3906,10.438
"4181","8/13/2025","1:05:30 PM",0,9.3906,10.494
"4182","8/13/2025","1:20:30 PM",0,9.39,10.529
"4183","8/13/2025","1:35:30 PM",0,9.3899,10.545
"4184","8/13/2025","1:50:30 PM",0,9.3888,10.566
"4185","8/13/2025","2:05:30 PM",0,9.3876,10.598
"4186","8/13/2025","2:20:30 PM",0,9.3864,10.576
"4187","8/13/2025","2:35:30 PM",0,9.3832,10.534
"4188","8/13/2025","2:50:30 PM",0,9.3819,10.502
"4189","8/13/2025","3:05:30 PM",0,9.3799,10.498
"4190","8/13/2025","3:20:30 PM",0,9.3789,10.454
"4191","8/13/2025","3:35:30 PM",0,9.3777,10.442
"4192","8/13/2025","3:50:30 PM",0,9.3761,10.434
"4193","8/13/2025","4:05:30 PM",0,9.3747,10.409
"4194","8/13/2025","4:20:30 PM",0,9.3729,10.346
"4195","8/13/2025","4:35:30 PM",0,9.3716,10.261
"4196","8/13/2025","4:50:30 PM",0,9.3703,10.19
"4197","8/13/2025","5:05:30 PM",0,9.3691,10.119
"4198","8/13/2025","5:20:30 PM",0,9.369,10.093
"4199","8/13/2025","5:35:30 PM",0,9.3679,10.09
"4200","8/13/2025","5:50:30 PM",0,9.3682,10.06
"4201","8/13/2025","6:05:30 PM",0,9.3676,10.02
"4202","8/13/2025","6:20:30 PM",0,9.3663,9.966
"4203","8/13/2025","6:35:30 PM",0,9.3655,9.909
"4204","8/13/2025","6:50:30 PM",0,9.3647,9.843
"4205","8/13/2025","7:05:30 PM",0,9.3641,9.786
"4206","8/13/2025","7:20:30 PM",0,9.3627,9.67
"4207","8/13/2025","7:35:30 PM",0,9.3628,9.608
"4208","8/13/2025","7:50:30 PM",0,9.3631,9.574
"4209","8/13/2025","8:05:30 PM",0,9.3636,9.507
"4210","8/13/2025","8:20:30 PM",0,9.3636,9.435
"4211","8/13/2025","8:35:30 PM",0,9.3637,9.366
"4212","8/13/2025","8:50:30 PM",0,9.3646,9.307
"4213","8/13/2025","9:05:30 PM",0,9.3652,9.262
"4214","8/13/2025","9:20:30 PM",0,9.3659,9.227
"4215","8/13/2025","9:35:30 PM",0,9.367,9.199
"4216","8/13/2025","9:50:30 PM",0,9.3675,9.166
"4217","8/13/2025","10:05:30 PM",0,9.3686,9.131
"4218","8/13/2025","10:20:30 PM",0,9.3688,9.093
"4219","8/13/2025","10:35:30 PM",0,9.3697,9.057
"4220","8/13/2025","10:50:30 PM",0,9.3693,9.027
"4221","8/13/2025","11:05:30 PM",0,9.3696,9.018
"4222","8/13/2025","11:20:30 PM",0,9.3697,9.013
"4223","8/13/2025","11:35:30 PM",0,9.3703,9.007
"4224","8/13/2025","11:50:30 PM",0,9.3711,9.006
"4225","8/14/2025","12:05:30 AM",0,9.3716,9.005
"4226","8/14/2025","12:20:30 AM",0,9.3741,9.005
"4227","8/14/2025","12:35:30 AM",0,9.3821,9.009
"4228","8/14/2025","12:50:30 AM",0,9.3828,9.014
"4229","8/14/2025","1:05:30 AM",0,9.3839,8.996
"4230","8/14/2025","1:20:30 AM",0,9.385,8.967
"4231","8/14/2025","1:35:30 AM",0,9.3849,8.938
"4232","8/14/2025","1:50:30 AM",0,9.3856,8.918
"4233","8/14/2025","2:05:30 AM",0,9.3853,8.897
"4234","8/14/2025","2:20:30 AM",0,9.3852,8.879
"4235","8/14/2025","2:35:30 AM",0,9.385,8.864
"4236","8/14/2025","2:50:30 AM",0,9.3854,8.853
"4237","8/14/2025","3:05:30 AM",0,9.3851,8.84
"4238","8/14/2025","3:20:30 AM",0,9.3851,8.835
"4239","8/14/2025","3:35:30 AM",0,9.3854,8.82
"4240","8/14/2025","3:50:30 AM",0,9.3847,8.815
"4241","8/14/2025","4:05:30 AM",0,9.3851,8.806
"4242","8/14/2025","4:20:30 AM",0,9.3852,8.804
"4243","8/14/2025","4:35:30 AM",0,9.385,8.792
"4244","8/14/2025","4:50:30 AM",0,9.3851,8.79
"4245","8/14/2025","5:05:30 AM",0,9.3859,8.789
"4246","8/14/2025","5:20:30 AM",0,9.3867,8.785
"4247","8/14/2025","5:35:30 AM",0,9.3869,8.779
"4248","8/14/2025","5:50:30 AM",0,9.387,8.774
"4249","8/14/2025","6:05:30 AM",0,9.3872,8.766
"4250","8/14/2025","6:20:30 AM",0,9.3876,8.763
"4251","8/14/2025","6:35:30 AM",0,9.3886,8.758
"4252","8/14/2025","6:50:30 AM",0,9.3897,8.758
"4253","8/14/2025","7:05:30 AM",0,9.3908,8.757
"4254","8/14/2025","7:20:30 AM",0,9.3919,8.762
"4255","8/14/2025","7:35:30 AM",0,9.3928,8.774
"4256","8/14/2025","7:50:30 AM",0,9.3944,8.805
"4257","8/14/2025","8:05:30 AM",0,9.395,8.853
"4258","8/14/2025","8:20:30 AM",0,9.3964,8.909
"4259","8/14/2025","8:35:30 AM",0,9.3979,8.968
"4260","8/14/2025","8:50:30 AM",0,9.3998,9.034
"4261","8/14/2025","9:05:30 AM",0,9.4013,9.098
"4262","8/14/2025","9:20:30 AM",0,9.4026,9.179
"4263","8/14/2025","9:35:30 AM",0,9.4046,9.265
"4264","8/14/2025","9:50:30 AM",0,9.4059,9.346
"4265","8/14/2025","10:05:30 AM",0,9.4075,9.434
"4266","8/14/2025","10:20:30 AM",0,9.4092,9.518
"4267","8/14/2025","10:35:30 AM",0,9.41,9.623
"4268","8/14/2025","10:50:30 AM",0,9.4101,9.726
"4269","8/14/2025","11:05:30 AM",0,9.41,9.831
"4270","8/14/2025","11:20:30 AM",0,9.4099,9.91
"4271","8/14/2025","11:35:30 AM",0,9.4087,10.003
"4272","8/14/2025","11:50:30 AM",0,9.4081,10.081
"4273","8/14/2025","12:05:30 PM",0,9.4069,10.129
"4274","8/14/2025","12:20:30 PM",0,9.4051,10.186
"4275","8/14/2025","12:35:30 PM",0,9.4057,10.232
"4276","8/14/2025","12:50:30 PM",0,9.4026,10.288
"4277","8/14/2025","1:05:30 PM",0,9.3958,10.351
"4278","8/14/2025","1:20:30 PM",0,9.3969,10.416
"4279","8/14/2025","1:35:30 PM",0,9.3966,10.422
"4280","8/14/2025","1:50:30 PM",0,9.3961,10.44
"4281","8/14/2025","2:05:30 PM",0,9.3953,10.473
"4282","8/14/2025","2:20:30 PM",0,9.3952,10.503
"4283","8/14/2025","2:35:30 PM",0,9.3941,10.476
"4284","8/14/2025","2:50:30 PM",0,9.3919,10.431
"4285","8/14/2025","3:05:30 PM",0,9.3907,10.391
"4286","8/14/2025","3:20:30 PM",0,9.3893,10.366
"4287","8/14/2025","3:35:30 PM",0,9.3882,10.318
"4288","8/14/2025","3:50:30 PM",0,9.3871,10.305
"4289","8/14/2025","4:05:30 PM",0,9.3868,10.304
"4290","8/14/2025","4:20:30 PM",0,9.3864,10.275
"4291","8/14/2025","4:35:30 PM",0,9.385,10.199
"4292","8/14/2025","4:50:30 PM",0,9.3838,10.138
"4293","8/14/2025","5:05:30 PM",0,9.3828,10.036
"4294","8/14/2025","5:20:30 PM",0,9.3813,9.979
"4295","8/14/2025","5:35:30 PM",0,9.3808,9.922
"4296","8/14/2025","5:50:30 PM",0,9.3794,9.838
"4297","8/14/2025","6:05:30 PM",0,9.3786,9.791
"4298","8/14/2025","6:20:30 PM",0,9.3786,9.745
"4299","8/14/2025","6:35:30 PM",0,9.378,9.688
"4300","8/14/2025","6:50:30 PM",0,9.3771,9.605
"4301","8/14/2025","7:05:30 PM",0,9.3758,9.539
"4302","8/14/2025","7:20:30 PM",0,9.3761,9.474
"4303","8/14/2025","7:35:30 PM",0,9.3753,9.403
"4304","8/14/2025","7:50:30 PM",0,9.3765,9.339
"4305","8/14/2025","8:05:30 PM",0,9.3764,9.273
"4306","8/14/2025","8:20:30 PM",0,9.377,9.218
"4307","8/14/2025","8:35:30 PM",0,9.3768,9.148
"4308","8/14/2025","8:50:30 PM",0,9.3841,9.089
"4309","8/14/2025","9:05:30 PM",0,9.3858,9.045
"4310","8/14/2025","9:20:30 PM",0,9.3872,9.018
"4311","8/14/2025","9:35:30 PM",0,9.3903,9.007
"4312","8/14/2025","9:50:30 PM",0,9.391,8.976
"4313","8/14/2025","10:05:30 PM",0,9.3916,8.944
"4314","8/14/2025","10:20:30 PM",0,9.3924,8.917
"4315","8/14/2025","10:35:30 PM",0,9.3935,8.903
"4316","8/14/2025","10:50:30 PM",0,9.3944,8.892
"4317","8/14/2025","11:05:30 PM",0,9.3946,8.884
"4318","8/14/2025","11:20:30 PM",0,9.3947,8.88
"4319","8/14/2025","11:35:30 PM",0,9.3946,8.874
"4320","8/14/2025","11:50:30 PM",0,9.3956,8.868
"4321","8/15/2025","12:05:30 AM",0,9.3957,8.853
"4322","8/15/2025","12:20:30 AM",0,9.396,8.834
"4323","8/15/2025","12:35:30 AM",0,9.3954,8.819
"4324","8/15/2025","12:50:30 AM",0,9.3958,8.807
"4325","8/15/2025","1:05:30 AM",0,9.3953,8.789
"4326","8/15/2025","1:20:30 AM",0,9.3948,8.782
"4327","8/15/2025","1:35:30 AM",0,9.3952,8.772
"4328","8/15/2025","1:50:30 AM",0,9.395,8.763
"4329","8/15/2025","2:05:30 AM",0,9.3955,8.755
"4330","8/15/2025","2:20:30 AM",0,9.395,8.753
"4331","8/15/2025","2:35:30 AM",0,9.3942,8.746
"4332","8/15/2025","2:50:30 AM",0,9.3939,8.739
"4333","8/15/2025","3:05:30 AM",0,9.3941,8.731
"4334","8/15/2025","3:20:30 AM",0,9.3943,8.726
"4335","8/15/2025","3:35:30 AM",0,9.3938,8.72
"4336","8/15/2025","3:50:30 AM",0,9.3935,8.71
"4337","8/15/2025","4:05:30 AM",0,9.3929,8.708
"4338","8/15/2025","4:20:30 AM",0,9.3926,8.706
"4339","8/15/2025","4:35:30 AM",0,9.3924,8.7
"4340","8/15/2025","4:50:30 AM",0,9.3921,8.694
"4341","8/15/2025","5:05:30 AM",0,9.3922,8.69
"4342","8/15/2025","5:20:30 AM",0,9.3921,8.682
"4343","8/15/2025","5:35:30 AM",0,9.3929,8.681
"4344","8/15/2025","5:50:30 AM",0,9.3943,8.676
"4345","8/15/2025","6:05:30 AM",0,9.3942,8.672
"4346","8/15/2025","6:20:30 AM",0,9.3951,8.668
"4347","8/15/2025","6:35:30 AM",0,9.3954,8.667
"4348","8/15/2025","6:50:30 AM",0,9.3967,8.674
"4349","8/15/2025","7:05:30 AM",0,9.3972,8.683
"4350","8/15/2025","7:20:30 AM",0,9.3978,8.689
"4351","8/15/2025","7:35:30 AM",0,9.3989,8.708
"4352","8/15/2025","7:50:30 AM",0,9.4,8.739
"4353","8/15/2025","8:05:30 AM",0,9.4012,8.786
"4354","8/15/2025","8:20:30 AM",0,9.4024,8.84
"4355","8/15/2025","8:35:30 AM",0,9.4031,8.896
"4356","8/15/2025","8:50:30 AM",0,9.4044,8.954
"4357","8/15/2025","9:05:30 AM",0,9.4059,9.015
"4358","8/15/2025","9:20:30 AM",0,9.4068,9.085
"4359","8/15/2025","9:35:30 AM",0,9.408,9.169
"4360","8/15/2025","9:50:30 AM",0,9.4091,9.257
"4361","8/15/2025","10:05:30 AM",0,9.4107,9.347
"4362","8/15/2025","10:20:30 AM",0,9.4118,9.433
"4363","8/15/2025","10:35:30 AM",0,9.4124,9.522
"4364","8/15/2025","10:50:30 AM",0,9.413,9.629
"4365","8/15/2025","11:05:30 AM",0,9.413,9.725
"4366","8/15/2025","11:20:30 AM",0,9.4118,9.827
"4367","8/15/2025","11:35:30 AM",0,9.4108,9.911
"4368","8/15/2025","11:50:30 AM",0,9.4097,9.98
"4369","8/15/2025","12:05:30 PM",0,9.4089,10.084
"4370","8/15/2025","12:20:30 PM",0,9.4081,10.146
"4371","8/15/2025","12:35:30 PM",0,9.408,10.2
"4372","8/15/2025","12:50:30 PM",0,9.4057,10.238
"4373","8/15/2025","1:05:30 PM",0,9.4042,10.299
"4374","8/15/2025","1:20:30 PM",0,9.3957,10.326
"4375","8/15/2025","1:35:30 PM",0,9.3961,10.378
"4376","8/15/2025","1:50:30 PM",0,9.3966,10.425
"4377","8/15/2025","2:05:30 PM",0,9.3959,10.457
"4378","8/15/2025","2:20:30 PM",0,9.3949,10.448
"4379","8/15/2025","2:35:30 PM",0,9.3935,10.433
"4380","8/15/2025","2:50:30 PM",0,9.3919,10.38
"4381","8/15/2025","3:05:30 PM",0,9.3895,10.334
"4382","8/15/2025","3:20:30 PM",0,9.3878,10.288
"4383","8/15/2025","3:35:30 PM",0,9.386,10.222
"4384","8/15/2025","3:50:30 PM",0,9.3841,10.209
"4385","8/15/2025","4:05:30 PM",0,9.3838,10.229
"4386","8/15/2025","4:20:30 PM",0,9.3832,10.195
"4387","8/15/2025","4:35:30 PM",0,9.3827,10.15
"4388","8/15/2025","4:50:30 PM",0,9.382,10.077
"4389","8/15/2025","5:05:30 PM",0,9.3799,10.006
"4390","8/15/2025","5:20:30 PM",0,9.3787,9.925
"4391","8/15/2025","5:35:30 PM",0,9.3779,9.906
"4392","8/15/2025","5:50:30 PM",0,9.3769,9.858
"4393","8/15/2025","6:05:30 PM",0,9.3758,9.811
"4394","8/15/2025","6:20:30 PM",0,9.3753,9.779
"4395","8/15/2025","6:35:30 PM",0,9.3745,9.742
"4396","8/15/2025","6:50:30 PM",0,9.3734,9.651
"4397","8/15/2025","7:05:30 PM",0,9.3731,9.593
"4398","8/15/2025","7:20:30 PM",0,9.372,9.517
"4399","8/15/2025","7:35:30 PM",0,9.3713,9.437
"4400","8/15/2025","7:50:30 PM",0,9.3707,9.375
"4401","8/15/2025","8:05:30 PM",0,9.3692,9.296
"4402","8/15/2025","8:20:30 PM",0,9.371,9.234
"4403","8/15/2025","8:35:30 PM",0,9.3716,9.178
"4404","8/15/2025","8:50:30 PM",0,9.3727,9.135
"4405","8/15/2025","9:05:30 PM",0,9.3745,9.102
"4406","8/15/2025","9:20:30 PM",0,9.376,9.078
"4407","8/15/2025","9:35:30 PM",0,9.3795,9.077
"4408","8/15/2025","9:50:30 PM",0,9.3803,9.071
"4409","8/15/2025","10:05:30 PM",0,9.3815,9.062
"4410","8/15/2025","10:20:30 PM",0,9.3809,9.05
"4411","8/15/2025","10:35:30 PM",0,9.3813,9.038
"4412","8/15/2025","10:50:30 PM",0,9.3812,9.024
"4413","8/15/2025","11:05:30 PM",0,9.381,9.01
"4414","8/15/2025","11:20:30 PM",0,9.3801,9.004
"4415","8/15/2025","11:35:30 PM",0,9.3817,8.995
"4416","8/15/2025","11:50:30 PM",0,9.3821,8.985
"4417","8/16/2025","12:05:30 AM",0,9.3832,8.983
"4418","8/16/2025","12:20:30 AM",0,9.3837,8.975
"4419","8/16/2025","12:35:30 AM",0,9.3838,8.975
"4420","8/16/2025","12:50:30 AM",0,9.3849,8.979
"4421","8/16/2025","1:05:30 AM",0,9.3846,8.988
"4422","8/16/2025","1:20:30 AM",0,9.3844,8.997
"4423","8/16/2025","1:35:30 AM",0,9.3849,9.006
"4424","8/16/2025","1:50:30 AM",0,9.3843,9.011
"4425","8/16/2025","2:05:30 AM",0,9.3842,9.015
"4426","8/16/2025","2:20:30 AM",0,9.3851,9.017
"4427","8/16/2025","2:35:30 AM",0,9.3845,9.01
"4428","8/16/2025","2:50:30 AM",0,9.3843,9.014
"4429","8/16/2025","3:05:30 AM",0,9.3844,9.01
"4430","8/16/2025","3:20:30 AM",0,9.3859,8.994
"4431","8/16/2025","3:35:30 AM",0,9.385,8.987
"4432","8/16/2025","3:50:30 AM",0,9.3852,8.988
"4433","8/16/2025","4:05:30 AM",0,9.385,8.977
"4434","8/16/2025","4:20:30 AM",0,9.3843,8.974
"4435","8/16/2025","4:35:30 AM",0,9.3843,8.972
"4436","8/16/2025","4:50:30 AM",0,9.3843,8.972
"4437","8/16/2025","5:05:30 AM",0,9.3845,8.97
"4438","8/16/2025","5:20:30 AM",0,9.386,8.962
"4439","8/16/2025","5:35:30 AM",0,9.3869,8.962
"4440","8/16/2025","5:50:30 AM",0,9.3869,8.958
"4441","8/16/2025","6:05:30 AM",0,9.3871,8.959
"4442","8/16/2025","6:20:30 AM",0,9.3869,8.957
"4443","8/16/2025","6:35:30 AM",0,9.3877,8.948
"4444","8/16/2025","6:50:30 AM",0,9.3893,8.939
"4445","8/16/2025","7:05:30 AM",0,9.3898,8.933
"4446","8/16/2025","7:20:30 AM",0,9.391,8.937
"4447","8/16/2025","7:35:30 AM",0,9.3915,8.943
"4448","8/16/2025","7:50:30 AM",0,9.3916,8.958
"4449","8/16/2025","8:05:30 AM",0,9.3925,8.977
"4450","8/16/2025","8:20:30 AM",0,9.3933,8.994
"4451","8/16/2025","8:35:30 AM",0,9.3932,9.007
"4452","8/16/2025","8:50:30 AM",0,9.3948,9.021
"4453","8/16/2025","9:05:30 AM",0,9.3945,9.041
"4454","8/16/2025","9:20:30 AM",0,9.3944,9.081
"4455","8/16/2025","9:35:30 AM",0,9.3958,9.155
"4456","8/16/2025","9:50:30 AM",0,9.396,9.201
"4457","8/16/2025","10:05:30 AM",0,9.3959,9.234
"4458","8/16/2025","10:20:30 AM",0,9.3981,9.292
"4459","8/16/2025","10:35:30 AM",0,9.399,9.324
"4460","8/16/2025","10:50:30 AM",0,9.3997,9.35
"4461","8/16/2025","11:05:30 AM",0,9.3993,9.382
"4462","8/16/2025","11:20:30 AM",0,9.3988,9.402
"4463","8/16/2025","11:35:30 AM",0,9.3982,9.419
"4464","8/16/2025","11:50:30 AM",0,9.3984,9.454
"4465","8/16/2025","12:05:30 PM",0,9.3975,9.488
"4466","8/16/2025","12:20:30 PM",0,9.3967,9.499
"4467","8/16/2025","12:35:30 PM",0,9.3966,9.521
"4468","8/16/2025","12:50:30 PM",0,9.3967,9.506
"4469","8/16/2025","1:05:30 PM",0,9.3972,9.503
"4470","8/16/2025","1:20:30 PM",0,9.3967,9.456
"4471","8/16/2025","1:35:30 PM",0,9.3949,9.383
"4472","8/16/2025","1:50:30 PM",0,9.3952,9.343
"4473","8/16/2025","2:05:30 PM",0,9.3959,9.397
"4474","8/16/2025","2:20:30 PM",0,9.396,9.409
"4475","8/16/2025","2:35:30 PM",0,9.3964,9.408
"4476","8/16/2025","2:50:30 PM",0,9.3962,9.395
"4477","8/16/2025","3:05:30 PM",0,9.395,9.351
"4478","8/16/2025","3:20:30 PM",0,9.3964,9.299
"4479","8/16/2025","3:35:30 PM",0,9.3955,9.263
"4480","8/16/2025","3:50:30 PM",0,9.3954,9.242
"4481","8/16/2025","4:05:30 PM",0,9.3937,9.284
"4482","8/16/2025","4:20:30 PM",0,9.3937,9.298
"4483","8/16/2025","4:35:30 PM",0,9.3933,9.293
"4484","8/16/2025","4:50:30 PM",0,9.3934,9.271
"4485","8/16/2025","5:05:30 PM",0,9.3936,9.258
"4486","8/16/2025","5:20:30 PM",0,9.3926,9.247
"4487","8/16/2025","5:35:30 PM",0,9.3922,9.215
"4488","8/16/2025","5:50:30 PM",0,9.3913,9.187
"4489","8/16/2025","6:05:30 PM",0,9.3915,9.172
"4490","8/16/2025","6:20:30 PM",0,9.3908,9.135
"4491","8/16/2025","6:35:30 PM",0,9.3902,9.112
"4492","8/16/2025","6:50:30 PM",0,9.39,9.085
"4493","8/16/2025","7:05:30 PM",0,9.3907,9.124
"4494","8/16/2025","7:20:30 PM",0,9.3909,9.216
"4495","8/16/2025","7:35:30 PM",0,9.3902,9.191
"4496","8/16/2025","7:50:30 PM",0,9.3906,9.125
"4497","8/16/2025","8:05:30 PM",0,9.3907,9.055
"4498","8/16/2025","8:20:30 PM",0,9.3923,9.003
"4499","8/16/2025","8:35:30 PM",0,9.3922,8.963
"4500","8/16/2025","8:50:30 PM",0,9.3925,8.924
"4501","8/16/2025","9:05:30 PM",0,9.3922,8.904
"4502","8/16/2025","9:20:30 PM",0,9.3929,8.89
"4503","8/16/2025","9:35:30 PM",0,9.3941,8.892
"4504","8/16/2025","9:50:30 PM",0,9.3933,8.89
"4505","8/16/2025","10:05:30 PM",0,9.3932,8.874
"4506","8/16/2025","10:20:30 PM",0,9.3926,8.859
"4507","8/16/2025","10:35:30 PM",0,9.3935,8.845
"4508","8/16/2025","10:50:30 PM",0,9.3922,8.844
"4509","8/16/2025","11:05:30 PM",0,9.3933,8.835
"4510","8/16/2025","11:20:30 PM",0,9.3921,8.827
"4511","8/16/2025","11:35:30 PM",0,9.3946,8.825
"4512","8/16/2025","11:50:30 PM",0,9.3942,8.816
"4513","8/17/2025","12:05:30 AM",0,9.3941,8.808
"4514","8/17/2025","12:20:30 AM",0,9.3939,8.805
"4515","8/17/2025","12:35:30 AM",0,9.3937,8.793
"4516","8/17/2025","12:50:30 AM",0,9.3933,8.786
"4517","8/17/2025","1:05:30 AM",0,9.3942,8.775
"4518","8/17/2025","1:20:30 AM",0,9.394,8.773
"4519","8/17/2025","1:35:30 AM",0,9.394,8.768
"4520","8/17/2025","1:50:30 AM",0,9.393,8.766
"4521","8/17/2025","2:05:30 AM",0,9.3913,8.764
"4522","8/17/2025","2:20:30 AM",0,9.392,8.759
"4523","8/17/2025","2:35:30 AM",0,9.3917,8.75
"4524","8/17/2025","2:50:30 AM",0,9.3919,8.746
"4525","8/17/2025","3:05:30 AM",0,9.3921,8.748
"4526","8/17/2025","3:20:30 AM",0,9.392,8.758
"4527","8/17/2025","3:35:30 AM",0,9.3914,8.764
"4528","8/17/2025","3:50:30 AM",0,9.3917,8.767
"4529","8/17/2025","4:05:30 AM",0,9.3912,8.772
"4530","8/17/2025","4:20:30 AM",0,9.392,8.782
"4531","8/17/2025","4:35:30 AM",0,9.3907,8.787
"4532","8/17/2025","4:50:30 AM",0,9.3921,8.795
"4533","8/17/2025","5:05:30 AM",0,9.3912,8.797
"4534","8/17/2025","5:20:30 AM",0,9.3909,8.801
"4535","8/17/2025","5:35:30 AM",0,9.3918,8.796
"4536","8/17/2025","5:50:30 AM",0,9.3962,8.793
"4537","8/17/2025","6:05:30 AM",0,9.3975,8.799
"4538","8/17/2025","6:20:30 AM",0,9.3982,8.81
"4539","8/17/2025","6:35:30 AM",0,9.3987,8.815
"4540","8/17/2025","6:50:30 AM",0,9.399,8.817
"4541","8/17/2025","7:05:30 AM",0,9.3993,8.82
"4542","8/17/2025","7:20:30 AM",0,9.4,8.837
"4543","8/17/2025","7:35:30 AM",0,9.4008,8.87
"4544","8/17/2025","7:50:30 AM",0,9.4016,8.907
"4545","8/17/2025","8:05:30 AM",0,9.4022,8.939
"4546","8/17/2025","8:20:30 AM",0,9.4026,8.961
"4547","8/17/2025","8:35:30 AM",0,9.4032,9.012
"4548","8/17/2025","8:50:30 AM",0,9.4054,9.128
"4549","8/17/2025","9:05:30 AM",0,9.4051,9.167
"4550","8/17/2025","9:20:30 AM",0,9.4051,9.194
"4551","8/17/2025","9:35:30 AM",0,9.407,9.267
"4552","8/17/2025","9:50:30 AM",0,9.4083,9.359
"4553","8/17/2025","10:05:30 AM",0,9.4103,9.446
"4554","8/17/2025","10:20:30 AM",0,9.4109,9.5
"4555","8/17/2025","10:35:30 AM",0,9.4119,9.563
"4556","8/17/2025","10:50:30 AM",0,9.4121,9.664
"4557","8/17/2025","11:05:30 AM",0,9.4114,9.746
"4558","8/17/2025","11:20:30 AM",0,9.4106,9.825
"4559","8/17/2025","11:35:30 AM",0,9.4095,9.898
"4560","8/17/2025","11:50:30 AM",0,9.4081,9.975
"4561","8/17/2025","12:05:30 PM",0,9.4069,10.075
"4562","8/17/2025","12:20:30 PM",0,9.4048,10.148
"4563","8/17/2025","12:35:30 PM",0,9.4027,10.184
"4564","8/17/2025","12:50:30 PM",0,9.4021,10.253
"4565","8/17/2025","1:05:30 PM",0,9.3999,10.269
"4566","8/17/2025","1:20:30 PM",0,9.3898,10.287
"4567","8/17/2025","1:35:30 PM",0,9.3903,10.35
"4568","8/17/2025","1:50:30 PM",0,9.3877,10.311
"4569","8/17/2025","2:05:30 PM",0,9.384,10.153
"4570","8/17/2025","2:20:30 PM",0,9.3803,10.013
"4571","8/17/2025","2:35:30 PM",0,9.3799,10.017
"4572","8/17/2025","2:50:30 PM",0,9.3813,10.1
"4573","8/17/2025","3:05:30 PM",0,9.3818,10.17
"4574","8/17/2025","3:20:30 PM",0,9.3808,10.213
"4575","8/17/2025","3:35:30 PM",0,9.3773,10.086
"4576","8/17/2025","3:50:30 PM",0,9.3763,10.027
"4577","8/17/2025","4:05:30 PM",0,9.3766,10.107
"4578","8/17/2025","4:20:30 PM",0,9.3746,10.076
"4579","8/17/2025","4:35:30 PM",0,9.3736,10.017
"4580","8/17/2025","4:50:30 PM",0,9.3717,9.986
"4581","8/17/2025","5:05:30 PM",0,9.3694,9.864
"4582","8/17/2025","5:20:30 PM",0,9.3688,9.856
"4583","8/17/2025","5:35:30 PM",0,9.3666,9.803
"4584","8/17/2025","5:50:30 PM",0,9.3645,9.726
"4585","8/17/2025","6:05:30 PM",0,9.3632,9.674
"4586","8/17/2025","6:20:30 PM",0,9.3616,9.629
"4587","8/17/2025","6:35:30 PM",0,9.3605,9.566
"4588","8/17/2025","6:50:30 PM",0,9.3592,9.479
"4589","8/17/2025","7:05:30 PM",0,9.3596,9.429
"4590","8/17/2025","7:20:30 PM",0,9.3599,9.431
"4591","8/17/2025","7:35:30 PM",0,9.3601,9.435
"4592","8/17/2025","7:50:30 PM",0,9.3608,9.424
"4593","8/17/2025","8:05:30 PM",0,9.361,9.409
"4594","8/17/2025","8:20:30 PM",0,9.3615,9.407
"4595","8/17/2025","8:35:30 PM",0,9.3624,9.427
"4596","8/17/2025","8:50:30 PM",0,9.3633,9.438
"4597","8/17/2025","9:05:30 PM",0,9.3634,9.405
"4598","8/17/2025","9:20:30 PM",0,9.3631,9.329
"4599","8/17/2025","9:35:30 PM",0,9.3617,9.23
"4600","8/17/2025","9:50:30 PM",0,9.3614,9.176
"4601","8/17/2025","10:05:30 PM",0,9.361,9.133
"4602","8/17/2025","10:20:30 PM",0,9.3627,9.094
"4603","8/17/2025","10:35:30 PM",0,9.363,9.065
"4604","8/17/2025","10:50:30 PM",0,9.3627,9.041
"4605","8/17/2025","11:05:30 PM",0,9.3714,9.012
"4606","8/17/2025","11:20:30 PM",0,9.3717,8.984
"4607","8/17/2025","11:35:30 PM",0,9.3731,8.989
"4608","8/17/2025","11:50:30 PM",0,9.3743,8.985
"4609","8/18/2025","12:05:30 AM",0,9.3742,8.974
"4610","8/18/2025","12:20:30 AM",0,9.3748,8.956
"4611","8/18/2025","12:35:30 AM",0,9.3749,8.935
"4612","8/18/2025","12:50:30 AM",0,9.3749,8.916
"4613","8/18/2025","1:05:30 AM",0,9.3742,8.898
"4614","8/18/2025","1:20:30 AM",0,9.3743,8.886
"4615","8/18/2025","1:35:30 AM",0,9.3745,8.874
"4616","8/18/2025","1:50:30 AM",0,9.3754,8.865
"4617","8/18/2025","2:05:30 AM",0,9.3748,8.848
"4618","8/18/2025","2:20:30 AM",0,9.3767,8.833
"4619","8/18/2025","2:35:30 AM",0,9.378,8.822
"4620","8/18/2025","2:50:30 AM",0,9.3793,8.809
"4621","8/18/2025","3:05:30 AM",0,9.3812,8.8
"4622","8/18/2025","3:20:30 AM",0,9.3822,8.798
"4623","8/18/2025","3:35:30 AM",0,9.3817,8.795
"4624","8/18/2025","3:50:30 AM",0,9.3817,8.787
"4625","8/18/2025","4:05:30 AM",0,9.3823,8.772
"4626","8/18/2025","4:20:30 AM",0,9.384,8.763
"4627","8/18/2025","4:35:30 AM",0,9.3845,8.754
"4628","8/18/2025","4:50:30 AM",0,9.3852,8.743
"4629","8/18/2025","5:05:30 AM",0,9.3857,8.735
"4630","8/18/2025","5:20:30 AM",0,9.3862,8.726
"4631","8/18/2025","5:35:30 AM",0,9.3863,8.714
"4632","8/18/2025","5:50:30 AM",0,9.3867,8.7
"4633","8/18/2025","6:05:30 AM",0,9.3877,8.684
"4634","8/18/2025","6:20:30 AM",0,9.3887,8.678
"4635","8/18/2025","6:35:30 AM",0,9.3891,8.67
"4636","8/18/2025","6:50:30 AM",0,9.3902,8.668
"4637","8/18/2025","7:05:30 AM",0,9.3913,8.672
"4638","8/18/2025","7:20:30 AM",0,9.3924,8.676
"4639","8/18/2025","7:35:30 AM",0,9.3936,8.689
"4640","8/18/2025","7:50:30 AM",0,9.396,8.722
"4641","8/18/2025","8:05:30 AM",0,9.3976,8.767
"4642","8/18/2025","8:20:30 AM",0,9.3983,8.817
"4643","8/18/2025","8:35:30 AM",0,9.3993,8.877
"4644","8/18/2025","8:50:30 AM",0,9.4009,8.935
"4645","8/18/2025","9:05:30 AM",0,9.4021,9
"4646","8/18/2025","9:20:30 AM",0,9.404,9.081
"4647","8/18/2025","9:35:30 AM",0,9.4047,9.152
"4648","8/18/2025","9:50:30 AM",0,9.4061,9.228
"4649","8/18/2025","10:05:30 AM",0,9.4082,9.327
"4650","8/18/2025","10:20:30 AM",0,9.4103,9.433
"4651","8/18/2025","10:35:30 AM",0,9.411,9.52
"4652","8/18/2025","10:50:30 AM",0,9.4116,9.598
"4653","8/18/2025","11:05:30 AM",0,9.413,9.682
"4654","8/18/2025","11:20:30 AM",0,9.4121,9.761
"4655","8/18/2025","11:35:30 AM",0,9.4115,9.859
"4656","8/18/2025","11:50:30 AM",0,9.4104,9.922
"4657","8/18/2025","12:05:30 PM",0,9.4097,9.971
"4658","8/18/2025","12:20:30 PM",0,9.4088,10.048
"4659","8/18/2025","12:35:30 PM",0,9.4083,10.099
"4660","8/18/2025","12:50:30 PM",0,9.4091,10.175
"4661","8/18/2025","1:05:30 PM",0,9.4075,10.257
"4662","8/18/2025","1:20:30 PM",0,9.4073,10.309
"4663","8/18/2025","1:35:30 PM",0,9.4064,10.351
"4664","8/18/2025","1:50:30 PM",0,9.4071,10.409
"4665","8/18/2025","2:05:30 PM",0,9.4063,10.433
"4666","8/18/2025","2:20:30 PM",0,9.4059,10.465
"4667","8/18/2025","2:35:30 PM",0,9.4062,10.436
"4668","8/18/2025","2:50:30 PM",0,9.4051,10.399
"4669","8/18/2025","3:05:30 PM",0,9.4031,10.337
"4670","8/18/2025","3:20:30 PM",0,9.4024,10.297
"4671","8/18/2025","3:35:30 PM",0,9.4017,10.263
"4672","8/18/2025","3:50:30 PM",0,9.4007,10.225
"4673","8/18/2025","4:05:30 PM",0,9.4005,10.191
"4674","8/18/2025","4:20:30 PM",0,9.3995,10.149
"4675","8/18/2025","4:35:30 PM",0,9.3997,10.076
"4676","8/18/2025","4:50:30 PM",0,9.398,9.997
"4677","8/18/2025","5:05:30 PM",0,9.397,9.917
"4678","8/18/2025","5:20:30 PM",0,9.3971,9.84
"4679","8/18/2025","5:35:30 PM",0,9.3956,9.756
"4680","8/18/2025","5:50:30 PM",0,9.3949,9.679
"4681","8/18/2025","6:05:30 PM",0,9.3945,9.619
"4682","8/18/2025","6:20:30 PM",0,9.3936,9.546
"4683","8/18/2025","6:35:30 PM",0,9.3934,9.481
"4684","8/18/2025","6:50:30 PM",0,9.3937,9.42
"4685","8/18/2025","7:05:30 PM",0,9.3932,9.341
"4686","8/18/2025","7:20:30 PM",0,9.3933,9.264
"4687","8/18/2025","7:35:30 PM",0,9.3926,9.185
"4688","8/18/2025","7:50:30 PM",0,9.3914,9.111
"4689","8/18/2025","8:05:30 PM",0,9.3906,9.051
"4690","8/18/2025","8:20:30 PM",0,9.391,8.999
"4691","8/18/2025","8:35:30 PM",0,9.3933,8.963
"4692","8/18/2025","8:50:30 PM",0,9.3943,8.944
"4693","8/18/2025","9:05:30 PM",0,9.394,8.919
"4694","8/18/2025","9:20:30 PM",0,9.3951,8.902
"4695","8/18/2025","9:35:30 PM",0,9.3958,8.89
"4696","8/18/2025","9:50:30 PM",0,9.3957,8.876
"4697","8/18/2025","10:05:30 PM",0,9.3963,8.858
"4698","8/18/2025","10:20:30 PM",0,9.396,8.838
"4699","8/18/2025","10:35:30 PM",0,9.3959,8.823
"4700","8/18/2025","10:50:30 PM",0,9.3961,8.814
"4701","8/18/2025","11:05:30 PM",0,9.3964,8.799
"4702","8/18/2025","11:20:30 PM",0,9.3977,8.784
"4703","8/18/2025","11:35:30 PM",0,9.3979,8.767
"4704","8/18/2025","11:50:30 PM",0,9.3987,8.757
"4705","8/19/2025","12:05:30 AM",0,9.4053,8.746
"4706","8/19/2025","12:20:30 AM",0,9.4047,8.737
"4707","8/19/2025","12:35:30 AM",0,9.4055,8.718
"4708","8/19/2025","12:50:30 AM",0,9.407,8.706
"4709","8/19/2025","1:05:30 AM",0,9.4082,8.696
"4710","8/19/2025","1:20:30 AM",0,9.4089,8.683
"4711","8/19/2025","1:35:30 AM",0,9.4097,8.67
"4712","8/19/2025","1:50:30 AM",0,9.4099,8.657
"4713","8/19/2025","2:05:30 AM",0,9.4108,8.649
"4714","8/19/2025","2:20:30 AM",0,9.4113,8.642
"4715","8/19/2025","2:35:30 AM",0,9.4123,8.636
"4716","8/19/2025","2:50:30 AM",0,9.4131,8.636
"4717","8/19/2025","3:05:30 AM",0,9.4137,8.631
"4718","8/19/2025","3:20:30 AM",0,9.4145,8.623
"4719","8/19/2025","3:35:30 AM",0,9.4144,8.621
"4720","8/19/2025","3:50:30 AM",0,9.4147,8.611
"4721","8/19/2025","4:05:30 AM",0,9.4147,8.606
"4722","8/19/2025","4:20:30 AM",0,9.4152,8.607
"4723","8/19/2025","4:35:30 AM",0,9.4155,8.603
"4724","8/19/2025","4:50:30 AM",0,9.4167,8.593
"4725","8/19/2025","5:05:30 AM",0,9.4165,8.58
"4726","8/19/2025","5:20:30 AM",0,9.4168,8.57
"4727","8/19/2025","5:35:30 AM",0,9.4166,8.558
"4728","8/19/2025","5:50:30 AM",0,9.4173,8.541
"4729","8/19/2025","6:05:30 AM",0,9.4181,8.532
"4730","8/19/2025","6:20:30 AM",0,9.4193,8.525
"4731","8/19/2025","6:35:30 AM",0,9.4208,8.512
"4732","8/19/2025","6:50:30 AM",0,9.4229,8.511
"4733","8/19/2025","7:05:30 AM",0,9.4242,8.514
"4734","8/19/2025","7:20:30 AM",0,9.425,8.532
"4735","8/19/2025","7:35:30 AM",0,9.4267,8.562
"4736","8/19/2025","7:50:30 AM",0,9.4277,8.606
"4737","8/19/2025","8:05:30 AM",0,9.4303,8.663
"4738","8/19/2025","8:20:30 AM",0,9.4317,8.727
"4739","8/19/2025","8:35:30 AM",0,9.4329,8.795
"4740","8/19/2025","8:50:30 AM",0,9.4338,8.86
"4741","8/19/2025","9:05:30 AM",0,9.4352,8.923
"4742","8/19/2025","9:20:30 AM",0,9.4362,8.995
"4743","8/19/2025","9:35:30 AM",0,9.4376,9.077
"4744","8/19/2025","9:50:30 AM",0,9.4395,9.165
"4745","8/19/2025","10:05:30 AM",0,9.4408,9.255
"4746","8/19/2025","10:20:30 AM",0,9.442,9.357
"4747","8/19/2025","10:35:30 AM",0,9.4429,9.45
"4748","8/19/2025","10:50:30 AM",0,9.4437,9.536
"4749","8/19/2025","11:05:30 AM",0,9.4444,9.63
"4750","8/19/2025","11:20:30 AM",0,9.4444,9.721
"4751","8/19/2025","11:35:30 AM",0,9.4442,9.81
"4752","8/19/2025","11:50:30 AM",0,9.4433,9.875
"4753","8/19/2025","12:05:30 PM",0,9.4436,9.953
"4754","8/19/2025","12:20:30 PM",0,9.4442,10.021
"4755","8/19/2025","12:35:30 PM",0,9.4418,10.091
"4756","8/19/2025","12:50:30 PM",0,9.4412,10.142
"4757","8/19/2025","1:05:30 PM",0,9.4399,10.199
"4758","8/19/2025","1:20:30 PM",0,9.4399,10.242
"4759","8/19/2025","1:35:30 PM",0,9.4387,10.283
"4760","8/19/2025","1:50:30 PM",0,9.4378,10.308
"4761","8/19/2025","2:05:30 PM",0,9.4296,10.335
"4762","8/19/2025","2:20:30 PM",0,9.429,10.347
"4763","8/19/2025","2:35:30 PM",0,9.4275,10.32
"4764","8/19/2025","2:50:30 PM",0,9.4261,10.271
"4765","8/19/2025","3:05:30 PM",0,9.4251,10.216
"4766","8/19/2025","3:20:30 PM",0,9.4233,10.158
"4767","8/19/2025","3:35:30 PM",0,9.4224,10.154
"4768","8/19/2025","3:50:30 PM",0,9.4205,10.094
"4769","8/19/2025","4:05:30 PM",0,9.4189,10.054
"4770","8/19/2025","4:20:30 PM",0,9.4179,10.046
"4771","8/19/2025","4:35:30 PM",0,9.4163,9.96
"4772","8/19/2025","4:50:30 PM",0,9.4159,9.909
"4773","8/19/2025","5:05:30 PM",0,9.4143,9.833
"4774","8/19/2025","5:20:30 PM",0,9.4123,9.742
"4775","8/19/2025","5:35:30 PM",0,9.4105,9.655
"4776","8/19/2025","5:50:30 PM",0,9.4098,9.57
"4777","8/19/2025","6:05:30 PM",0,9.4084,9.511
"4778","8/19/2025","6:20:30 PM",0,9.407,9.435
"4779","8/19/2025","6:35:30 PM",0,9.406,9.38
"4780","8/19/2025","6:50:30 PM",0,9.4066,9.42
"4781","8/19/2025","7:05:30 PM",0,9.4072,9.442
"4782","8/19/2025","7:20:30 PM",0,9.4076,9.43
"4783","8/19/2025","7:35:30 PM",0,9.4077,9.362
"4784","8/19/2025","7:50:30 PM",0,9.4085,9.336
"4785","8/19/2025","8:05:30 PM",0,9.4092,9.295
"4786","8/19/2025","8:20:30 PM",0,9.4174,9.237
"4787","8/19/2025","8:35:30 PM",0,9.4197,9.187
"4788","8/19/2025","8:50:30 PM",0,9.422,9.159
"4789","8/19/2025","9:05:30 PM",0,9.4236,9.13
"4790","8/19/2025","9:20:30 PM",0,9.4254,9.084
"4791","8/19/2025","9:35:30 PM",0,9.4269,9.04
"4792","8/19/2025","9:50:30 PM",0,9.4282,8.992
"4793","8/19/2025","10:05:30 PM",0,9.4295,8.957
"4794","8/19/2025","10:20:30 PM",0,9.4305,8.936
"4795","8/19/2025","10:35:30 PM",0,9.4314,8.925
"4796","8/19/2025","10:50:30 PM",0,9.4317,8.916
"4797","8/19/2025","11:05:30 PM",0,9.4309,8.91
"4798","8/19/2025","11:20:30 PM",0,9.4318,8.893
"4799","8/19/2025","11:35:30 PM",0,9.4336,8.877
"4800","8/19/2025","11:50:30 PM",0,9.4343,8.868
"4801","8/20/2025","12:05:30 AM",0,9.4358,8.859
"4802","8/20/2025","12:20:30 AM",0,9.4361,8.852
"4803","8/20/2025","12:35:30 AM",0,9.4361,8.837
"4804","8/20/2025","12:50:30 AM",0,9.4355,8.825
"4805","8/20/2025","1:05:30 AM",0,9.4358,8.809
"4806","8/20/2025","1:20:30 AM",0,9.4362,8.799
"4807","8/20/2025","1:35:30 AM",0,9.4359,8.791
"4808","8/20/2025","1:50:30 AM",0,9.437,8.781
"4809","8/20/2025","2:05:30 AM",0,9.4374,8.776
"4810","8/20/2025","2:20:30 AM",0,9.4376,8.768
"4811","8/20/2025","2:35:30 AM",0,9.4374,8.761
"4812","8/20/2025","2:50:30 AM",0,9.4379,8.762
"4813","8/20/2025","3:05:30 AM",0,9.4383,8.758
"4814","8/20/2025","3:20:30 AM",0,9.4384,8.75
"4815","8/20/2025","3:35:30 AM",0,9.4395,8.75
"4816","8/20/2025","3:50:30 AM",0,9.4398,8.743
"4817","8/20/2025","4:05:30 AM",0,9.4404,8.735
"4818","8/20/2025","4:20:30 AM",0,9.4417,8.726
"4819","8/20/2025","4:35:30 AM",0,9.4422,8.717
"4820","8/20/2025","4:50:30 AM",0,9.4423,8.716
"4821","8/20/2025","5:05:30 AM",0,9.442,8.713
"4822","8/20/2025","5:20:30 AM",0,9.442,8.706
"4823","8/20/2025","5:35:30 AM",0,9.4421,8.7
"4824","8/20/2025","5:50:30 AM",0,9.443,8.698
"4825","8/20/2025","6:05:30 AM",0,9.4435,8.695
"4826","8/20/2025","6:20:30 AM",0,9.4446,8.69
"4827","8/20/2025","6:35:30 AM",0,9.4455,8.682
"4828","8/20/2025","6:50:30 AM",0,9.4461,8.682
"4829","8/20/2025","7:05:30 AM",0,9.4478,8.682
"4830","8/20/2025","7:20:30 AM",0,9.4491,8.691
"4831","8/20/2025","7:35:30 AM",0,9.4504,8.71
"4832","8/20/2025","7:50:30 AM",0,9.4518,8.744
"4833","8/20/2025","8:05:30 AM",0,9.4535,8.789
"4834","8/20/2025","8:20:30 AM",0,9.4544,8.838
"4835","8/20/2025","8:35:30 AM",0,9.4558,8.896
"4836","8/20/2025","8:50:30 AM",0,9.4574,8.954
"4837","8/20/2025","9:05:30 AM",0,9.4587,9.015
"4838","8/20/2025","9:20:30 AM",0,9.4606,9.082
"4839","8/20/2025","9:35:30 AM",0,9.4616,9.158
"4840","8/20/2025","9:50:30 AM",0,9.4633,9.236
"4841","8/20/2025","10:05:30 AM",0,9.4654,9.321
"4842","8/20/2025","10:20:30 AM",0,9.4666,9.406
"4843","8/20/2025","10:35:30 AM",0,9.4687,9.503
"4844","8/20/2025","10:50:30 AM",0,9.4697,9.605
"4845","8/20/2025","11:05:30 AM",0,9.4702,9.689
"4846","8/20/2025","11:20:30 AM",0,9.4695,9.792
"4847","8/20/2025","11:35:30 AM",0,9.4679,9.871
"4848","8/20/2025","11:50:30 AM",0,9.467,9.939
"4849","8/20/2025","12:05:30 PM",0,9.4649,10.013
"4850","8/20/2025","12:20:30 PM",0,9.464,10.06
"4851","8/20/2025","12:35:30 PM",0,9.4633,10.142
"4852","8/20/2025","12:50:30 PM",0,9.4606,10.208
"4853","8/20/2025","1:05:30 PM",0,9.4602,10.262
"4854","8/20/2025","1:20:30 PM",0,9.4501,10.31
"4855","8/20/2025","1:35:30 PM",0,9.4502,10.343
"4856","8/20/2025","1:50:30 PM",0,9.4502,10.372
"4857","8/20/2025","2:05:30 PM",0,9.4493,10.396
"4858","8/20/2025","2:20:30 PM",0,9.4484,10.397
"4859","8/20/2025","2:35:30 PM",0,9.4467,10.374
"4860","8/20/2025","2:50:30 PM",0,9.4448,10.316
"4861","8/20/2025","3:05:30 PM",0,9.4428,10.292
"4862","8/20/2025","3:20:30 PM",0,9.4407,10.26
"4863","8/20/2025","3:35:30 PM",0,9.4382,10.188
"4864","8/20/2025","3:50:30 PM",0,9.4369,10.164
"4865","8/20/2025","4:05:30 PM",0,9.4371,10.142
"4866","8/20/2025","4:20:30 PM",0,9.4358,10.088
"4867","8/20/2025","4:35:30 PM",0,9.4339,10.016
"4868","8/20/2025","4:50:30 PM",0,9.4328,9.964
"4869","8/20/2025","5:05:30 PM",0,9.43,9.872
"4870","8/20/2025","5:20:30 PM",0,9.4286,9.81
"4871","8/20/2025","5:35:30 PM",0,9.4269,9.725
"4872","8/20/2025","5:50:30 PM",0,9.4259,9.673
"4873","8/20/2025","6:05:30 PM",0,9.4258,9.703
"4874","8/20/2025","6:20:30 PM",0,9.4257,9.697
"4875","8/20/2025","6:35:30 PM",0,9.4256,9.691
"4876","8/20/2025","6:50:30 PM",0,9.4239,9.623
"4877","8/20/2025","7:05:30 PM",0,9.424,9.579
"4878","8/20/2025","7:20:30 PM",0,9.4239,9.51
"4879","8/20/2025","7:35:30 PM",0,9.4237,9.445
"4880","8/20/2025","7:50:30 PM",0,9.423,9.382
"4881","8/20/2025","8:05:30 PM",0,9.423,9.34
"4882","8/20/2025","8:20:30 PM",0,9.4234,9.298
"4883","8/20/2025","8:35:30 PM",0,9.4229,9.258
"4884","8/20/2025","8:50:30 PM",0,9.4233,9.22
"4885","8/20/2025","9:05:30 PM",0,9.4237,9.198
"4886","8/20/2025","9:20:30 PM",0,9.4246,9.193
"4887","8/20/2025","9:35:30 PM",0,9.4256,9.185
"4888","8/20/2025","9:50:30 PM",0,9.4245,9.156
"4889","8/20/2025","10:05:30 PM",0,9.4242,9.117
"4890","8/20/2025","10:20:30 PM",0,9.4243,9.084
"4891","8/20/2025","10:35:30 PM",0,9.4239,9.052
"4892","8/20/2025","10:50:30 PM",0,9.4243,9.044
"4893","8/20/2025","11:05:30 PM",0,9.4242,9.027
"4894","8/20/2025","11:20:30 PM",0,9.4244,9
"4895","8/20/2025","11:35:30 PM",0,9.4247,8.982
"4896","8/20/2025","11:50:30 PM",0,9.4315,8.95
"4897","8/21/2025","12:05:30 AM",0,9.4318,8.918
"4898","8/21/2025","12:20:30 AM",0,9.432,8.9
"4899","8/21/2025","12:35:30 AM",0,9.4337,8.888
"4900","8/21/2025","12:50:30 AM",0,9.4341,8.888
"4901","8/21/2025","1:05:30 AM",0,9.4349,8.873
"4902","8/21/2025","1:20:30 AM",0,9.4354,8.859
"4903","8/21/2025","1:35:30 AM",0,9.4355,8.845
"4904","8/21/2025","1:50:30 AM",0,9.4344,8.839
"4905","8/21/2025","2:05:30 AM",0,9.4347,8.826
"4906","8/21/2025","2:20:30 AM",0,9.4347,8.817
"4907","8/21/2025","2:35:30 AM",0,9.4347,8.812
"4908","8/21/2025","2:50:30 AM",0,9.4347,8.803
"4909","8/21/2025","3:05:30 AM",0,9.4347,8.794
"4910","8/21/2025","3:20:30 AM",0,9.4352,8.785
"4911","8/21/2025","3:35:30 AM",0,9.4347,8.776
"4912","8/21/2025","3:50:30 AM",0,9.4345,8.765
"4913","8/21/2025","4:05:30 AM",0,9.4343,8.759
"4914","8/21/2025","4:20:30 AM",0,9.4337,8.756
"4915","8/21/2025","4:35:30 AM",0,9.4332,8.747
"4916","8/21/2025","4:50:30 AM",0,9.4329,8.74
"4917","8/21/2025","5:05:30 AM",0,9.4328,8.732
"4918","8/21/2025","5:20:30 AM",0,9.4319,8.727
"4919","8/21/2025","5:35:30 AM",0,9.4319,8.721
"4920","8/21/2025","5:50:30 AM",0,9.4318,8.72
"4921","8/21/2025","6:05:30 AM",0,9.4323,8.72
"4922","8/21/2025","6:20:30 AM",0,9.4322,8.717
"4923","8/21/2025","6:35:30 AM",0,9.4323,8.714
"4924","8/21/2025","6:50:30 AM",0,9.4331,8.713
"4925","8/21/2025","7:05:30 AM",0,9.4328,8.71
"4926","8/21/2025","7:20:30 AM",0,9.4334,8.716
"4927","8/21/2025","7:35:30 AM",0,9.4342,8.732
"4928","8/21/2025","7:50:30 AM",0,9.4353,8.764
"4929","8/21/2025","8:05:30 AM",0,9.4363,8.807
"4930","8/21/2025","8:20:30 AM",0,9.4372,8.856
"4931","8/21/2025","8:35:30 AM",0,9.4374,8.911
"4932","8/21/2025","8:50:30 AM",0,9.4389,8.97
"4933","8/21/2025","9:05:30 AM",0,9.4394,9.031
"4934","8/21/2025","9:20:30 AM",0,9.4406,9.107
"4935","8/21/2025","9:35:30 AM",0,9.441,9.186
"4936","8/21/2025","9:50:30 AM",0,9.4412,9.259
"4937","8/21/2025","10:05:30 AM",0,9.4423,9.342
"4938","8/21/2025","10:20:30 AM",0,9.4419,9.426
"4939","8/21/2025","10:35:30 AM",0,9.442,9.541
"4940","8/21/2025","10:50:30 AM",0,9.4404,9.64
"4941","8/21/2025","11:05:30 AM",0,9.4396,9.744
"4942","8/21/2025","11:20:30 AM",0,9.4381,9.839
"4943","8/21/2025","11:35:30 AM",0,9.4369,9.893
"4944","8/21/2025","11:50:30 AM",0,9.4344,9.967
"4945","8/21/2025","12:05:30 PM",0,9.4235,10.038
"4946","8/21/2025","12:20:30 PM",0,9.4237,10.094
"4947","8/21/2025","12:35:30 PM",0,9.4235,10.157
"4948","8/21/2025","12:50:30 PM",0,9.4225,10.206
"4949","8/21/2025","1:05:30 PM",0,9.4215,10.302
"4950","8/21/2025","1:20:30 PM",0,9.4197,10.375
"4951","8/21/2025","1:35:30 PM",0,9.4186,10.414
"4952","8/21/2025","1:50:30 PM",0,9.4163,10.429
"4953","8/21/2025","2:05:30 PM",0,9.414,10.435
"4954","8/21/2025","2:20:30 PM",0,9.411,10.405
"4955","8/21/2025","2:35:30 PM",0,9.4087,10.367
"4956","8/21/2025","2:50:30 PM",0,9.4054,10.338
"4957","8/21/2025","3:05:30 PM",0,9.4029,10.323
"4958","8/21/2025","3:20:30 PM",0,9.4016,10.291
"4959","8/21/2025","3:35:30 PM",0,9.3994,10.272
"4960","8/21/2025","3:50:30 PM",0,9.3972,10.23
"4961","8/21/2025","4:05:30 PM",0,9.3962,10.211
"4962","8/21/2025","4:20:30 PM",0,9.3942,10.184
"4963","8/21/2025","4:35:30 PM",0,9.3929,10.117
"4964","8/21/2025","4:50:30 PM",0,9.3916,10.068
"4965","8/21/2025","5:05:30 PM",0,9.3907,9.976
"4966","8/21/2025","5:20:30 PM",0,9.3884,9.881
"4967","8/21/2025","5:35:30 PM",0,9.3884,9.786
"4968","8/21/2025","5:50:30 PM",0,9.3869,9.698
"4969","8/21/2025","6:05:30 PM",0,9.385,9.618
"4970","8/21/2025","6:20:30 PM",0,9.3836,9.537
"4971","8/21/2025","6:35:30 PM",0,9.3829,9.466
"4972","8/21/2025","6:50:30 PM",0,9.382,9.409
"4973","8/21/2025","7:05:30 PM",0,9.3813,9.355
"4974","8/21/2025","7:20:30 PM",0,9.3811,9.293
"4975","8/21/2025","7:35:30 PM",0,9.3805,9.24
"4976","8/21/2025","7:50:30 PM",0,9.3803,9.202
"4977","8/21/2025","8:05:30 PM",0,9.3794,9.167
"4978","8/21/2025","8:20:30 PM",0,9.3802,9.136
"4979","8/21/2025","8:35:30 PM",0,9.3805,9.12
"4980","8/21/2025","8:50:30 PM",0,9.3812,9.109
"4981","8/21/2025","9:05:30 PM",0,9.3814,9.093
"4982","8/21/2025","9:20:30 PM",0,9.3817,9.079
"4983","8/21/2025","9:35:30 PM",0,9.3821,9.078
"4984","8/21/2025","9:50:30 PM",0,9.3823,9.082
"4985","8/21/2025","10:05:30 PM",0,9.3832,9.11
"4986","8/21/2025","10:20:30 PM",0,9.3847,9.122
"4987","8/21/2025","10:35:30 PM",0,9.3854,9.121
"4988","8/21/2025","10:50:30 PM",0,9.3856,9.093
"4989","8/21/2025","11:05:30 PM",0,9.3858,9.058
"4990","8/21/2025","11:20:30 PM",0,9.386,9.021
"4991","8/21/2025","11:35:30 PM",0,9.3859,8.997
"4992","8/21/2025","11:50:30 PM",0,9.3857,8.981
"4993","8/22/2025","12:05:30 AM",0,9.3859,8.964
"4994","8/22/2025","12:20:30 AM",0,9.3862,8.948
"4995","8/22/2025","12:35:30 AM",0,9.3867,8.933
"4996","8/22/2025","12:50:30 AM",0,9.3866,8.918
"4997","8/22/2025","1:05:30 AM",0,9.3865,8.904
"4998","8/22/2025","1:20:30 AM",0,9.3862,8.893
"4999","8/22/2025","1:35:30 AM",0,9.3863,8.889
"5000","8/22/2025","1:50:30 AM",0,9.3858,8.888
"5001","8/22/2025","2:05:30 AM",0,9.386,8.882
"5002","8/22/2025","2:20:30 AM",0,9.3857,8.871
"5003","8/22/2025","2:35:30 AM",0,9.3865,8.86
"5004","8/22/2025","2:50:30 AM",0,9.3865,8.848
"5005","8/22/2025","3:05:30 AM",0,9.3862,8.839
"5006","8/22/2025","3:20:30 AM",0,9.3867,8.831
"5007","8/22/2025","3:35:30 AM",0,9.3865,8.825
"5008","8/22/2025","3:50:30 AM",0,9.3862,8.818
"5009","8/22/2025","4:05:30 AM",0,9.3863,8.81
"5010","8/22/2025","4:20:30 AM",0,9.3858,8.804
"5011","8/22/2025","4:35:30 AM",0,9.3857,8.796
"5012","8/22/2025","4:50:30 AM",0,9.3858,8.791
"5013","8/22/2025","5:05:30 AM",0,9.386,8.785
"5014","8/22/2025","5:20:30 AM",0,9.386,8.783
"5015","8/22/2025","5:35:30 AM",0,9.3861,8.777
"5016","8/22/2025","5:50:30 AM",0,9.3862,8.768
"5017","8/22/2025","6:05:30 AM",0,9.3863,8.763
"5018","8/22/2025","6:20:30 AM",0,9.3866,8.762
"5019","8/22/2025","6:35:30 AM",0,9.3876,8.759
"5020","8/22/2025","6:50:30 AM",0,9.3878,8.757
"5021","8/22/2025","7:05:30 AM",0,9.389,8.759
"5022","8/22/2025","7:20:30 AM",0,9.3897,8.764
"5023","8/22/2025","7:35:30 AM",0,9.3905,8.776
"5024","8/22/2025","7:50:30 AM",0,9.3912,8.806
"5025","8/22/2025","8:05:30 AM",0,9.3927,8.847
"5026","8/22/2025","8:20:30 AM",0,9.3937,8.898
"5027","8/22/2025","8:35:30 AM",0,9.3956,8.952
"5028","8/22/2025","8:50:30 AM",0,9.3961,9.007
"5029","8/22/2025","9:05:30 AM",0,9.3968,9.066
"5030","8/22/2025","9:20:30 AM",0,9.3986,9.13
"5031","8/22/2025","9:35:30 AM",0,9.3997,9.207
"5032","8/22/2025","9:50:30 AM",0,9.4018,9.293
"5033","8/22/2025","10:05:30 AM",0,9.4032,9.376
"5034","8/22/2025","10:20:30 AM",0,9.405,9.461
"5035","8/22/2025","10:35:30 AM",0,9.406,9.55
"5036","8/22/2025","10:50:30 AM",0,9.4073,9.641
"5037","8/22/2025","11:05:30 AM",0,9.4084,9.766
"5038","8/22/2025","11:20:30 AM",0,9.4089,9.878
"5039","8/22/2025","11:35:30 AM",0,9.409,9.957
"5040","8/22/2025","11:50:30 AM",0,9.4077,10.026
"5041","8/22/2025","12:05:30 PM",0,9.4067,10.098
"5042","8/22/2025","12:20:30 PM",0,9.4047,10.149
"5043","8/22/2025","12:35:30 PM",0,9.4024,10.205
"5044","8/22/2025","12:50:30 PM",0,9.4008,10.261
"5045","8/22/2025","1:05:30 PM",0,9.3998,10.322
"5046","8/22/2025","1:20:30 PM",0,9.3985,10.364
"5047","8/22/2025","1:35:30 PM",0,9.3973,10.395
"5048","8/22/2025","1:50:30 PM",0,9.3962,10.442
"5049","8/22/2025","2:05:30 PM",0,9.3883,10.485
"5050","8/22/2025","2:20:30 PM",0,9.3869,10.477
"5051","8/22/2025","2:35:30 PM",0,9.3853,10.443
"5052","8/22/2025","2:50:30 PM",0,9.3841,10.405
"5053","8/22/2025","3:05:30 PM",0,9.382,10.344
"5054","8/22/2025","3:20:30 PM",0,9.3792,10.262
"5055","8/22/2025","3:35:30 PM",0,9.3777,10.205
"5056","8/22/2025","3:50:30 PM",0,9.3761,10.15
"5057","8/22/2025","4:05:30 PM",0,9.3751,10.123
"5058","8/22/2025","4:20:30 PM",0,9.372,10.009
"5059","8/22/2025","4:35:30 PM",0,9.3711,9.939
"5060","8/22/2025","4:50:30 PM",0,9.37,9.905
"5061","8/22/2025","5:05:30 PM",0,9.3682,9.824
"5062","8/22/2025","5:20:30 PM",0,9.3691,9.866
"5063","8/22/2025","5:35:30 PM",0,9.3682,9.848
"5064","8/22/2025","5:50:30 PM",0,9.3657,9.744
"5065","8/22/2025","6:05:30 PM",0,9.3652,9.648
"5066","8/22/2025","6:20:30 PM",0,9.3638,9.533
"5067","8/22/2025","6:35:30 PM",0,9.3617,9.415
"5068","8/22/2025","6:50:30 PM",0,9.3603,9.339
"5069","8/22/2025","7:05:30 PM",0,9.3593,9.266
"5070","8/22/2025","7:20:30 PM",0,9.3589,9.207
"5071","8/22/2025","7:35:30 PM",0,9.3588,9.171
"5072","8/22/2025","7:50:30 PM",0,9.3594,9.126
"5073","8/22/2025","8:05:30 PM",0,9.3595,9.092
"5074","8/22/2025","8:20:30 PM",0,9.3603,9.059
"5075","8/22/2025","8:35:30 PM",0,9.3608,9.036
"5076","8/22/2025","8:50:30 PM",0,9.361,9.019
"5077","8/22/2025","9:05:30 PM",0,9.3628,9
"5078","8/22/2025","9:20:30 PM",0,9.3724,8.973
"5079","8/22/2025","9:35:30 PM",0,9.3731,8.953
"5080","8/22/2025","9:50:30 PM",0,9.3743,8.935
"5081","8/22/2025","10:05:30 PM",0,9.3741,8.919
"5082","8/22/2025","10:20:30 PM",0,9.3745,8.903
"5083","8/22/2025","10:35:30 PM",0,9.3741,8.89
"5084","8/22/2025","10:50:30 PM",0,9.3748,8.883
"5085","8/22/2025","11:05:30 PM",0,9.3758,8.878
"5086","8/22/2025","11:20:30 PM",0,9.3762,8.871
"5087","8/22/2025","11:35:30 PM",0,9.3772,8.863
"5088","8/22/2025","11:50:30 PM",0,9.3775,8.858
"5089","8/23/2025","12:05:30 AM",0,9.3772,8.852
"5090","8/23/2025","12:20:30 AM",0,9.3779,8.85
"5091","8/23/2025","12:35:30 AM",0,9.3787,8.851
"5092","8/23/2025","12:50:30 AM",0,9.3794,8.845
"5093","8/23/2025","1:05:30 AM",0,9.381,8.845
"5094","8/23/2025","1:20:30 AM",0,9.3812,8.85
"5095","8/23/2025","1:35:30 AM",0,9.3815,8.852
"5096","8/23/2025","1:50:30 AM",0,9.3814,8.848
"5097","8/23/2025","2:05:30 AM",0,9.3811,8.844
"5098","8/23/2025","2:20:30 AM",0,9.3812,8.84
"5099","8/23/2025","2:35:30 AM",0,9.382,8.839
"5100","8/23/2025","2:50:30 AM",0,9.3819,8.836
"5101","8/23/2025","3:05:30 AM",0,9.3825,8.84
"5102","8/23/2025","3:20:30 AM",0,9.383,8.843
"5103","8/23/2025","3:35:30 AM",0,9.3827,8.845
"5104","8/23/2025","3:50:30 AM",0,9.3834,8.845
"5105","8/23/2025","4:05:30 AM",0,9.3832,8.844
"5106","8/23/2025","4:20:30 AM",0,9.3831,8.838
"5107","8/23/2025","4:35:30 AM",0,9.3831,8.832
"5108","8/23/2025","4:50:30 AM",0,9.3832,8.827
"5109","8/23/2025","5:05:30 AM",0,9.3839,8.831
"5110","8/23/2025","5:20:30 AM",0,9.3843,8.837
"5111","8/23/2025","5:35:30 AM",0,9.3847,8.836
"5112","8/23/2025","5:50:30 AM",0,9.3859,8.832
"5113","8/23/2025","6:05:30 AM",0,9.3863,8.827
"5114","8/23/2025","6:20:30 AM",0,9.3887,8.814
"5115","8/23/2025","6:35:30 AM",0,9.3896,8.798
"5116","8/23/2025","6:50:30 AM",0,9.3914,8.789
"5117","8/23/2025","7:05:30 AM",0,9.3918,8.79
"5118","8/23/2025","7:20:30 AM",0,9.3936,8.807
"5119","8/23/2025","7:35:30 AM",0,9.3943,8.838
"5120","8/23/2025","7:50:30 AM",0,9.3954,8.884
"5121","8/23/2025","8:05:30 AM",0,9.3966,8.94
"5122","8/23/2025","8:20:30 AM",0,9.3977,8.977
"5123","8/23/2025","8:35:30 AM",0,9.3983,8.987
"5124","8/23/2025","8:50:30 AM",0,9.3987,8.973
"5125","8/23/2025","9:05:30 AM",0,9.3985,8.944
"5126","8/23/2025","9:20:30 AM",0,9.3986,8.955
"5127","8/23/2025","9:35:30 AM",0,9.4009,9.045
"5128","8/23/2025","9:50:30 AM",0,9.4037,9.187
"5129","8/23/2025","10:05:30 AM",0,9.4041,9.262
"5130","8/23/2025","10:20:30 AM",0,9.403,9.247
"5131","8/23/2025","10:35:30 AM",0,9.4027,9.235
"5132","8/23/2025","10:50:30 AM",0,9.403,9.229
"5133","8/23/2025","11:05:30 AM",0,9.4064,9.418
"5134","8/23/2025","11:20:30 AM",0,9.4079,9.586
"5135","8/23/2025","11:35:30 AM",0,9.4084,9.735
"5136","8/23/2025","11:50:30 AM",0,9.4073,9.874
"5137","8/23/2025","12:05:30 PM",0,9.4061,9.97
"5138","8/23/2025","12:20:30 PM",0,9.4045,10.051
"5139","8/23/2025","12:35:30 PM",0,9.4027,10.115
"5140","8/23/2025","12:50:30 PM",0,9.4017,10.212
"5141","8/23/2025","1:05:30 PM",0,9.4001,10.278
"5142","8/23/2025","1:20:30 PM",0,9.3987,10.34
"5143","8/23/2025","1:35:30 PM",0,9.3907,10.403
"5144","8/23/2025","1:50:30 PM",0,9.3891,10.389
"5145","8/23/2025","2:05:30 PM",0,9.3866,10.275
"5146","8/23/2025","2:20:30 PM",0,9.386,10.258
"5147","8/23/2025","2:35:30 PM",0,9.3816,10.104
"5148","8/23/2025","2:50:30 PM",0,9.3779,9.908
"5149","8/23/2025","3:05:30 PM",0,9.3767,9.87
"5150","8/23/2025","3:20:30 PM",0,9.377,9.947
"5151","8/23/2025","3:35:30 PM",0,9.3749,9.921
"5152","8/23/2025","3:50:30 PM",0,9.3736,9.88
"5153","8/23/2025","4:05:30 PM",0,9.3714,9.781
"5154","8/23/2025","4:20:30 PM",0,9.3731,9.841
"5155","8/23/2025","4:35:30 PM",0,9.3737,9.901
"5156","8/23/2025","4:50:30 PM",0,9.372,9.877
"5157","8/23/2025","5:05:30 PM",0,9.3695,9.761
"5158","8/23/2025","5:20:30 PM",0,9.3672,9.638
"5159","8/23/2025","5:35:30 PM",0,9.3672,9.604
"5160","8/23/2025","5:50:30 PM",0,9.3672,9.604
"5161","8/23/2025","6:05:30 PM",0,9.3663,9.56
"5162","8/23/2025","6:20:30 PM",0,9.3662,9.531
"5163","8/23/2025","6:35:30 PM",0,9.3663,9.507
"5164","8/23/2025","6:50:30 PM",0,9.3649,9.449
"5165","8/23/2025","7:05:30 PM",0,9.364,9.388
"5166","8/23/2025","7:20:30 PM",0,9.3638,9.333
"5167","8/23/2025","7:35:30 PM",0,9.3635,9.27
"5168","8/23/2025","7:50:30 PM",0,9.3641,9.233
"5169","8/23/2025","8:05:30 PM",0,9.3656,9.198
"5170","8/23/2025","8:20:30 PM",0,9.367,9.167
"5171","8/23/2025","8:35:30 PM",0,9.3677,9.143
"5172","8/23/2025","8:50:30 PM",0,9.3684,9.131
"5173","8/23/2025","9:05:30 PM",0,9.3765,9.124
"5174","8/23/2025","9:20:30 PM",0,9.3785,9.117
"5175","8/23/2025","9:35:30 PM",0,9.3799,9.107
"5176","8/23/2025","9:50:30 PM",0,9.3807,9.097
"5177","8/23/2025","10:05:30 PM",0,9.3832,9.086
"5178","8/23/2025","10:20:30 PM",0,9.386,9.074
"5179","8/23/2025","10:35:30 PM",0,9.3848,9.066
"5180","8/23/2025","10:50:30 PM",0,9.3861,9.073
"5181","8/23/2025","11:05:30 PM",0,9.3873,9.082
"5182","8/23/2025","11:20:30 PM",0,9.3872,9.096
"5183","8/23/2025","11:35:30 PM",0,9.3879,9.076
"5184","8/23/2025","11:50:30 PM",0,9.3883,9.048
"5185","8/24/2025","12:05:30 AM",0,9.3887,9.032
"5186","8/24/2025","12:20:30 AM",0,9.3897,9.016
"5187","8/24/2025","12:35:30 AM",0,9.39,9.018
"5188","8/24/2025","12:50:30 AM",0,9.3905,9.031
"5189","8/24/2025","1:05:30 AM",0,9.3911,9.038
"5190","8/24/2025","1:20:30 AM",0,9.391,9.041
"5191","8/24/2025","1:35:30 AM",0,9.3908,9.026
"5192","8/24/2025","1:50:30 AM",0,9.3906,9.014
"5193","8/24/2025","2:05:30 AM",0,9.39,8.999
"5194","8/24/2025","2:20:30 AM",0,9.3898,8.992
"5195","8/24/2025","2:35:30 AM",0,9.3891,8.98
"5196","8/24/2025","2:50:30 AM",0,9.389,8.957
"5197","8/24/2025","3:05:30 AM",0,9.3888,8.945
"5198","8/24/2025","3:20:30 AM",0,9.3884,8.933
"5199","8/24/2025","3:35:30 AM",0,9.3881,8.92
"5200","8/24/2025","3:50:30 AM",0,9.388,8.915
"5201","8/24/2025","4:05:30 AM",0,9.3873,8.909
"5202","8/24/2025","4:20:30 AM",0,9.3872,8.912
"5203","8/24/2025","4:35:30 AM",0,9.3874,8.919
"5204","8/24/2025","4:50:30 AM",0,9.3868,8.913
"5205","8/24/2025","5:05:30 AM",0,9.3871,8.911
"5206","8/24/2025","5:20:30 AM",0,9.3875,8.915
"5207","8/24/2025","5:35:30 AM",0,9.3875,8.921
"5208","8/24/2025","5:50:30 AM",0,9.3877,8.927
"5209","8/24/2025","6:05:30 AM",0,9.3887,8.933
"5210","8/24/2025","6:20:30 AM",0,9.3888,8.928
"5211","8/24/2025","6:35:30 AM",0,9.3898,8.938
"5212","8/24/2025","6:50:30 AM",0,9.3904,8.939
"5213","8/24/2025","7:05:30 AM",0,9.3903,8.946
"5214","8/24/2025","7:20:30 AM",0,9.3914,8.969
"5215","8/24/2025","7:35:30 AM",0,9.3921,8.996
"5216","8/24/2025","7:50:30 AM",0,9.3929,9.03
"5217","8/24/2025","8:05:30 AM",0,9.3939,9.079
"5218","8/24/2025","8:20:30 AM",0,9.3954,9.133
"5219","8/24/2025","8:35:30 AM",0,9.3963,9.167
"5220","8/24/2025","8:50:30 AM",0,9.3983,9.264
"5221","8/24/2025","9:05:30 AM",0,9.3987,9.32
"5222","8/24/2025","9:20:30 AM",0,9.4004,9.395
"5223","8/24/2025","9:35:30 AM",0,9.4019,9.456
"5224","8/24/2025","9:50:30 AM",0,9.4031,9.504
"5225","8/24/2025","10:05:30 AM",0,9.4041,9.566
"5226","8/24/2025","10:20:30 AM",0,9.4053,9.611
"5227","8/24/2025","10:35:30 AM",0,9.4051,9.647
"5228","8/24/2025","10:50:30 AM",0,9.4061,9.739
"5229","8/24/2025","11:05:30 AM",0,9.4065,9.852
"5230","8/24/2025","11:20:30 AM",0,9.4061,9.915
"5231","8/24/2025","11:35:30 AM",0,9.4065,10.02
"5232","8/24/2025","11:50:30 AM",0,9.4046,9.946
"5233","8/24/2025","12:05:30 PM",0,9.4037,9.913
"5234","8/24/2025","12:20:30 PM",0,9.4017,10.042
"5235","8/24/2025","12:35:30 PM",0,9.4006,10.101
"5236","8/24/2025","12:50:30 PM",0,9.3992,10.214
"5237","8/24/2025","1:05:30 PM",0,9.398,10.371
"5238","8/24/2025","1:20:30 PM",0,9.3985,10.461
"5239","8/24/2025","1:35:30 PM",0,9.3872,10.505
"5240","8/24/2025","1:50:30 PM",0,9.3876,10.561
"5241","8/24/2025","2:05:30 PM",0,9.3868,10.597
"5242","8/24/2025","2:20:30 PM",0,9.3859,10.607
"5243","8/24/2025","2:35:30 PM",0,9.384,10.6
"5244","8/24/2025","2:50:30 PM",0,9.3816,10.548
"5245","8/24/2025","3:05:30 PM",0,9.3796,10.517
"5246","8/24/2025","3:20:30 PM",0,9.3793,10.57
"5247","8/24/2025","3:35:30 PM",0,9.3781,10.524
"5248","8/24/2025","3:50:30 PM",0,9.3776,10.51
"5249","8/24/2025","4:05:30 PM",0,9.375,10.371
"5250","8/24/2025","4:20:30 PM",0,9.3737,10.293
"5251","8/24/2025","4:35:30 PM",0,9.3743,10.314
"5252","8/24/2025","4:50:30 PM",0,9.3766,10.429
"5253","8/24/2025","5:05:30 PM",0,9.3747,10.372
"5254","8/24/2025","5:20:30 PM",0,9.3735,10.321
"5255","8/24/2025","5:35:30 PM",0,9.3707,10.104
"5256","8/24/2025","5:50:30 PM",0,9.3657,9.86
"5257","8/24/2025","6:05:30 PM",0,9.3657,9.694
"5258","8/24/2025","6:20:30 PM",0,9.3712,9.638
"5259","8/24/2025","6:35:30 PM",0,9.4048,9.611
"5260","8/24/2025","6:50:30 PM",0,9.4105,9.881
"5261","8/24/2025","7:05:30 PM",0,9.4092,9.895
"5262","8/24/2025","7:20:30 PM",0,9.4082,9.917
"5263","8/24/2025","7:35:30 PM",0,9.4074,9.923
"5264","8/24/2025","7:50:30 PM",0,9.4042,9.78
"5265","8/24/2025","8:05:30 PM",0,9.402,9.534
"5266","8/24/2025","8:20:30 PM",0,9.4006,9.399
"5267","8/24/2025","8:35:30 PM",0,9.3999,9.345
"5268","8/24/2025","8:50:30 PM",0,9.4023,9.379
"5269","8/24/2025","9:05:30 PM",0,9.4064,9.399
"5270","8/24/2025","9:20:30 PM",0,9.4063,9.41
"5271","8/24/2025","9:35:30 PM",0,9.4079,9.448
"5272","8/24/2025","9:50:30 PM",0,9.4074,9.491
"5273","8/24/2025","10:05:30 PM",0,9.4064,9.516
"5274","8/24/2025","10:20:30 PM",0,9.4004,9.528
"5275","8/24/2025","10:35:30 PM",0,9.4045,9.55
"5276","8/24/2025","10:50:30 PM",0,9.4028,9.566
"5277","8/24/2025","11:05:30 PM",0,9.4023,9.531
"5278","8/24/2025","11:20:30 PM",0,9.4018,9.498
"5279","8/24/2025","11:35:30 PM",0,9.4001,9.433
"5280","8/24/2025","11:50:30 PM",0,9.3995,9.33
"5281","8/25/2025","12:05:30 AM",0,9.3991,9.262
"5282","8/25/2025","12:20:30 AM",0,9.3973,9.161
"5283","8/25/2025","12:35:30 AM",0,9.3958,9.127
"5284","8/25/2025","12:50:30 AM",0,9.3949,9.108
"5285","8/25/2025","1:05:30 AM",0,9.394,9.092
"5286","8/25/2025","1:20:30 AM",0,9.3938,9.075
"5287","8/25/2025","1:35:30 AM",0,9.3932,9.085
"5288","8/25/2025","1:50:30 AM",0,9.3941,9.068
"5289","8/25/2025","2:05:30 AM",0,9.393,9.042
"5290","8/25/2025","2:20:30 AM",0,9.393,9.021
"5291","8/25/2025","2:35:30 AM",0,9.3935,9
"5292","8/25/2025","2:50:30 AM",0,9.3936,8.986
"5293","8/25/2025","3:05:30 AM",0,9.3931,8.972
"5294","8/25/2025","3:20:30 AM",0,9.3936,8.953
"5295","8/25/2025","3:35:30 AM",0,9.3937,8.943
"5296","8/25/2025","3:50:30 AM",0,9.3939,8.948
"5297","8/25/2025","4:05:30 AM",0,9.394,8.954
"5298","8/25/2025","4:20:30 AM",0,9.3937,8.933
"5299","8/25/2025","4:35:30 AM",0,9.3937,8.926
"5300","8/25/2025","4:50:30 AM",0,9.394,8.922
"5301","8/25/2025","5:05:30 AM",0,9.3944,8.91
"5302","8/25/2025","5:20:30 AM",0,9.3946,8.899
"5303","8/25/2025","5:35:30 AM",0,9.3948,8.889
"5304","8/25/2025","5:50:30 AM",0,9.3946,8.875
"5305","8/25/2025","6:05:30 AM",0,9.3952,8.868
"5306","8/25/2025","6:20:30 AM",0,9.3964,8.863
"5307","8/25/2025","6:35:30 AM",0,9.3961,8.854
"5308","8/25/2025","6:50:30 AM",0,9.3968,8.847
"5309","8/25/2025","7:05:30 AM",0,9.3975,8.847
"5310","8/25/2025","7:20:30 AM",0,9.399,8.847
"5311","8/25/2025","7:35:30 AM",0,9.4006,8.853
"5312","8/25/2025","7:50:30 AM",0,9.4017,8.872
"5313","8/25/2025","8:05:30 AM",0,9.4026,8.903
"5314","8/25/2025","8:20:30 AM",0,9.4039,8.942
"5315","8/25/2025","8:35:30 AM",0,9.4055,9
"5316","8/25/2025","8:50:30 AM",0,9.4067,9.072
"5317","8/25/2025","9:05:30 AM",0,9.4076,9.116
"5318","8/25/2025","9:20:30 AM",0,9.4089,9.171
"5319","8/25/2025","9:35:30 AM",0,9.4107,9.229
"5320","8/25/2025","9:50:30 AM",0,9.4124,9.295
"5321","8/25/2025","10:05:30 AM",0,9.4144,9.369
"5322","8/25/2025","10:20:30 AM",0,9.4157,9.444
"5323","8/25/2025","10:35:30 AM",0,9.4173,9.522
"5324","8/25/2025","10:50:30 AM",0,9.4183,9.609
"5325","8/25/2025","11:05:30 AM",0,9.4193,9.702
"5326","8/25/2025","11:20:30 AM",0,9.4196,9.78
"5327","8/25/2025","11:35:30 AM",0,9.4201,9.863
"5328","8/25/2025","11:50:30 AM",0,9.4193,9.952
"5329","8/25/2025","12:05:30 PM",0,9.4192,10.017
"5330","8/25/2025","12:20:30 PM",0,9.4178,10.054
"5331","8/25/2025","12:35:30 PM",0,9.4161,10.091
"5332","8/25/2025","12:50:30 PM",0,9.415,10.151
"5333","8/25/2025","1:05:30 PM",0,9.4139,10.23
"5334","8/25/2025","1:20:30 PM",0,9.4132,10.29
"5335","8/25/2025","1:35:30 PM",0,9.4121,10.3
"5336","8/25/2025","1:50:30 PM",0,9.4106,10.321
"5337","8/25/2025","2:05:30 PM",0,9.4099,10.335
"5338","8/25/2025","2:20:30 PM",0,9.4089,10.337
"5339","8/25/2025","2:35:30 PM",0,9.4057,10.309
"5340","8/25/2025","2:50:30 PM",0,9.402,10.279
"5341","8/25/2025","3:05:30 PM",0,9.399,10.239
"5342","8/25/2025","3:20:30 PM",0,9.395,10.187
"5343","8/25/2025","3:35:30 PM",0,9.392,10.141
"5344","8/25/2025","3:50:30 PM",0,9.3905,10.117
"5345","8/25/2025","4:05:30 PM",0,9.3876,10.073
"5346","8/25/2025","4:20:30 PM",0,9.3844,10.039
"5347","8/25/2025","4:35:30 PM",0,9.3833,9.99
"5348","8/25/2025","4:50:30 PM",0,9.3799,9.868
"5349","8/25/2025","5:05:30 PM",0,9.3792,9.756
"5350","8/25/2025","5:20:30 PM",0,9.3789,9.703
"5351","8/25/2025","5:35:30 PM",0,9.3773,9.636
"5352","8/25/2025","5:50:30 PM",0,9.377,9.549
"5353","8/25/2025","6:05:30 PM",0,9.3772,9.484
"5354","8/25/2025","6:20:30 PM",0,9.3769,9.434
"5355","8/25/2025","6:35:30 PM",0,9.3768,9.376
"5356","8/25/2025","6:50:30 PM",0,9.3784,9.332
"5357","8/25/2025","7:05:30 PM",0,9.3808,9.391
"5358","8/25/2025","7:20:30 PM",0,9.3801,9.355
"5359","8/25/2025","7:35:30 PM",0,9.3795,9.307
"5360","8/25/2025","7:50:30 PM",0,9.3792,9.263
"5361","8/25/2025","8:05:30 PM",0,9.3801,9.244
"5362","8/25/2025","8:20:30 PM",0,9.3822,9.24
"5363","8/25/2025","8:35:30 PM",0,9.3832,9.202
"5364","8/25/2025","8:50:30 PM",0,9.3844,9.212
"5365","8/25/2025","9:05:30 PM",0,9.3851,9.199
"5366","8/25/2025","9:20:30 PM",0,9.3868,9.162
"5367","8/25/2025","9:35:30 PM",0,9.3887,9.144
"5368","8/25/2025","9:50:30 PM",0,9.3905,9.108
"5369","8/25/2025","10:05:30 PM",0,9.3904,9.081
"5370","8/25/2025","10:20:30 PM",0,9.39,9.052
"5371","8/25/2025","10:35:30 PM",0,9.3902,9.028
"5372","8/25/2025","10:50:30 PM",0,9.3914,9.012
"5373","8/25/2025","11:05:30 PM",0,9.3916,9.002
"5374","8/25/2025","11:20:30 PM",0,9.3915,8.996
"5375","8/25/2025","11:35:30 PM",0,9.3915,8.991
"5376","8/25/2025","11:50:30 PM",0,9.3922,8.995
"5377","8/26/2025","12:05:30 AM",0,9.3922,8.988
"5378","8/26/2025","12:20:30 AM",0,9.3916,8.986
"5379","8/26/2025","12:35:30 AM",0,9.3923,8.986
"5380","8/26/2025","12:50:30 AM",0,9.3928,8.981
"5381","8/26/2025","1:05:30 AM",0,9.3936,8.981
"5382","8/26/2025","1:20:30 AM",0,9.394,8.963
"5383","8/26/2025","1:35:30 AM",0,9.3937,8.955
"5384","8/26/2025","1:50:30 AM",0,9.3936,8.948
"5385","8/26/2025","2:05:30 AM",0,9.3934,8.944
"5386","8/26/2025","2:20:30 AM",0,9.393,8.934
"5387","8/26/2025","2:35:30 AM",0,9.3923,8.934
"5388","8/26/2025","2:50:30 AM",0,9.3917,8.925
"5389","8/26/2025","3:05:30 AM",0,9.3914,8.918
"5390","8/26/2025","3:20:30 AM",0,9.3908,8.907
"5391","8/26/2025","3:35:30 AM",0,9.3903,8.893
"5392","8/26/2025","3:50:30 AM",0,9.3903,8.888
"5393","8/26/2025","4:05:30 AM",0,9.3906,8.88
"5394","8/26/2025","4:20:30 AM",0,9.3907,8.878
"5395","8/26/2025","4:35:30 AM",0,9.3904,8.869
"5396","8/26/2025","4:50:30 AM",0,9.3902,8.862
"5397","8/26/2025","5:05:30 AM",0,9.3901,8.856
"5398","8/26/2025","5:20:30 AM",0,9.3908,8.854
"5399","8/26/2025","5:35:30 AM",0,9.3907,8.846
"5400","8/26/2025","5:50:30 AM",0,9.3907,8.842
"5401","8/26/2025","6:05:30 AM",0,9.3911,8.835
"5402","8/26/2025","6:20:30 AM",0,9.3915,8.832
"5403","8/26/2025","6:35:30 AM",0,9.393,8.828
"5404","8/26/2025","6:50:30 AM",0,9.3942,8.827
"5405","8/26/2025","7:05:30 AM",0,9.3952,8.833
"5406","8/26/2025","7:20:30 AM",0,9.3962,8.84
"5407","8/26/2025","7:35:30 AM",0,9.3971,8.85
"5408","8/26/2025","7:50:30 AM",0,9.3976,8.863
"5409","8/26/2025","8:05:30 AM",0,9.3991,8.894
"5410","8/26/2025","8:20:30 AM",0,9.4,8.933
"5411","8/26/2025","8:35:30 AM",0,9.4012,8.98
"5412","8/26/2025","8:50:30 AM",0,9.4028,9.032
"5413","8/26/2025","9:05:30 AM",0,9.404,9.091
"5414","8/26/2025","9:20:30 AM",0,9.4045,9.143
"5415","8/26/2025","9:35:30 AM",0,9.4052,9.203
"5416","8/26/2025","9:50:30 AM",0,9.4065,9.269
"5417","8/26/2025","10:05:30 AM",0,9.4074,9.343
"5418","8/26/2025","10:20:30 AM",0,9.4082,9.431
"5419","8/26/2025","10:35:30 AM",0,9.4084,9.519
"5420","8/26/2025","10:50:30 AM",0,9.4081,9.602
"5421","8/26/2025","11:05:30 AM",0,9.4089,9.677
"5422","8/26/2025","11:20:30 AM",0,9.4089,9.769
"5423","8/26/2025","11:35:30 AM",0,9.4088,9.801
"5424","8/26/2025","11:50:30 AM",0,9.4075,9.807
"5425","8/26/2025","12:05:30 PM",0,9.4065,9.876
"5426","8/26/2025","12:20:30 PM",0,9.4057,9.978
"5427","8/26/2025","12:35:30 PM",0,9.4038,9.988
"5428","8/26/2025","12:50:30 PM",0,9.4018,10.11
"5429","8/26/2025","1:05:30 PM",0,9.3937,10.196
"5430","8/26/2025","1:20:30 PM",0,9.393,10.25
"5431","8/26/2025","1:35:30 PM",0,9.3934,10.301
"5432","8/26/2025","1:50:30 PM",0,9.3942,10.353
"5433","8/26/2025","2:05:30 PM",0,9.3933,10.361
"5434","8/26/2025","2:20:30 PM",0,9.391,10.351
"5435","8/26/2025","2:35:30 PM",0,9.3877,10.209
"5436","8/26/2025","2:50:30 PM",0,9.3864,10.074
"5437","8/26/2025","3:05:30 PM",0,9.3862,10.011
"5438","8/26/2025","3:20:30 PM",0,9.3868,10.064
"5439","8/26/2025","3:35:30 PM",0,9.384,9.907
"5440","8/26/2025","3:50:30 PM",0,9.3815,9.81
"5441","8/26/2025","4:05:30 PM",0,9.3796,9.673
"5442","8/26/2025","4:20:30 PM",0,9.3782,9.601
"5443","8/26/2025","4:35:30 PM",0,9.3769,9.601
"5444","8/26/2025","4:50:30 PM",0,9.3743,9.523
"5445","8/26/2025","5:05:30 PM",0,9.3748,9.445
"5446","8/26/2025","5:20:30 PM",0,9.3749,9.394
"5447","8/26/2025","5:35:30 PM",0,9.3752,9.363
"5448","8/26/2025","5:50:30 PM",0,9.376,9.325
"5449","8/26/2025","6:05:30 PM",0,9.3751,9.294
"5450","8/26/2025","6:20:30 PM",0,9.3785,9.252
"5451","8/26/2025","6:35:30 PM",0,9.3795,9.253
"5452","8/26/2025","6:50:30 PM",0,9.385,9.261
"5453","8/26/2025","7:05:30 PM",0,9.3911,9.24
"5454","8/26/2025","7:20:30 PM",0,9.3972,9.237
"5455","8/26/2025","7:35:30 PM",0,9.3997,9.215
"5456","8/26/2025","7:50:30 PM",0,9.4062,9.193
"5457","8/26/2025","8:05:30 PM",0,9.4041,9.207
"5458","8/26/2025","8:20:30 PM",0,9.3992,9.161
"5459","8/26/2025","8:35:30 PM",0,9.3986,9.157
"5460","8/26/2025","8:50:30 PM",0,9.3976,9.124
"5461","8/26/2025","9:05:30 PM",0,9.3978,9.096
"5462","8/26/2025","9:20:30 PM",0,9.4007,9.066
"5463","8/26/2025","9:35:30 PM",0,9.4027,9.085
"5464","8/26/2025","9:50:30 PM",0,9.4036,9.059
"5465","8/26/2025","10:05:30 PM",0,9.4043,9.031
"5466","8/26/2025","10:20:30 PM",0,9.404,9.007
"5467","8/26/2025","10:35:30 PM",0,9.4039,8.986
"5468","8/26/2025","10:50:30 PM",0,9.4027,8.961
"5469","8/26/2025","11:05:30 PM",0,9.4016,8.946
"5470","8/26/2025","11:20:30 PM",0,9.4019,8.931
"5471","8/26/2025","11:35:30 PM",0,9.4021,8.918
"5472","8/26/2025","11:50:30 PM",0,9.4017,8.9
"5473","8/27/2025","12:05:30 AM",0,9.4024,8.885
"5474","8/27/2025","12:20:30 AM",0,9.4033,8.873
"5475","8/27/2025","12:35:30 AM",0,9.4041,8.864
"5476","8/27/2025","12:50:30 AM",0,9.4034,8.86
"5477","8/27/2025","1:05:30 AM",0,9.404,8.855
"5478","8/27/2025","1:20:30 AM",0,9.4039,8.85
"5479","8/27/2025","1:35:30 AM",0,9.4038,8.848
"5480","8/27/2025","1:50:30 AM",0,9.4037,8.847
"5481","8/27/2025","2:05:30 AM",0,9.4034,8.843
"5482","8/27/2025","2:20:30 AM",0,9.4034,8.842
"5483","8/27/2025","2:35:30 AM",0,9.4034,8.835
"5484","8/27/2025","2:50:30 AM",0,9.4035,8.829
"5485","8/27/2025","3:05:30 AM",0,9.4039,8.834
"5486","8/27/2025","3:20:30 AM",0,9.4044,8.834
"5487","8/27/2025","3:35:30 AM",0,9.4043,8.824
"5488","8/27/2025","3:50:30 AM",0,9.4046,8.818
"5489","8/27/2025","4:05:30 AM",0,9.4046,8.804
"5490","8/27/2025","4:20:30 AM",0,9.4052,8.8
"5491","8/27/2025","4:35:30 AM",0,9.4061,8.8
"5492","8/27/2025","4:50:30 AM",0,9.4062,8.795
"5493","8/27/2025","5:05:30 AM",0,9.4066,8.788
"5494","8/27/2025","5:20:30 AM",0,9.4071,8.782
"5495","8/27/2025","5:35:30 AM",0,9.408,8.779
"5496","8/27/2025","5:50:30 AM",0,9.4084,8.775
"5497","8/27/2025","6:05:30 AM",0,9.4101,8.768
"5498","8/27/2025","6:20:30 AM",0,9.4116,8.765
"5499","8/27/2025","6:35:30 AM",0,9.4135,8.76
"5500","8/27/2025","6:50:30 AM",0,9.4158,8.762
"5501","8/27/2025","7:05:30 AM",0,9.4165,8.766
"5502","8/27/2025","7:20:30 AM",0,9.4172,8.769
"5503","8/27/2025","7:35:30 AM",0,9.4183,8.775
"5504","8/27/2025","7:50:30 AM",0,9.42,8.794
"5505","8/27/2025","8:05:30 AM",0,9.4213,8.82
"5506","8/27/2025","8:20:30 AM",0,9.4225,8.872
"5507","8/27/2025","8:35:30 AM",0,9.424,8.931
"5508","8/27/2025","8:50:30 AM",0,9.4251,8.992
"5509","8/27/2025","9:05:30 AM",0,9.4269,9.047
"5510","8/27/2025","9:20:30 AM",0,9.4285,9.117
"5511","8/27/2025","9:35:30 AM",0,9.4299,9.18
"5512","8/27/2025","9:50:30 AM",0,9.4312,9.247
"5513","8/27/2025","10:05:30 AM",0,9.4321,9.314
"5514","8/27/2025","10:20:30 AM",0,9.4333,9.394
"5515","8/27/2025","10:35:30 AM",0,9.4344,9.47
"5516","8/27/2025","10:50:30 AM",0,9.4362,9.558
"5517","8/27/2025","11:05:30 AM",0,9.4364,9.645
"5518","8/27/2025","11:20:30 AM",0,9.4373,9.736
"5519","8/27/2025","11:35:30 AM",0,9.4368,9.829
"5520","8/27/2025","11:50:30 AM",0,9.4357,9.904
"5521","8/27/2025","12:05:30 PM",0,9.4348,9.963
"5522","8/27/2025","12:20:30 PM",0,9.433,10.023
"5523","8/27/2025","12:35:30 PM",0,9.4319,10.055
"5524","8/27/2025","12:50:30 PM",0,9.4306,10.123
"5525","8/27/2025","1:05:30 PM",0,9.4293,10.172
"5526","8/27/2025","1:20:30 PM",0,9.4287,10.214
"5527","8/27/2025","1:35:30 PM",0,9.4271,10.254
"5528","8/27/2025","1:50:30 PM",0,9.4257,10.298
"5529","8/27/2025","2:05:30 PM",0,9.4252,10.333
"5530","8/27/2025","2:20:30 PM",0,9.424,10.364
"5531","8/27/2025","2:35:30 PM",0,9.4218,10.326
"5532","8/27/2025","2:50:30 PM",0,9.4197,10.271
"5533","8/27/2025","3:05:30 PM",0,9.4186,10.224
"5534","8/27/2025","3:20:30 PM",0,9.4175,10.176
"5535","8/27/2025","3:35:30 PM",0,9.4164,10.149
"5536","8/27/2025","3:50:30 PM",0,9.4155,10.131
"5537","8/27/2025","4:05:30 PM",0,9.4129,10.056
"5538","8/27/2025","4:20:30 PM",0,9.4122,9.974
"5539","8/27/2025","4:35:30 PM",0,9.4106,9.776
"5540","8/27/2025","4:50:30 PM",0,9.4089,9.59
"5541","8/27/2025","5:05:30 PM",0,9.4086,9.447
"5542","8/27/2025","5:20:30 PM",0,9.4091,9.35
"5543","8/27/2025","5:35:30 PM",0,9.4094,9.285
"5544","8/27/2025","5:50:30 PM",0,9.4116,9.266
"5545","8/27/2025","6:05:30 PM",0,9.4118,9.235
"5546","8/27/2025","6:20:30 PM",0,9.4113,9.231
"5547","8/27/2025","6:35:30 PM",0,9.4117,9.254
"5548","8/27/2025","6:50:30 PM",0,9.4125,9.239
"5549","8/27/2025","7:05:30 PM",0,9.4124,9.247
"5550","8/27/2025","7:20:30 PM",0,9.4121,9.217
"5551","8/27/2025","7:35:30 PM",0,9.4126,9.183
"5552","8/27/2025","7:50:30 PM",0,9.4138,9.155
"5553","8/27/2025","8:05:30 PM",0,9.4141,9.119
"5554","8/27/2025","8:20:30 PM",0,9.4151,9.099
"5555","8/27/2025","8:35:30 PM",0,9.4157,9.073
"5556","8/27/2025","8:50:30 PM",0,9.4166,9.054
"5557","8/27/2025","9:05:30 PM",0,9.4171,9.043
"5558","8/27/2025","9:20:30 PM",0,9.4182,9.034
"5559","8/27/2025","9:35:30 PM",0,9.419,9.023
"5560","8/27/2025","9:50:30 PM",0,9.4199,9.007
"5561","8/27/2025","10:05:30 PM",0,9.421,8.992
"5562","8/27/2025","10:20:30 PM",0,9.4215,8.995
"5563","8/27/2025","10:35:30 PM",0,9.4219,8.986
"5564","8/27/2025","10:50:30 PM",0,9.422,8.97
"5565","8/27/2025","11:05:30 PM",0,9.4213,8.958
"5566","8/27/2025","11:20:30 PM",0,9.4217,8.947
"5567","8/27/2025","11:35:30 PM",0,9.4214,8.936
"5568","8/27/2025","11:50:30 PM",0,9.421,8.93
"5569","8/28/2025","12:05:30 AM",0,9.4216,8.926
"5570","8/28/2025","12:20:30 AM",0,9.4219,8.917
"5571","8/28/2025","12:35:30 AM",0,9.422,8.916
"5572","8/28/2025","12:50:30 AM",0,9.4218,8.916
"5573","8/28/2025","1:05:30 AM",0,9.4216,8.903
"5574","8/28/2025","1:20:30 AM",0,9.4216,8.888
"5575","8/28/2025","1:35:30 AM",0,9.4211,8.88
"5576","8/28/2025","1:50:30 AM",0,9.4212,8.872
"5577","8/28/2025","2:05:30 AM",0,9.421,8.869
"5578","8/28/2025","2:20:30 AM",0,9.4214,8.862
"5579","8/28/2025","2:35:30 AM",0,9.4214,8.854
"5580","8/28/2025","2:50:30 AM",0,9.4214,8.853
"5581","8/28/2025","3:05:30 AM",0,9.4213,8.846
"5582","8/28/2025","3:20:30 AM",0,9.4203,8.835
"5583","8/28/2025","3:35:30 AM",0,9.4201,8.829
"5584","8/28/2025","3:50:30 AM",0,9.4202,8.828
"5585","8/28/2025","4:05:30 AM",0,9.4205,8.823
"5586","8/28/2025","4:20:30 AM",0,9.4208,8.812
"5587","8/28/2025","4:35:30 AM",0,9.4207,8.801
"5588","8/28/2025","4:50:30 AM",0,9.4199,8.792
"5589","8/28/2025","5:05:30 AM",0,9.4201,8.782
"5590","8/28/2025","5:20:30 AM",0,9.4198,8.775
"5591","8/28/2025","5:35:30 AM",0,9.4185,8.769
"5592","8/28/2025","5:50:30 AM",0,9.4183,8.757
"5593","8/28/2025","6:05:30 AM",0,9.4195,8.75
"5594","8/28/2025","6:20:30 AM",0,9.4192,8.743
"5595","8/28/2025","6:35:30 AM",0,9.4201,8.743
"5596","8/28/2025","6:50:30 AM",0,9.4207,8.745
"5597","8/28/2025","7:05:30 AM",0,9.4209,8.742
"5598","8/28/2025","7:20:30 AM",0,9.4217,8.748
"5599","8/28/2025","7:35:30 AM",0,9.4228,8.756
"5600","8/28/2025","7:50:30 AM",0,9.423,8.774
"5601","8/28/2025","8:05:30 AM",0,9.4235,8.811
"5602","8/28/2025","8:20:30 AM",0,9.4243,8.853
"5603","8/28/2025","8:35:30 AM",0,9.4258,8.907
"5604","8/28/2025","8:50:30 AM",0,9.4272,8.966
"5605","8/28/2025","9:05:30 AM",0,9.4284,9.025
"5606","8/28/2025","9:20:30 AM",0,9.4298,9.09
"5607","8/28/2025","9:35:30 AM",0,9.4311,9.158
"5608","8/28/2025","9:50:30 AM",0,9.4337,9.235
"5609","8/28/2025","10:05:30 AM",0,9.4356,9.315
"5610","8/28/2025","10:20:30 AM",0,9.4371,9.403
"5611","8/28/2025","10:35:30 AM",0,9.439,9.492
"5612","8/28/2025","10:50:30 AM",0,9.4402,9.587
"5613","8/28/2025","11:05:30 AM",0,9.4416,9.685
"5614","8/28/2025","11:20:30 AM",0,9.4424,9.793
"5615","8/28/2025","11:35:30 AM",0,9.4434,9.884
"5616","8/28/2025","11:50:30 AM",0,9.4435,9.95
"5617","8/28/2025","12:05:30 PM",0,9.4429,10.011
"5618","8/28/2025","12:20:30 PM",0,9.4409,10.038
"5619","8/28/2025","12:35:30 PM",0,9.4395,10.075
"5620","8/28/2025","12:50:30 PM",0,9.4382,10.14
"5621","8/28/2025","1:05:30 PM",0,9.4369,10.2
"5622","8/28/2025","1:20:30 PM",0,9.4366,10.263
"5623","8/28/2025","1:35:30 PM",0,9.4354,10.32
"5624","8/28/2025","1:50:30 PM",0,9.4347,10.376
"5625","8/28/2025","2:05:30 PM",0,9.4327,10.414
"5626","8/28/2025","2:20:30 PM",0,9.4306,10.416
"5627","8/28/2025","2:35:30 PM",0,9.4285,10.401
"5628","8/28/2025","2:50:30 PM",0,9.4264,10.346
"5629","8/28/2025","3:05:30 PM",0,9.4244,10.301
"5630","8/28/2025","3:20:30 PM",0,9.4214,10.225
"5631","8/28/2025","3:35:30 PM",0,9.4197,10.151
"5632","8/28/2025","3:50:30 PM",0,9.4182,10.112
"5633","8/28/2025","4:05:30 PM",0,9.417,10.097
"5634","8/28/2025","4:20:30 PM",0,9.4151,10.055
"5635","8/28/2025","4:35:30 PM",0,9.4133,9.987
"5636","8/28/2025","4:50:30 PM",0,9.4129,9.918
"5637","8/28/2025","5:05:30 PM",0,9.4112,9.848
"5638","8/28/2025","5:20:30 PM",0,9.41,9.767
"5639","8/28/2025","5:35:30 PM",0,9.4086,9.679
"5640","8/28/2025","5:50:30 PM",0,9.4075,9.596
"5641","8/28/2025","6:05:30 PM",0,9.4068,9.535
"5642","8/28/2025","6:20:30 PM",0,9.4061,9.476
"5643","8/28/2025","6:35:30 PM",0,9.4057,9.407
"5644","8/28/2025","6:50:30 PM",0,9.4053,9.346
"5645","8/28/2025","7:05:30 PM",0,9.4052,9.274
"5646","8/28/2025","7:20:30 PM",0,9.4059,9.236
"5647","8/28/2025","7:35:30 PM",0,9.4062,9.196
"5648","8/28/2025","7:50:30 PM",0,9.4078,9.157
"5649","8/28/2025","8:05:30 PM",0,9.4091,9.151
"5650","8/28/2025","8:20:30 PM",0,9.4107,9.149
"5651","8/28/2025","8:35:30 PM",0,9.4122,9.165
"5652","8/28/2025","8:50:30 PM",0,9.4139,9.13
"5653","8/28/2025","9:05:30 PM",0,9.4155,9.089
"5654","8/28/2025","9:20:30 PM",0,9.4167,9.04
"5655","8/28/2025","9:35:30 PM",0,9.4176,9.006
"5656","8/28/2025","9:50:30 PM",0,9.4189,8.986
"5657","8/28/2025","10:05:30 PM",0,9.4197,8.964
"5658","8/28/2025","10:20:30 PM",0,9.4201,8.939
"5659","8/28/2025","10:35:30 PM",0,9.4203,8.921
"5660","8/28/2025","10:50:30 PM",0,9.4202,8.914
"5661","8/28/2025","11:05:30 PM",0,9.4197,8.896
"5662","8/28/2025","11:20:30 PM",0,9.4203,8.88
"5663","8/28/2025","11:35:30 PM",0,9.4205,8.858
"5664","8/28/2025","11:50:30 PM",0,9.4196,8.845
"5665","8/29/2025","12:05:30 AM",0,9.4191,8.831
"5666","8/29/2025","12:20:30 AM",0,9.419,8.818
"5667","8/29/2025","12:35:30 AM",0,9.4191,8.808
"5668","8/29/2025","12:50:30 AM",0,9.4192,8.797
"5669","8/29/2025","1:05:30 AM",0,9.4192,8.789
"5670","8/29/2025","1:20:30 AM",0,9.4189,8.778
"5671","8/29/2025","1:35:30 AM",0,9.419,8.768
"5672","8/29/2025","1:50:30 AM",0,9.4189,8.763
"5673","8/29/2025","2:05:30 AM",0,9.4183,8.757
"5674","8/29/2025","2:20:30 AM",0,9.4183,8.752
"5675","8/29/2025","2:35:30 AM",0,9.4185,8.75
"5676","8/29/2025","2:50:30 AM",0,9.4188,8.748
"5677","8/29/2025","3:05:30 AM",0,9.4187,8.746
"5678","8/29/2025","3:20:30 AM",0,9.4192,8.744
"5679","8/29/2025","3:35:30 AM",0,9.419,8.739
"5680","8/29/2025","3:50:30 AM",0,9.4192,8.732
"5681","8/29/2025","4:05:30 AM",0,9.419,8.727
"5682","8/29/2025","4:20:30 AM",0,9.4183,8.724
"5683","8/29/2025","4:35:30 AM",0,9.4186,8.716
"5684","8/29/2025","4:50:30 AM",0,9.4192,8.707
"5685","8/29/2025","5:05:30 AM",0,9.4191,8.7
"5686","8/29/2025","5:20:30 AM",0,9.4189,8.693
"5687","8/29/2025","5:35:30 AM",0,9.4192,8.69
"5688","8/29/2025","5:50:30 AM",0,9.4193,8.681
"5689","8/29/2025","6:05:30 AM",0,9.4202,8.675
"5690","8/29/2025","6:20:30 AM",0,9.421,8.667
"5691","8/29/2025","6:35:30 AM",0,9.4221,8.656
"5692","8/29/2025","6:50:30 AM",0,9.4238,8.649
"5693","8/29/2025","7:05:30 AM",0,9.4245,8.645
"5694","8/29/2025","7:20:30 AM",0,9.4255,8.645
"5695","8/29/2025","7:35:30 AM",0,9.4264,8.663
"5696","8/29/2025","7:50:30 AM",0,9.4264,8.693
"5697","8/29/2025","8:05:30 AM",0,9.428,8.734
"5698","8/29/2025","8:20:30 AM",0,9.4303,8.789
"5699","8/29/2025","8:35:30 AM",0,9.4317,8.845
"5700","8/29/2025","8:50:30 AM",0,9.4324,8.901
"5701","8/29/2025","9:05:30 AM",0,9.4329,8.956
"5702","8/29/2025","9:20:30 AM",0,9.4349,9.016
"5703","8/29/2025","9:35:30 AM",0,9.4359,9.078
"5704","8/29/2025","9:50:30 AM",0,9.4376,9.146
"5705","8/29/2025","10:05:30 AM",0,9.4396,9.225
"5706","8/29/2025","10:20:30 AM",0,9.4414,9.315
"5707","8/29/2025","10:35:30 AM",0,9.4429,9.404
"5708","8/29/2025","10:50:30 AM",0,9.4438,9.492
"5709","8/29/2025","11:05:30 AM",0,9.4453,9.581
"5710","8/29/2025","11:20:30 AM",0,9.4461,9.674
"5711","8/29/2025","11:35:30 AM",0,9.4468,9.748
"5712","8/29/2025","11:50:30 AM",0,9.4462,9.814
"5713","8/29/2025","12:05:30 PM",0,9.4458,9.869
"5714","8/29/2025","12:20:30 PM",0,9.4446,9.918
"5715","8/29/2025","12:35:30 PM",0,9.4436,9.978
"5716","8/29/2025","12:50:30 PM",0,9.4421,10.056
"5717","8/29/2025","1:05:30 PM",0,9.4407,10.133
"5718","8/29/2025","1:20:30 PM",0,9.4399,10.184
"5719","8/29/2025","1:35:30 PM",0,9.4399,10.246
"5720","8/29/2025","1:50:30 PM",0,9.4388,10.295
"5721","8/29/2025","2:05:30 PM",0,9.4375,10.333
"5722","8/29/2025","2:20:30 PM",0,9.4361,10.322
"5723","8/29/2025","2:35:30 PM",0,9.434,10.22
"5724","8/29/2025","2:50:30 PM",0,9.432,10.086
"5725","8/29/2025","3:05:30 PM",0,9.4299,9.961
"5726","8/29/2025","3:20:30 PM",0,9.4284,9.933
"5727","8/29/2025","3:35:30 PM",0,9.4264,9.942
"5728","8/29/2025","3:50:30 PM",0,9.4263,9.928
"5729","8/29/2025","4:05:30 PM",0,9.4258,9.96
"5730","8/29/2025","4:20:30 PM",0,9.4259,9.942
"5731","8/29/2025","4:35:30 PM",0,9.4236,9.844
"5732","8/29/2025","4:50:30 PM",0,9.4221,9.747
"5733","8/29/2025","5:05:30 PM",0,9.4218,9.692
"5734","8/29/2025","5:20:30 PM",0,9.4211,9.584
"5735","8/29/2025","5:35:30 PM",0,9.4209,9.534
"5736","8/29/2025","5:50:30 PM",0,9.4215,9.562
"5737","8/29/2025","6:05:30 PM",0,9.4209,9.497
"5738","8/29/2025","6:20:30 PM",0,9.4199,9.444
"5739","8/29/2025","6:35:30 PM",0,9.4193,9.41
"5740","8/29/2025","6:50:30 PM",0,9.4184,9.347
"5741","8/29/2025","7:05:30 PM",0,9.4172,9.265
"5742","8/29/2025","7:20:30 PM",0,9.417,9.198
"5743","8/29/2025","7:35:30 PM",0,9.4164,9.141
"5744","8/29/2025","7:50:30 PM",0,9.4174,9.088
"5745","8/29/2025","8:05:30 PM",0,9.4187,9.054
"5746","8/29/2025","8:20:30 PM",0,9.4197,9.03
"5747","8/29/2025","8:35:30 PM",0,9.4213,9.01
"5748","8/29/2025","8:50:30 PM",0,9.4221,8.998
"5749","8/29/2025","9:05:30 PM",0,9.4225,8.989
"5750","8/29/2025","9:20:30 PM",0,9.4228,8.962
"5751","8/29/2025","9:35:30 PM",0,9.4228,8.934
"5752","8/29/2025","9:50:30 PM",0,9.4226,8.918
"5753","8/29/2025","10:05:30 PM",0,9.4232,8.901
"5754","8/29/2025","10:20:30 PM",0,9.4227,8.884
"5755","8/29/2025","10:35:30 PM",0,9.4234,8.872
"5756","8/29/2025","10:50:30 PM",0,9.4242,8.859
"5757","8/29/2025","11:05:30 PM",0,9.4248,8.845
"5758","8/29/2025","11:20:30 PM",0,9.4252,8.831
"5759","8/29/2025","11:35:30 PM",0,9.4262,8.827
"5760","8/29/2025","11:50:30 PM",0,9.4263,8.816
"5761","8/30/2025","12:05:30 AM",0,9.4269,8.808
"5762","8/30/2025","12:20:30 AM",0,9.4262,8.802
"5763","8/30/2025","12:35:30 AM",0,9.4261,8.796
"5764","8/30/2025","12:50:30 AM",0,9.4258,8.791
"5765","8/30/2025","1:05:30 AM",0,9.4263,8.788
"5766","8/30/2025","1:20:30 AM",0,9.426,8.783
"5767","8/30/2025","1:35:30 AM",0,9.4262,8.78
"5768","8/30/2025","1:50:30 AM",0,9.4265,8.772
"5769","8/30/2025","2:05:30 AM",0,9.426,8.766
"5770","8/30/2025","2:20:30 AM",0,9.4258,8.761
"5771","8/30/2025","2:35:30 AM",0,9.4254,8.754
"5772","8/30/2025","2:50:30 AM",0,9.4251,8.744
"5773","8/30/2025","3:05:30 AM",0,9.4253,8.738
"5774","8/30/2025","3:20:30 AM",0,9.4252,8.73
"5775","8/30/2025","3:35:30 AM",0,9.4259,8.723
"5776","8/30/2025","3:50:30 AM",0,9.4254,8.717
"5777","8/30/2025","4:05:30 AM",0,9.4249,8.714
"5778","8/30/2025","4:20:30 AM",0,9.4245,8.709
"5779","8/30/2025","4:35:30 AM",0,9.4241,8.703
"5780","8/30/2025","4:50:30 AM",0,9.4238,8.698
"5781","8/30/2025","5:05:30 AM",0,9.4239,8.693
"5782","8/30/2025","5:20:30 AM",0,9.4237,8.689
"5783","8/30/2025","5:35:30 AM",0,9.4243,8.684
"5784","8/30/2025","5:50:30 AM",0,9.4243,8.678
"5785","8/30/2025","6:05:30 AM",0,9.4249,8.68
"5786","8/30/2025","6:20:30 AM",0,9.4255,8.678
"5787","8/30/2025","6:35:30 AM",0,9.4254,8.675
"5788","8/30/2025","6:50:30 AM",0,9.4263,8.671
"5789","8/30/2025","7:05:30 AM",0,9.4265,8.669
"5790","8/30/2025","7:20:30 AM",0,9.4265,8.673
"5791","8/30/2025","7:35:30 AM",0,9.4275,8.688
"5792","8/30/2025","7:50:30 AM",0,9.4287,8.715
"5793","8/30/2025","8:05:30 AM",0,9.4299,8.755
"5794","8/30/2025","8:20:30 AM",0,9.4306,8.805
"5795","8/30/2025","8:35:30 AM",0,9.4315,8.853
"5796","8/30/2025","8:50:30 AM",0,9.4324,8.905
"5797","8/30/2025","9:05:30 AM",0,9.433,8.962
"5798","8/30/2025","9:20:30 AM",0,9.4342,9.029
"5799","8/30/2025","9:35:30 AM",0,9.4355,9.096
"5800","8/30/2025","9:50:30 AM",0,9.4366,9.161
"5801","8/30/2025","10:05:30 AM",0,9.4381,9.244
"5802","8/30/2025","10:20:30 AM",0,9.4395,9.33
"5803","8/30/2025","10:35:30 AM",0,9.4397,9.416
"5804","8/30/2025","10:50:30 AM",0,9.4406,9.511
"5805","8/30/2025","11:05:30 AM",0,9.4414,9.605
"5806","8/30/2025","11:20:30 AM",0,9.4406,9.687
"5807","8/30/2025","11:35:30 AM",0,9.4396,9.77
"5808","8/30/2025","11:50:30 AM",0,9.4388,9.848
"5809","8/30/2025","12:05:30 PM",0,9.4374,9.907
"5810","8/30/2025","12:20:30 PM",0,9.4354,9.961
"5811","8/30/2025","12:35:30 PM",0,9.4349,10.019
"5812","8/30/2025","12:50:30 PM",0,9.4328,10.106
"5813","8/30/2025","1:05:30 PM",0,9.4311,10.167
"5814","8/30/2025","1:20:30 PM",0,9.4293,10.219
"5815","8/30/2025","1:35:30 PM",0,9.4282,10.257
"5816","8/30/2025","1:50:30 PM",0,9.4267,10.31
"5817","8/30/2025","2:05:30 PM",0,9.4244,10.325
"5818","8/30/2025","2:20:30 PM",0,9.4165,10.313
"5819","8/30/2025","2:35:30 PM",0,9.4156,10.3
"5820","8/30/2025","2:50:30 PM",0,9.4134,10.237
"5821","8/30/2025","3:05:30 PM",0,9.4112,10.17
"5822","8/30/2025","3:20:30 PM",0,9.4099,10.112
"5823","8/30/2025","3:35:30 PM",0,9.4079,10.063
"5824","8/30/2025","3:50:30 PM",0,9.4054,10.011
"5825","8/30/2025","4:05:30 PM",0,9.4044,9.984
"5826","8/30/2025","4:20:30 PM",0,9.4041,9.968
"5827","8/30/2025","4:35:30 PM",0,9.4027,9.923
"5828","8/30/2025","4:50:30 PM",0,9.4004,9.852
"5829","8/30/2025","5:05:30 PM",0,9.3982,9.777
"5830","8/30/2025","5:20:30 PM",0,9.3962,9.68
"5831","8/30/2025","5:35:30 PM",0,9.3954,9.638
"5832","8/30/2025","5:50:30 PM",0,9.3937,9.568
"5833","8/30/2025","6:05:30 PM",0,9.3917,9.483
"5834","8/30/2025","6:20:30 PM",0,9.3905,9.408
"5835","8/30/2025","6:35:30 PM",0,9.3892,9.333
"5836","8/30/2025","6:50:30 PM",0,9.3886,9.253
"5837","8/30/2025","7:05:30 PM",0,9.3886,9.201
"5838","8/30/2025","7:20:30 PM",0,9.3888,9.153
"5839","8/30/2025","7:35:30 PM",0,9.3887,9.118
"5840","8/30/2025","7:50:30 PM",0,9.3892,9.088
"5841","8/30/2025","8:05:30 PM",0,9.3903,9.055
"5842","8/30/2025","8:20:30 PM",0,9.3902,9.028
"5843","8/30/2025","8:35:30 PM",0,9.3911,9.006
"5844","8/30/2025","8:50:30 PM",0,9.3918,8.987
"5845","8/30/2025","9:05:30 PM",0,9.3925,8.975
"5846","8/30/2025","9:20:30 PM",0,9.3934,8.955
"5847","8/30/2025","9:35:30 PM",0,9.3943,8.938
"5848","8/30/2025","9:50:30 PM",0,9.3951,8.92
"5849","8/30/2025","10:05:30 PM",0,9.3958,8.906
"5850","8/30/2025","10:20:30 PM",0,9.3966,8.894
"5851","8/30/2025","10:35:30 PM",0,9.3979,8.878
"5852","8/30/2025","10:50:30 PM",0,9.3991,8.867
"5853","8/30/2025","11:05:30 PM",0,9.3999,8.856
"5854","8/30/2025","11:20:30 PM",0,9.4003,8.84
"5855","8/30/2025","11:35:30 PM",0,9.4005,8.829
"5856","8/30/2025","11:50:30 PM",0,9.4015,8.813
"5857","8/31/2025","12:05:30 AM",0,9.402,8.802
"5858","8/31/2025","12:20:30 AM",0,9.4025,8.793
"5859","8/31/2025","12:35:30 AM",0,9.4031,8.785
"5860","8/31/2025","12:50:30 AM",0,9.4035,8.783
"5861","8/31/2025","1:05:30 AM",0,9.4042,8.781
"5862","8/31/2025","1:20:30 AM",0,9.4042,8.775
"5863","8/31/2025","1:35:30 AM",0,9.4044,8.767
"5864","8/31/2025","1:50:30 AM",0,9.4047,8.757
"5865","8/31/2025","2:05:30 AM",0,9.4046,8.745
"5866","8/31/2025","2:20:30 AM",0,9.4045,8.736
"5867","8/31/2025","2:35:30 AM",0,9.405,8.732
"5868","8/31/2025","2:50:30 AM",0,9.4047,8.729
"5869","8/31/2025","3:05:30 AM",0,9.4047,8.721
"5870","8/31/2025","3:20:30 AM",0,9.4054,8.713
"5871","8/31/2025","3:35:30 AM",0,9.406,8.71
"5872","8/31/2025","3:50:30 AM",0,9.4062,8.706
"5873","8/31/2025","4:05:30 AM",0,9.4064,8.704
"5874","8/31/2025","4:20:30 AM",0,9.407,8.692
"5875","8/31/2025","4:35:30 AM",0,9.4068,8.685
"5876","8/31/2025","4:50:30 AM",0,9.4071,8.685
"5877","8/31/2025","5:05:30 AM",0,9.4074,8.677
"5878","8/31/2025","5:20:30 AM",0,9.4074,8.67
"5879","8/31/2025","5:35:30 AM",0,9.4083,8.659
"5880","8/31/2025","5:50:30 AM",0,9.4082,8.651
"5881","8/31/2025","6:05:30 AM",0,9.4088,8.643
"5882","8/31/2025","6:20:30 AM",0,9.4091,8.637
"5883","8/31/2025","6:35:30 AM",0,9.4096,8.634
"5884","8/31/2025","6:50:30 AM",0,9.4102,8.638
"5885","8/31/2025","7:05:30 AM",0,9.4113,8.64
"5886","8/31/2025","7:20:30 AM",0,9.4119,8.65
"5887","8/31/2025","7:35:30 AM",0,9.4125,8.661
"5888","8/31/2025","7:50:30 AM",0,9.4133,8.676
"5889","8/31/2025","8:05:30 AM",0,9.414,8.709
"5890","8/31/2025","8:20:30 AM",0,9.4149,8.753
"5891","8/31/2025","8:35:30 AM",0,9.4152,8.793
"5892","8/31/2025","8:50:30 AM",0,9.4162,8.83
"5893","8/31/2025","9:05:30 AM",0,9.4171,8.902
"5894","8/31/2025","9:20:30 AM",0,9.4184,8.982
"5895","8/31/2025","9:35:30 AM",0,9.4205,9.057
"5896","8/31/2025","9:50:30 AM",0,9.4216,9.136
"5897","8/31/2025","10:05:30 AM",0,9.4231,9.231
"5898","8/31/2025","10:20:30 AM",0,9.4239,9.308
"5899","8/31/2025","10:35:30 AM",0,9.4246,9.409
"5900","8/31/2025","10:50:30 AM",0,9.4247,9.43
"5901","8/31/2025","11:05:30 AM",0,9.4254,9.505
"5902","8/31/2025","11:20:30 AM",0,9.426,9.588
"5903","8/31/2025","11:35:30 AM",0,9.4244,9.634
"5904","8/31/2025","11:50:30 AM",0,9.4238,9.716
"5905","8/31/2025","12:05:30 PM",0,9.4229,9.808
"5906","8/31/2025","12:20:30 PM",0,9.4207,9.84
"5907","8/31/2025","12:35:30 PM",0,9.4202,9.872
"5908","8/31/2025","12:50:30 PM",0,9.4185,9.971
"5909","8/31/2025","1:05:30 PM",0,9.4175,10.063
"5910","8/31/2025","1:20:30 PM",0,9.416,10.134
"5911","8/31/2025","1:35:30 PM",0,9.4148,10.193
"5912","8/31/2025","1:50:30 PM",0,9.4131,10.235
"5913","8/31/2025","2:05:30 PM",0,9.4114,10.283
"5914","8/31/2025","2:20:30 PM",0,9.403,10.302
"5915","8/31/2025","2:35:30 PM",0,9.4022,10.299
"5916","8/31/2025","2:50:30 PM",0,9.4,10.241
"5917","8/31/2025","3:05:30 PM",0,9.3979,10.192
"5918","8/31/2025","3:20:30 PM",0,9.3969,10.132
"5919","8/31/2025","3:35:30 PM",0,9.3961,10.112
"5920","8/31/2025","3:50:30 PM",0,9.395,10.097
"5921","8/31/2025","4:05:30 PM",0,9.3945,10.099
"5922","8/31/2025","4:20:30 PM",0,9.3929,10.06
"5923","8/31/2025","4:35:30 PM",0,9.3917,10
"5924","8/31/2025","4:50:30 PM",0,9.3901,9.926
"5925","8/31/2025","5:05:30 PM",0,9.3892,9.868
"5926","8/31/2025","5:20:30 PM",0,9.3871,9.801
"5927","8/31/2025","5:35:30 PM",0,9.3856,9.725
"5928","8/31/2025","5:50:30 PM",0,9.384,9.643
"5929","8/31/2025","6:05:30 PM",0,9.3832,9.571
"5930","8/31/2025","6:20:30 PM",0,9.382,9.495
"5931","8/31/2025","6:35:30 PM",0,9.3806,9.405
"5932","8/31/2025","6:50:30 PM",0,9.38,9.313
"5933","8/31/2025","7:05:30 PM",0,9.379,9.23
"5934","8/31/2025","7:20:30 PM",0,9.3784,9.17
"5935","8/31/2025","7:35:30 PM",0,9.3785,9.109
"5936","8/31/2025","7:50:30 PM",0,9.3806,9.081
"5937","8/31/2025","8:05:30 PM",0,9.3811,9.05
"5938","8/31/2025","8:20:30 PM",0,9.3833,9.034
"5939","8/31/2025","8:35:30 PM",0,9.386,9.019
"5940","8/31/2025","8:50:30 PM",0,9.388,9.016
"5941","8/31/2025","9:05:30 PM",0,9.3899,9.014
"5942","8/31/2025","9:20:30 PM",0,9.3909,8.995
"5943","8/31/2025","9:35:30 PM",0,9.3914,8.972
"5944","8/31/2025","9:50:30 PM",0,9.3919,8.946
"5945","8/31/2025","10:05:30 PM",0,9.3923,8.917
"5946","8/31/2025","10:20:30 PM",0,9.392,8.902
"5947","8/31/2025","10:35:30 PM",0,9.3926,8.883
"5948","8/31/2025","10:50:30 PM",0,9.3934,8.866
"5949","8/31/2025","11:05:30 PM",0,9.3948,8.848
"5950","8/31/2025","11:20:30 PM",0,9.3956,8.833
"5951","8/31/2025","11:35:30 PM",0,9.3956,8.817
"5952","8/31/2025","11:50:30 PM",0,9.3953,8.807
"5953","9/1/2025","12:05:30 AM",0,9.3964,8.798
"5954","9/1/2025","12:20:30 AM",0,9.3969,8.786
"5955","9/1/2025","12:35:30 AM",0,9.3974,8.777
"5956","9/1/2025","12:50:30 AM",0,9.398,8.766
"5957","9/1/2025","1:05:30 AM",0,9.3982,8.759
"5958","9/1/2025","1:20:30 AM",0,9.3983,8.751
"5959","9/1/2025","1:35:30 AM",0,9.3986,8.747
"5960","9/1/2025","1:50:30 AM",0,9.399,8.741
"5961","9/1/2025","2:05:30 AM",0,9.3984,8.735
"5962","9/1/2025","2:20:30 AM",0,9.3989,8.73
"5963","9/1/2025","2:35:30 AM",0,9.3987,8.722
"5964","9/1/2025","2:50:30 AM",0,9.399,8.719
"5965","9/1/2025","3:05:30 AM",0,9.3999,8.714
"5966","9/1/2025","3:20:30 AM",0,9.4,8.703
"5967","9/1/2025","3:35:30 AM",0,9.3997,8.7
"5968","9/1/2025","3:50:30 AM",0,9.3995,8.69
"5969","9/1/2025","4:05:30 AM",0,9.4008,8.687
"5970","9/1/2025","4:20:30 AM",0,9.4002,8.678
"5971","9/1/2025","4:35:30 AM",0,9.4003,8.674
"5972","9/1/2025","4:50:30 AM",0,9.3999,8.677
"5973","9/1/2025","5:05:30 AM",0,9.4008,8.685
"5974","9/1/2025","5:20:30 AM",0,9.4001,8.679
"5975","9/1/2025","5:35:30 AM",0,9.4008,8.672
"5976","9/1/2025","5:50:30 AM",0,9.4011,8.665
"5977","9/1/2025","6:05:30 AM",0,9.4013,8.656
"5978","9/1/2025","6:20:30 AM",0,9.4013,8.641
"5979","9/1/2025","6:35:30 AM",0,9.402,8.635
"5980","9/1/2025","6:50:30 AM",0,9.4024,8.634
"5981","9/1/2025","7:05:30 AM",0,9.4033,8.63
"5982","9/1/2025","7:20:30 AM",0,9.4044,8.63
"5983","9/1/2025","7:35:30 AM",0,9.4052,8.643
"5984","9/1/2025","7:50:30 AM",0,9.406,8.674
"5985","9/1/2025","8:05:30 AM",0,9.4066,8.714
"5986","9/1/2025","8:20:30 AM",0,9.4069,8.762
"5987","9/1/2025","8:35:30 AM",0,9.4077,8.82
"5988","9/1/2025","8:50:30 AM",0,9.4091,8.879
"5989","9/1/2025","9:05:30 AM",0,9.41,8.937
"5990","9/1/2025","9:20:30 AM",0,9.4109,9.002
"5991","9/1/2025","9:35:30 AM",0,9.4119,9.068
"5992","9/1/2025","9:50:30 AM",0,9.4136,9.143
"5993","9/1/2025","10:05:30 AM",0,9.415,9.227
"5994","9/1/2025","10:20:30 AM",0,9.4166,9.318
"5995","9/1/2025","10:35:30 AM",0,9.4179,9.419
"5996","9/1/2025","10:50:30 AM",0,9.4188,9.508
"5997","9/1/2025","11:05:30 AM",0,9.4186,9.591
"5998","9/1/2025","11:20:30 AM",0,9.4169,9.679
"5999","9/1/2025","11:35:30 AM",0,9.4171,9.763
"6000","9/1/2025","11:50:30 AM",0,9.4159,9.846
"6001","9/1/2025","12:05:30 PM",0,9.4155,9.912
"6002","9/1/2025","12:20:30 PM",0,9.4145,9.962
"6003","9/1/2025","12:35:30 PM",0,9.4135,10.046
"6004","9/1/2025","12:50:30 PM",0,9.4121,10.135
"6005","9/1/2025","1:05:30 PM",0,9.409,10.245
"6006","9/1/2025","1:20:30 PM",0,9.4094,10.271
"6007","9/1/2025","1:35:30 PM",0,9.4083,10.339
"6008","9/1/2025","1:50:30 PM",0,9.3999,10.422
"6009","9/1/2025","2:05:30 PM",0,9.4,10.475
"6010","9/1/2025","2:20:30 PM",0,9.4,10.49
"6011","9/1/2025","2:35:30 PM",0,9.3995,10.479
"6012","9/1/2025","2:50:30 PM",0,9.3968,10.44
"6013","9/1/2025","3:05:30 PM",0,9.3967,10.415
"6014","9/1/2025","3:20:30 PM",0,9.3951,10.371
"6015","9/1/2025","3:35:30 PM",0,9.3936,10.301
"6016","9/1/2025","3:50:30 PM",0,9.3928,10.291
"6017","9/1/2025","4:05:30 PM",0,9.3927,10.259
"6018","9/1/2025","4:20:30 PM",0,9.3915,10.222
"6019","9/1/2025","4:35:30 PM",0,9.3892,10.144
"6020","9/1/2025","4:50:30 PM",0,9.3875,10.059
"6021","9/1/2025","5:05:30 PM",0,9.3861,9.991
"6022","9/1/2025","5:20:30 PM",0,9.3846,9.914
"6023","9/1/2025","5:35:30 PM",0,9.3838,9.862
"6024","9/1/2025","5:50:30 PM",0,9.3824,9.779
"6025","9/1/2025","6:05:30 PM",0,9.381,9.713
"6026","9/1/2025","6:20:30 PM",0,9.3804,9.662
"6027","9/1/2025","6:35:30 PM",0,9.3795,9.57
"6028","9/1/2025","6:50:30 PM",0,9.3788,9.506
"6029","9/1/2025","7:05:30 PM",0,9.378,9.466
"6030","9/1/2025","7:20:30 PM",0,9.378,9.382
"6031","9/1/2025","7:35:30 PM",0,9.3775,9.332
"6032","9/1/2025","7:50:30 PM",0,9.3784,9.304
"6033","9/1/2025","8:05:30 PM",0,9.38,9.277
"6034","9/1/2025","8:20:30 PM",0,9.3818,9.271
"6035","9/1/2025","8:35:30 PM",0,9.3843,9.183
"6036","9/1/2025","8:50:30 PM",0,9.3862,9.116
"6037","9/1/2025","9:05:30 PM",0,9.3883,9.06
"6038","9/1/2025","9:20:30 PM",0,9.391,9.032
"6039","9/1/2025","9:35:30 PM",0,9.3927,9.022
"6040","9/1/2025","9:50:30 PM",0,9.3944,9.007
"6041","9/1/2025","10:05:30 PM",0,9.3945,8.996
"6042","9/1/2025","10:20:30 PM",0,9.3949,8.992
"6043","9/1/2025","10:35:30 PM",0,9.3952,8.985
"6044","9/1/2025","10:50:30 PM",0,9.3941,8.955
"6045","9/1/2025","11:05:30 PM",0,9.3937,8.934
"6046","9/1/2025","11:20:30 PM",0,9.3943,8.914
"6047","9/1/2025","11:35:30 PM",0,9.3941,8.897
"6048","9/1/2025","11:50:30 PM",0,9.3948,8.891
"6049","9/2/2025","12:05:30 AM",0,9.3957,8.883
"6050","9/2/2025","12:20:30 AM",0,9.3958,8.873
"6051","9/2/2025","12:35:30 AM",0,9.3959,8.861
"6052","9/2/2025","12:50:30 AM",0,9.3965,8.852
"6053","9/2/2025","1:05:30 AM",0,9.3974,8.847
"6054","9/2/2025","1:20:30 AM",0,9.3983,8.84
"6055","9/2/2025","1:35:30 AM",0,9.3979,8.835
"6056","9/2/2025","1:50:30 AM",0,9.3987,8.828
"6057","9/2/2025","2:05:30 AM",0,9.3986,8.817
"6058","9/2/2025","2:20:30 AM",0,9.3985,8.809
"6059","9/2/2025","2:35:30 AM",0,9.3981,8.804
"6060","9/2/2025","2:50:30 AM",0,9.3992,8.799
"6061","9/2/2025","3:05:30 AM",0,9.3993,8.793
"6062","9/2/2025","3:20:30 AM",0,9.3999,8.783
"6063","9/2/2025","3:35:30 AM",0,9.3995,8.776
"6064","9/2/2025","3:50:30 AM",0,9.4006,8.766
"6065","9/2/2025","4:05:30 AM",0,9.4006,8.762
"6066","9/2/2025","4:20:30 AM",0,9.4017,8.752
"6067","9/2/2025","4:35:30 AM",0,9.4019,8.746
"6068","9/2/2025","4:50:30 AM",0,9.402,8.741
"6069","9/2/2025","5:05:30 AM",0,9.4022,8.739
"6070","9/2/2025","5:20:30 AM",0,9.4018,8.732
"6071","9/2/2025","5:35:30 AM",0,9.4027,8.73
"6072","9/2/2025","5:50:30 AM",0,9.4028,8.729
"6073","9/2/2025","6:05:30 AM",0,9.4033,8.721
"6074","9/2/2025","6:20:30 AM",0,9.4039,8.719
"6075","9/2/2025","6:35:30 AM",0,9.4058,8.713
"6076","9/2/2025","6:50:30 AM",0,9.4068,8.713
"6077","9/2/2025","7:05:30 AM",0,9.4073,8.713
"6078","9/2/2025","7:20:30 AM",0,9.4083,8.713
"6079","9/2/2025","7:35:30 AM",0,9.4092,8.721
"6080","9/2/2025","7:50:30 AM",0,9.4102,8.75
"6081","9/2/2025","8:05:30 AM",0,9.411,8.781
"6082","9/2/2025","8:20:30 AM",0,9.4122,8.823
"6083","9/2/2025","8:35:30 AM",0,9.4141,8.878
"6084","9/2/2025","8:50:30 AM",0,9.4159,8.917
"6085","9/2/2025","9:05:30 AM",0,9.4168,8.955
"6086","9/2/2025","9:20:30 AM",0,9.4177,9.023
"6087","9/2/2025","9:35:30 AM",0,9.4197,9.09
"6088","9/2/2025","9:50:30 AM",0,9.4215,9.168
"6089","9/2/2025","10:05:30 AM",0,9.423,9.229
"6090","9/2/2025","10:20:30 AM",0,9.425,9.326
"6091","9/2/2025","10:35:30 AM",0,9.428,9.486
"6092","9/2/2025","10:50:30 AM",0,9.4295,9.601
"6093","9/2/2025","11:05:30 AM",0,9.4307,9.616
"6094","9/2/2025","11:20:30 AM",0,9.4309,9.662
"6095","9/2/2025","11:35:30 AM",0,9.4301,9.565
"6096","9/2/2025","11:50:30 AM",0,9.4281,9.485
"6097","9/2/2025","12:05:30 PM",0,9.4265,9.436
"6098","9/2/2025","12:20:30 PM",0,9.4262,9.435
"6099","9/2/2025","12:35:30 PM",0,9.4259,9.455
"6100","9/2/2025","12:50:30 PM",0,9.4255,9.463
"6101","9/2/2025","1:05:30 PM",0,9.4245,9.481
"6102","9/2/2025","1:20:30 PM",0,9.4229,9.513
"6103","9/2/2025","1:35:30 PM",0,9.4227,9.612
"6104","9/2/2025","1:50:30 PM",0,9.422,9.79
"6105","9/2/2025","2:05:30 PM",0,9.423,9.92
"6106","9/2/2025","2:20:30 PM",0,9.426,9.872
"6107","9/2/2025","2:35:30 PM",0,9.4266,9.814
"6108","9/2/2025","2:50:30 PM",0,9.4242,9.718
"6109","9/2/2025","3:05:30 PM",0,9.4193,9.615
"6110","9/2/2025","3:20:30 PM",0,9.4143,9.508
"6111","9/2/2025","3:35:30 PM",0,9.4116,9.495
"6112","9/2/2025","3:50:30 PM",0,9.4111,9.614
"6113","9/2/2025","4:05:30 PM",0,9.4112,9.719
"6114","9/2/2025","4:20:30 PM",0,9.4114,9.76
"6115","9/2/2025","4:35:30 PM",0,9.4103,9.763
"6116","9/2/2025","4:50:30 PM",0,9.409,9.724
"6117","9/2/2025","5:05:30 PM",0,9.4101,9.687
"6118","9/2/2025","5:20:30 PM",0,9.4093,9.615
"6119","9/2/2025","5:35:30 PM",0,9.4081,9.573
"6120","9/2/2025","5:50:30 PM",0,9.407,9.509
"6121","9/2/2025","6:05:30 PM",0,9.4071,9.45
"6122","9/2/2025","6:20:30 PM",0,9.4078,9.37
"6123","9/2/2025","6:35:30 PM",0,9.4069,9.306
"6124","9/2/2025","6:50:30 PM",0,9.406,9.255
"6125","9/2/2025","7:05:30 PM",0,9.4051,9.212
"6126","9/2/2025","7:20:30 PM",0,9.4051,9.181
"6127","9/2/2025","7:35:30 PM",0,9.4057,9.153
"6128","9/2/2025","7:50:30 PM",0,9.4064,9.14
"6129","9/2/2025","8:05:30 PM",0,9.4065,9.13
"6130","9/2/2025","8:20:30 PM",0,9.407,9.118
"6131","9/2/2025","8:35:30 PM",0,9.4078,9.114
"6132","9/2/2025","8:50:30 PM",0,9.4086,9.104
"6133","9/2/2025","9:05:30 PM",0,9.4095,9.087
"6134","9/2/2025","9:20:30 PM",0,9.4113,9.076
"6135","9/2/2025","9:35:30 PM",0,9.4111,9.064
"6136","9/2/2025","9:50:30 PM",0,9.4093,9.058
"6137","9/2/2025","10:05:30 PM",0,9.409,9.039
"6138","9/2/2025","10:20:30 PM",0,9.4088,9.018
"6139","9/2/2025","10:35:30 PM",0,9.4089,9.003
"6140","9/2/2025","10:50:30 PM",0,9.409,8.985
"6141","9/2/2025","11:05:30 PM",0,9.4096,8.974
"6142","9/2/2025","11:20:30 PM",0,9.4095,8.971
"6143","9/2/2025","11:35:30 PM",0,9.41,8.968
"6144","9/2/2025","11:50:30 PM",0,9.4131,8.976
"6145","9/3/2025","12:05:30 AM",0,9.4159,8.987
"6146","9/3/2025","12:20:30 AM",0,9.4146,8.999
"6147","9/3/2025","12:35:30 AM",0,9.4171,9.024
"6148","9/3/2025","12:50:30 AM",0,9.4198,9.041
"6149","9/3/2025","1:05:30 AM",0,9.424,9.093
"6150","9/3/2025","1:20:30 AM",0,9.425,9.176
"6151","9/3/2025","1:35:30 AM",0,9.4262,9.277
"6152","9/3/2025","1:50:30 AM",0,9.4281,9.248
"6153","9/3/2025","2:05:30 AM",0,9.4301,9.265
"6154","9/3/2025","2:20:30 AM",0,9.4329,9.256
"6155","9/3/2025","2:35:30 AM",0,9.4297,9.18
"6156","9/3/2025","2:50:30 AM",0,9.4305,9.161
"6157","9/3/2025","3:05:30 AM",0,9.4296,9.144
"6158","9/3/2025","3:20:30 AM",0,9.4258,9.107
"6159","9/3/2025","3:35:30 AM",0,9.4249,9.072
"6160","9/3/2025","3:50:30 AM",0,9.4236,9.045
"6161","9/3/2025","4:05:30 AM",0,9.4219,9.022
"6162","9/3/2025","4:20:30 AM",0,9.4214,8.987
"6163","9/3/2025","4:35:30 AM",0,9.4227,8.975
"6164","9/3/2025","4:50:30 AM",0,9.4235,8.95
"6165","9/3/2025","5:05:30 AM",0,9.4249,8.936
"6166","9/3/2025","5:20:30 AM",0,9.4246,8.918
"6167","9/3/2025","5:35:30 AM",0,9.424,8.905
"6168","9/3/2025","5:50:30 AM",0,9.4236,8.902
"6169","9/3/2025","6:05:30 AM",0,9.4219,8.894
"6170","9/3/2025","6:20:30 AM",0,9.4218,8.9
"6171","9/3/2025","6:35:30 AM",0,9.4207,8.892
"6172","9/3/2025","6:50:30 AM",0,9.4222,8.886
"6173","9/3/2025","7:05:30 AM",0,9.4221,8.881
"6174","9/3/2025","7:20:30 AM",0,9.4225,8.882
"6175","9/3/2025","7:35:30 AM",0,9.424,8.891
"6176","9/3/2025","7:50:30 AM",0,9.4245,8.907
"6177","9/3/2025","8:05:30 AM",0,9.426,8.937
"6178","9/3/2025","8:20:30 AM",0,9.4245,8.966
"6179","9/3/2025","8:35:30 AM",0,9.4252,8.969
"6180","9/3/2025","8:50:30 AM",0,9.4261,8.979
"6181","9/3/2025","9:05:30 AM",0,9.4269,8.987
"6182","9/3/2025","9:20:30 AM",0,9.4269,9.003
"6183","9/3/2025","9:35:30 AM",0,9.4286,9.071
"6184","9/3/2025","9:50:30 AM",0,9.4307,9.168
"6185","9/3/2025","10:05:30 AM",0,9.4327,9.274
"6186","9/3/2025","10:20:30 AM",0,9.4336,9.383
"6187","9/3/2025","10:35:30 AM",0,9.4344,9.468
"6188","9/3/2025","10:50:30 AM",0,9.4367,9.575
"6189","9/3/2025","11:05:30 AM",0,9.4374,9.663
"6190","9/3/2025","11:20:30 AM",0,9.4375,9.744
"6191","9/3/2025","11:35:30 AM",0,9.4379,9.832
"6192","9/3/2025","11:50:30 AM",0,9.4371,9.906
"6193","9/3/2025","12:05:30 PM",0,9.4368,9.985
"6194","9/3/2025","12:20:30 PM",0,9.4348,10.037
"6195","9/3/2025","12:35:30 PM",0,9.433,10.104
"6196","9/3/2025","12:50:30 PM",0,9.4306,10.156
"6197","9/3/2025","1:05:30 PM",0,9.4293,10.204
"6198","9/3/2025","1:20:30 PM",0,9.4267,10.214
"6199","9/3/2025","1:35:30 PM",0,9.4255,10.238
"6200","9/3/2025","1:50:30 PM",0,9.4252,10.288
"6201","9/3/2025","2:05:30 PM",0,9.4225,10.287
"6202","9/3/2025","2:20:30 PM",0,9.42,10.278
"6203","9/3/2025","2:35:30 PM",0,9.4184,10.28
"6204","9/3/2025","2:50:30 PM",0,9.4154,10.259
"6205","9/3/2025","3:05:30 PM",0,9.413,10.233
"6206","9/3/2025","3:20:30 PM",0,9.4119,10.203
"6207","9/3/2025","3:35:30 PM",0,9.4097,10.174
"6208","9/3/2025","3:50:30 PM",0,9.408,10.18
"6209","9/3/2025","4:05:30 PM",0,9.4074,10.109
"6210","9/3/2025","4:20:30 PM",0,9.3972,10.1
"6211","9/3/2025","4:35:30 PM",0,9.3965,10.071
"6212","9/3/2025","4:50:30 PM",0,9.3949,10.011
"6213","9/3/2025","5:05:30 PM",0,9.3922,9.915
"6214","9/3/2025","5:20:30 PM",0,9.3896,9.81
"6215","9/3/2025","5:35:30 PM",0,9.3885,9.75
"6216","9/3/2025","5:50:30 PM",0,9.3874,9.689
"6217","9/3/2025","6:05:30 PM",0,9.3865,9.636
"6218","9/3/2025","6:20:30 PM",0,9.3858,9.584
"6219","9/3/2025","6:35:30 PM",0,9.386,9.526
"6220","9/3/2025","6:50:30 PM",0,9.3856,9.501
"6221","9/3/2025","7:05:30 PM",0,9.3848,9.468
"6222","9/3/2025","7:20:30 PM",0,9.3848,9.413
"6223","9/3/2025","7:35:30 PM",0,9.3831,9.357
"6224","9/3/2025","7:50:30 PM",0,9.3829,9.297
"6225","9/3/2025","8:05:30 PM",0,9.3833,9.256
"6226","9/3/2025","8:20:30 PM",0,9.384,9.26
"6227","9/3/2025","8:35:30 PM",0,9.3845,9.231
"6228","9/3/2025","8:50:30 PM",0,9.3851,9.2
"6229","9/3/2025","9:05:30 PM",0,9.3859,9.159
"6230","9/3/2025","9:20:30 PM",0,9.3872,9.148
"6231","9/3/2025","9:35:30 PM",0,9.3875,9.149
"6232","9/3/2025","9:50:30 PM",0,9.3878,9.139
"6233","9/3/2025","10:05:30 PM",0,9.3878,9.116
"6234","9/3/2025","10:20:30 PM",0,9.3889,9.09
"6235","9/3/2025","10:35:30 PM",0,9.3885,9.081
"6236","9/3/2025","10:50:30 PM",0,9.3889,9.071
"6237","9/3/2025","11:05:30 PM",0,9.3901,9.072
"6238","9/3/2025","11:20:30 PM",0,9.3903,9.048
"6239","9/3/2025","11:35:30 PM",0,9.3904,9.028
"6240","9/3/2025","11:50:30 PM",0,9.3906,9.015
"6241","9/4/2025","12:05:30 AM",0,9.3904,8.997
"6242","9/4/2025","12:20:30 AM",0,9.3908,8.98
"6243","9/4/2025","12:35:30 AM",0,9.3909,8.966
"6244","9/4/2025","12:50:30 AM",0,9.3911,8.952
"6245","9/4/2025","1:05:30 AM",0,9.3917,8.938
"6246","9/4/2025","1:20:30 AM",0,9.3927,8.927
"6247","9/4/2025","1:35:30 AM",0,9.393,8.917
"6248","9/4/2025","1:50:30 AM",0,9.3924,8.908
"6249","9/4/2025","2:05:30 AM",0,9.3924,8.904
"6250","9/4/2025","2:20:30 AM",0,9.3917,8.901
"6251","9/4/2025","2:35:30 AM",0,9.3919,8.896
"6252","9/4/2025","2:50:30 AM",0,9.3921,8.893
"6253","9/4/2025","3:05:30 AM",0,9.3915,8.884
"6254","9/4/2025","3:20:30 AM",0,9.3921,8.88
"6255","9/4/2025","3:35:30 AM",0,9.3929,8.874
"6256","9/4/2025","3:50:30 AM",0,9.3918,8.869
"6257","9/4/2025","4:05:30 AM",0,9.3915,8.865
"6258","9/4/2025","4:20:30 AM",0,9.3907,8.86
"6259","9/4/2025","4:35:30 AM",0,9.3904,8.857
"6260","9/4/2025","4:50:30 AM",0,9.3905,8.86
"6261","9/4/2025","5:05:30 AM",0,9.3904,8.857
"6262","9/4/2025","5:20:30 AM",0,9.3893,8.852
"6263","9/4/2025","5:35:30 AM",0,9.3892,8.848
"6264","9/4/2025","5:50:30 AM",0,9.3886,8.842
"6265","9/4/2025","6:05:30 AM",0,9.3886,8.834
"6266","9/4/2025","6:20:30 AM",0,9.3893,8.825
"6267","9/4/2025","6:35:30 AM",0,9.3903,8.829
"6268","9/4/2025","6:50:30 AM",0,9.3916,8.831
"6269","9/4/2025","7:05:30 AM",0,9.3917,8.826
"6270","9/4/2025","7:20:30 AM",0,9.3924,8.825
"6271","9/4/2025","7:35:30 AM",0,9.3918,8.831
"6272","9/4/2025","7:50:30 AM",0,9.3931,8.848
"6273","9/4/2025","8:05:30 AM",0,9.3925,8.873
"6274","9/4/2025","8:20:30 AM",0,9.3933,8.908
"6275","9/4/2025","8:35:30 AM",0,9.3938,8.95
"6276","9/4/2025","8:50:30 AM",0,9.3942,8.995
"6277","9/4/2025","9:05:30 AM",0,9.3954,9.051
"6278","9/4/2025","9:20:30 AM",0,9.3948,9.104
"6279","9/4/2025","9:35:30 AM",0,9.3972,9.18
"6280","9/4/2025","9:50:30 AM",0,9.3978,9.249
"6281","9/4/2025","10:05:30 AM",0,9.3984,9.315
"6282","9/4/2025","10:20:30 AM",0,9.3989,9.389
"6283","9/4/2025","10:35:30 AM",0,9.4003,9.477
"6284","9/4/2025","10:50:30 AM",0,9.4001,9.564
"6285","9/4/2025","11:05:30 AM",0,9.4007,9.646
"6286","9/4/2025","11:20:30 AM",0,9.4015,9.757
"6287","9/4/2025","11:35:30 AM",0,9.4002,9.862
"6288","9/4/2025","11:50:30 AM",0,9.3988,9.935
"6289","9/4/2025","12:05:30 PM",0,9.3968,9.981
"6290","9/4/2025","12:20:30 PM",0,9.3947,10.027
"6291","9/4/2025","12:35:30 PM",0,9.3928,10.036
"6292","9/4/2025","12:50:30 PM",0,9.3902,10.082
"6293","9/4/2025","1:05:30 PM",0,9.3892,10.068
"6294","9/4/2025","1:20:30 PM",0,9.3849,10.06
"6295","9/4/2025","1:35:30 PM",0,9.3832,10.134
"6296","9/4/2025","1:50:30 PM",0,9.3831,10.154
"6297","9/4/2025","2:05:30 PM",0,9.3807,10.182
"6298","9/4/2025","2:20:30 PM",0,9.3751,10.219
"6299","9/4/2025","2:35:30 PM",0,9.373,10.215
"6300","9/4/2025","2:50:30 PM",0,9.3717,10.131
"6301","9/4/2025","3:05:30 PM",0,9.369,9.998
"6302","9/4/2025","3:20:30 PM",0,9.3675,9.957
"6303","9/4/2025","3:35:30 PM",0,9.3597,10.031
"6304","9/4/2025","3:50:30 PM",0,9.359,10.099
"6305","9/4/2025","4:05:30 PM",0,9.3573,10.031
"6306","9/4/2025","4:20:30 PM",0,9.355,9.888
"6307","9/4/2025","4:35:30 PM",0,9.354,9.826
"6308","9/4/2025","4:50:30 PM",0,9.3554,9.826
"6309","9/4/2025","5:05:30 PM",0,9.3544,9.8
"6310","9/4/2025","5:20:30 PM",0,9.3529,9.734
"6311","9/4/2025","5:35:30 PM",0,9.3523,9.633
"6312","9/4/2025","5:50:30 PM",0,9.3524,9.604
"6313","9/4/2025","6:05:30 PM",0,9.3518,9.604
"6314","9/4/2025","6:20:30 PM",0,9.3526,9.617
"6315","9/4/2025","6:35:30 PM",0,9.3539,9.6
"6316","9/4/2025","6:50:30 PM",0,9.3528,9.558
"6317","9/4/2025","7:05:30 PM",0,9.352,9.512
"6318","9/4/2025","7:20:30 PM",0,9.3511,9.468
"6319","9/4/2025","7:35:30 PM",0,9.3517,9.453
"6320","9/4/2025","7:50:30 PM",0,9.3518,9.412
"6321","9/4/2025","8:05:30 PM",0,9.3523,9.372
"6322","9/4/2025","8:20:30 PM",0,9.3535,9.345
"6323","9/4/2025","8:35:30 PM",0,9.3533,9.314
"6324","9/4/2025","8:50:30 PM",0,9.3532,9.304
"6325","9/4/2025","9:05:30 PM",0,9.354,9.302
"6326","9/4/2025","9:20:30 PM",0,9.3539,9.254
"6327","9/4/2025","9:35:30 PM",0,9.354,9.211
"6328","9/4/2025","9:50:30 PM",0,9.3525,9.139
"6329","9/4/2025","10:05:30 PM",0,9.3527,9.084
"6330","9/4/2025","10:20:30 PM",0,9.3518,9.053
"6331","9/4/2025","10:35:30 PM",0,9.3517,9.038
"6332","9/4/2025","10:50:30 PM",0,9.3522,9.018
"6333","9/4/2025","11:05:30 PM",0,9.3519,8.998
"6334","9/4/2025","11:20:30 PM",0,9.3521,8.976
"6335","9/4/2025","11:35:30 PM",0,9.353,8.963
"6336","9/4/2025","11:50:30 PM",0,9.3528,8.94
"6337","9/5/2025","12:05:30 AM",0,9.3526,8.925
"6338","9/5/2025","12:20:30 AM",0,9.352,8.914
"6339","9/5/2025","12:35:30 AM",0,9.3517,8.905
"6340","9/5/2025","12:50:30 AM",0,9.351,8.899
"6341","9/5/2025","1:05:30 AM",0,9.3506,8.889
"6342","9/5/2025","1:20:30 AM",0,9.3494,8.884
"6343","9/5/2025","1:35:30 AM",0,9.3494,8.889
"6344","9/5/2025","1:50:30 AM",0,9.3502,8.892
"6345","9/5/2025","2:05:30 AM",0,9.3503,8.885
"6346","9/5/2025","2:20:30 AM",0,9.3499,8.879
"6347","9/5/2025","2:35:30 AM",0,9.35,8.865
"6348","9/5/2025","2:50:30 AM",0,9.3499,8.856
"6349","9/5/2025","3:05:30 AM",0,9.3488,8.846
"6350","9/5/2025","3:20:30 AM",0,9.3486,8.843
"6351","9/5/2025","3:35:30 AM",0,9.3492,8.846
"6352","9/5/2025","3:50:30 AM",0,9.3489,8.847
"6353","9/5/2025","4:05:30 AM",0,9.349,8.843
"6354","9/5/2025","4:20:30 AM",0,9.348,8.829
"6355","9/5/2025","4:35:30 AM",0,9.3471,8.822
"6356","9/5/2025","4:50:30 AM",0,9.3463,8.813
"6357","9/5/2025","5:05:30 AM",0,9.3465,8.818
"6358","9/5/2025","5:20:30 AM",0,9.3464,8.814
"6359","9/5/2025","5:35:30 AM",0,9.3463,8.803
"6360","9/5/2025","5:50:30 AM",0,9.3459,8.794
"6361","9/5/2025","6:05:30 AM",0,9.3459,8.788
"6362","9/5/2025","6:20:30 AM",0,9.3464,8.778
"6363","9/5/2025","6:35:30 AM",0,9.3476,8.77
"6364","9/5/2025","6:50:30 AM",0,9.3478,8.758
"6365","9/5/2025","7:05:30 AM",0,9.3479,8.752
"6366","9/5/2025","7:20:30 AM",0,9.3489,8.751
"6367","9/5/2025","7:35:30 AM",0,9.3498,8.757
"6368","9/5/2025","7:50:30 AM",0,9.3501,8.778
"6369","9/5/2025","8:05:30 AM",0,9.3509,8.806
"6370","9/5/2025","8:20:30 AM",0,9.3521,8.841
"6371","9/5/2025","8:35:30 AM",0,9.3536,8.888
"6372","9/5/2025","8:50:30 AM",0,9.3549,8.953
"6373","9/5/2025","9:05:30 AM",0,9.3547,9.011
"6374","9/5/2025","9:20:30 AM",0,9.3551,9.058
"6375","9/5/2025","9:35:30 AM",0,9.356,9.109
"6376","9/5/2025","9:50:30 AM",0,9.3576,9.192
"6377","9/5/2025","10:05:30 AM",0,9.3594,9.287
"6378","9/5/2025","10:20:30 AM",0,9.3611,9.364
"6379","9/5/2025","10:35:30 AM",0,9.3628,9.449
"6380","9/5/2025","10:50:30 AM",0,9.3635,9.518
"6381","9/5/2025","11:05:30 AM",0,9.3642,9.591
"6382","9/5/2025","11:20:30 AM",0,9.3649,9.665
"6383","9/5/2025","11:35:30 AM",0,9.3665,9.769
"6384","9/5/2025","11:50:30 AM",0,9.3674,9.871
"6385","9/5/2025","12:05:30 PM",0,9.3681,9.963
"6386","9/5/2025","12:20:30 PM",0,9.3677,9.997
"6387","9/5/2025","12:35:30 PM",0,9.3665,10.072
"6388","9/5/2025","12:50:30 PM",0,9.3655,10.129
"6389","9/5/2025","1:05:30 PM",0,9.3645,10.179
"6390","9/5/2025","1:20:30 PM",0,9.363,10.196
"6391","9/5/2025","1:35:30 PM",0,9.3612,10.25
"6392","9/5/2025","1:50:30 PM",0,9.3605,10.289
"6393","9/5/2025","2:05:30 PM",0,9.3592,10.313
"6394","9/5/2025","2:20:30 PM",0,9.359,10.335
"6395","9/5/2025","2:35:30 PM",0,9.3563,10.328
"6396","9/5/2025","2:50:30 PM",0,9.3561,10.302
"6397","9/5/2025","3:05:30 PM",0,9.3546,10.256
"6398","9/5/2025","3:20:30 PM",0,9.3517,10.19
"6399","9/5/2025","3:35:30 PM",0,9.3501,10.145
"6400","9/5/2025","3:50:30 PM",0,9.3488,10.11
"6401","9/5/2025","4:05:30 PM",0,9.3483,10.068
"6402","9/5/2025","4:20:30 PM",0,9.3472,10.035
"6403","9/5/2025","4:35:30 PM",0,9.3466,9.981
"6404","9/5/2025","4:50:30 PM",0,9.3458,9.893
"6405","9/5/2025","5:05:30 PM",0,9.3448,9.819
"6406","9/5/2025","5:20:30 PM",0,9.3443,9.717
"6407","9/5/2025","5:35:30 PM",0,9.3422,9.629
"6408","9/5/2025","5:50:30 PM",0,9.3414,9.555
"6409","9/5/2025","6:05:30 PM",0,9.3406,9.514
"6410","9/5/2025","6:20:30 PM",0,9.34,9.451
"6411","9/5/2025","6:35:30 PM",0,9.3395,9.374
"6412","9/5/2025","6:50:30 PM",0,9.3392,9.313
"6413","9/5/2025","7:05:30 PM",0,9.3387,9.245
"6414","9/5/2025","7:20:30 PM",0,9.3389,9.179
"6415","9/5/2025","7:35:30 PM",0,9.3388,9.124
"6416","9/5/2025","7:50:30 PM",0,9.3391,9.079
"6417","9/5/2025","8:05:30 PM",0,9.3394,9.045
"6418","9/5/2025","8:20:30 PM",0,9.3409,9.018
"6419","9/5/2025","8:35:30 PM",0,9.3419,8.997
"6420","9/5/2025","8:50:30 PM",0,9.3437,9.016
"6421","9/5/2025","9:05:30 PM",0,9.3443,9.006
"6422","9/5/2025","9:20:30 PM",0,9.3452,8.994
"6423","9/5/2025","9:35:30 PM",0,9.3463,9.005
"6424","9/5/2025","9:50:30 PM",0,9.3473,9.017
"6425","9/5/2025","10:05:30 PM",0,9.3466,9.023
"6426","9/5/2025","10:20:30 PM",0,9.3479,9.025
"6427","9/5/2025","10:35:30 PM",0,9.3481,9.02
"6428","9/5/2025","10:50:30 PM",0,9.3494,8.997
"6429","9/5/2025","11:05:30 PM",0,9.3488,8.974
"6430","9/5/2025","11:20:30 PM",0,9.3494,8.953
"6431","9/5/2025","11:35:30 PM",0,9.3504,8.933
"6432","9/5/2025","11:50:30 PM",0,9.351,8.915
"6433","9/6/2025","12:05:30 AM",0,9.3511,8.9
"6434","9/6/2025","12:20:30 AM",0,9.3506,8.885
"6435","9/6/2025","12:35:30 AM",0,9.3501,8.873
"6436","9/6/2025","12:50:30 AM",0,9.3505,8.86
"6437","9/6/2025","1:05:30 AM",0,9.3518,8.849
"6438","9/6/2025","1:20:30 AM",0,9.3529,8.84
"6439","9/6/2025","1:35:30 AM",0,9.3535,8.827
"6440","9/6/2025","1:50:30 AM",0,9.3534,8.825
"6441","9/6/2025","2:05:30 AM",0,9.3531,8.825
"6442","9/6/2025","2:20:30 AM",0,9.3526,8.828
"6443","9/6/2025","2:35:30 AM",0,9.3519,8.834
"6444","9/6/2025","2:50:30 AM",0,9.3523,8.847
"6445","9/6/2025","3:05:30 AM",0,9.3543,8.859
"6446","9/6/2025","3:20:30 AM",0,9.3537,8.869
"6447","9/6/2025","3:35:30 AM",0,9.3537,8.871
"6448","9/6/2025","3:50:30 AM",0,9.3531,8.861
"6449","9/6/2025","4:05:30 AM",0,9.3529,8.846
"6450","9/6/2025","4:20:30 AM",0,9.3537,8.831
"6451","9/6/2025","4:35:30 AM",0,9.3536,8.817
"6452","9/6/2025","4:50:30 AM",0,9.3525,8.809
"6453","9/6/2025","5:05:30 AM",0,9.3522,8.802
"6454","9/6/2025","5:20:30 AM",0,9.3531,8.799
"6455","9/6/2025","5:35:30 AM",0,9.3543,8.801
"6456","9/6/2025","5:50:30 AM",0,9.355,8.8
"6457","9/6/2025","6:05:30 AM",0,9.3552,8.793
"6458","9/6/2025","6:20:30 AM",0,9.3564,8.784
"6459","9/6/2025","6:35:30 AM",0,9.3578,8.776
"6460","9/6/2025","6:50:30 AM",0,9.3604,8.766
"6461","9/6/2025","7:05:30 AM",0,9.3649,8.761
"6462","9/6/2025","7:20:30 AM",0,9.3713,8.759
"6463","9/6/2025","7:35:30 AM",0,9.3719,8.76
"6464","9/6/2025","7:50:30 AM",0,9.3732,8.77
"6465","9/6/2025","8:05:30 AM",0,9.3738,8.797
"6466","9/6/2025","8:20:30 AM",0,9.3745,8.83
"6467","9/6/2025","8:35:30 AM",0,9.3757,8.872
"6468","9/6/2025","8:50:30 AM",0,9.3767,8.924
"6469","9/6/2025","9:05:30 AM",0,9.3779,8.981
"6470","9/6/2025","9:20:30 AM",0,9.3796,9.045
"6471","9/6/2025","9:35:30 AM",0,9.3809,9.111
"6472","9/6/2025","9:50:30 AM",0,9.3832,9.183
"6473","9/6/2025","10:05:30 AM",0,9.3844,9.262
"6474","9/6/2025","10:20:30 AM",0,9.3863,9.339
"6475","9/6/2025","10:35:30 AM",0,9.3871,9.422
"6476","9/6/2025","10:50:30 AM",0,9.388,9.507
"6477","9/6/2025","11:05:30 AM",0,9.3892,9.597
"6478","9/6/2025","11:20:30 AM",0,9.3906,9.68
"6479","9/6/2025","11:35:30 AM",0,9.3917,9.769
"6480","9/6/2025","11:50:30 AM",0,9.3916,9.858
"6481","9/6/2025","12:05:30 PM",0,9.3914,9.934
"6482","9/6/2025","12:20:30 PM",0,9.3895,9.963
"6483","9/6/2025","12:35:30 PM",0,9.3903,10.033
"6484","9/6/2025","12:50:30 PM",0,9.3893,10.077
"6485","9/6/2025","1:05:30 PM",0,9.3888,10.12
"6486","9/6/2025","1:20:30 PM",0,9.3872,10.182
"6487","9/6/2025","1:35:30 PM",0,9.3876,10.256
"6488","9/6/2025","1:50:30 PM",0,9.3864,10.31
"6489","9/6/2025","2:05:30 PM",0,9.385,10.356
"6490","9/6/2025","2:20:30 PM",0,9.3846,10.331
"6491","9/6/2025","2:35:30 PM",0,9.3831,10.326
"6492","9/6/2025","2:50:30 PM",0,9.3816,10.322
"6493","9/6/2025","3:05:30 PM",0,9.3818,10.279
"6494","9/6/2025","3:20:30 PM",0,9.3808,10.241
"6495","9/6/2025","3:35:30 PM",0,9.3806,10.189
"6496","9/6/2025","3:50:30 PM",0,9.3801,10.154
"6497","9/6/2025","4:05:30 PM",0,9.3787,10.133
"6498","9/6/2025","4:20:30 PM",0,9.3784,10.108
"6499","9/6/2025","4:35:30 PM",0,9.3782,10.063
"6500","9/6/2025","4:50:30 PM",0,9.378,10.003
"6501","9/6/2025","5:05:30 PM",0,9.3778,9.935
"6502","9/6/2025","5:20:30 PM",0,9.3775,9.856
"6503","9/6/2025","5:35:30 PM",0,9.3776,9.774
"6504","9/6/2025","5:50:30 PM",0,9.377,9.695
"6505","9/6/2025","6:05:30 PM",0,9.3781,9.613
"6506","9/6/2025","6:20:30 PM",0,9.3792,9.522
"6507","9/6/2025","6:35:30 PM",0,9.3797,9.394
"6508","9/6/2025","6:50:30 PM",0,9.3793,9.264
"6509","9/6/2025","7:05:30 PM",0,9.3799,9.169
"6510","9/6/2025","7:20:30 PM",0,9.3805,9.095
"6511","9/6/2025","7:35:30 PM",0,9.3808,9.044
"6512","9/6/2025","7:50:30 PM",0,9.3798,9.006
"6513","9/6/2025","8:05:30 PM",0,9.381,8.983
"6514","9/6/2025","8:20:30 PM",0,9.3837,8.965
"6515","9/6/2025","8:35:30 PM",0,9.3865,8.946
"6516","9/6/2025","8:50:30 PM",0,9.3892,8.931
"6517","9/6/2025","9:05:30 PM",0,9.3921,8.917
"6518","9/6/2025","9:20:30 PM",0,9.3934,8.905
"6519","9/6/2025","9:35:30 PM",0,9.3944,8.898
"6520","9/6/2025","9:50:30 PM",0,9.3942,8.892
"6521","9/6/2025","10:05:30 PM",0,9.3947,8.882
"6522","9/6/2025","10:20:30 PM",0,9.3955,8.872
"6523","9/6/2025","10:35:30 PM",0,9.3969,8.863
"6524","9/6/2025","10:50:30 PM",0,9.3979,8.855
"6525","9/6/2025","11:05:30 PM",0,9.3988,8.848
"6526","9/6/2025","11:20:30 PM",0,9.4,8.837
"6527","9/6/2025","11:35:30 PM",0,9.4011,8.832
"6528","9/6/2025","11:50:30 PM",0,9.401,8.823
"6529","9/7/2025","12:05:30 AM",0,9.4013,8.818
"6530","9/7/2025","12:20:30 AM",0,9.4022,8.815
"6531","9/7/2025","12:35:30 AM",0,9.4024,8.807
"6532","9/7/2025","12:50:30 AM",0,9.4037,8.804
"6533","9/7/2025","1:05:30 AM",0,9.404,8.797
"6534","9/7/2025","1:20:30 AM",0,9.4038,8.79
"6535","9/7/2025","1:35:30 AM",0,9.4026,8.777
"6536","9/7/2025","1:50:30 AM",0,9.4034,8.768
"6537","9/7/2025","2:05:30 AM",0,9.4039,8.767
"6538","9/7/2025","2:20:30 AM",0,9.4039,8.765
"6539","9/7/2025","2:35:30 AM",0,9.4037,8.766
"6540","9/7/2025","2:50:30 AM",0,9.4026,8.759
"6541","9/7/2025","3:05:30 AM",0,9.4034,8.756
"6542","9/7/2025","3:20:30 AM",0,9.4046,8.747
"6543","9/7/2025","3:35:30 AM",0,9.4039,8.745
"6544","9/7/2025","3:50:30 AM",0,9.4035,8.743
"6545","9/7/2025","4:05:30 AM",0,9.4042,8.735
"6546","9/7/2025","4:20:30 AM",0,9.4039,8.731
"6547","9/7/2025","4:35:30 AM",0,9.4046,8.728
"6548","9/7/2025","4:50:30 AM",0,9.4044,8.723
"6549","9/7/2025","5:05:30 AM",0,9.405,8.722
"6550","9/7/2025","5:20:30 AM",0,9.4064,8.721
"6551","9/7/2025","5:35:30 AM",0,9.4068,8.721
"6552","9/7/2025","5:50:30 AM",0,9.4078,8.72
"6553","9/7/2025","6:05:30 AM",0,9.4085,8.718
"6554","9/7/2025","6:20:30 AM",0,9.4095,8.715
"6555","9/7/2025","6:35:30 AM",0,9.4099,8.71
"6556","9/7/2025","6:50:30 AM",0,9.41,8.704
"6557","9/7/2025","7:05:30 AM",0,9.4106,8.697
"6558","9/7/2025","7:20:30 AM",0,9.4104,8.7
"6559","9/7/2025","7:35:30 AM",0,9.4113,8.707
"6560","9/7/2025","7:50:30 AM",0,9.4127,8.728
"6561","9/7/2025","8:05:30 AM",0,9.4138,8.757
"6562","9/7/2025","8:20:30 AM",0,9.4153,8.793
"6563","9/7/2025","8:35:30 AM",0,9.417,8.844
"6564","9/7/2025","8:50:30 AM",0,9.418,8.892
"6565","9/7/2025","9:05:30 AM",0,9.4192,8.928
"6566","9/7/2025","9:20:30 AM",0,9.4201,8.996
"6567","9/7/2025","9:35:30 AM",0,9.4223,9.072
"6568","9/7/2025","9:50:30 AM",0,9.4229,9.133
"6569","9/7/2025","10:05:30 AM",0,9.4248,9.204
"6570","9/7/2025","10:20:30 AM",0,9.4272,9.28
"6571","9/7/2025","10:35:30 AM",0,9.4286,9.372
"6572","9/7/2025","10:50:30 AM",0,9.4308,9.463
"6573","9/7/2025","11:05:30 AM",0,9.432,9.541
"6574","9/7/2025","11:20:30 AM",0,9.4327,9.615
"6575","9/7/2025","11:35:30 AM",0,9.433,9.66
"6576","9/7/2025","11:50:30 AM",0,9.4311,9.633
"6577","9/7/2025","12:05:30 PM",0,9.4298,9.629
"6578","9/7/2025","12:20:30 PM",0,9.4288,9.562
"6579","9/7/2025","12:35:30 PM",0,9.4298,9.676
"6580","9/7/2025","12:50:30 PM",0,9.4304,9.811
"6581","9/7/2025","1:05:30 PM",0,9.4314,9.924
"6582","9/7/2025","1:20:30 PM",0,9.4312,9.99
"6583","9/7/2025","1:35:30 PM",0,9.4322,10.048
"6584","9/7/2025","1:50:30 PM",0,9.4324,10.092
"6585","9/7/2025","2:05:30 PM",0,9.4324,10.114
"6586","9/7/2025","2:20:30 PM",0,9.4285,10.116
"6587","9/7/2025","2:35:30 PM",0,9.4262,10.08
"6588","9/7/2025","2:50:30 PM",0,9.4247,9.993
"6589","9/7/2025","3:05:30 PM",0,9.4232,9.907
"6590","9/7/2025","3:20:30 PM",0,9.4219,9.838
"6591","9/7/2025","3:35:30 PM",0,9.4212,9.781
"6592","9/7/2025","3:50:30 PM",0,9.4186,9.714
"6593","9/7/2025","4:05:30 PM",0,9.4175,9.648
"6594","9/7/2025","4:20:30 PM",0,9.418,9.66
"6595","9/7/2025","4:35:30 PM",0,9.4172,9.622
"6596","9/7/2025","4:50:30 PM",0,9.416,9.555
"6597","9/7/2025","5:05:30 PM",0,9.4153,9.503
"6598","9/7/2025","5:20:30 PM",0,9.4139,9.442
"6599","9/7/2025","5:35:30 PM",0,9.4121,9.386
"6600","9/7/2025","5:50:30 PM",0,9.4116,9.346
"6601","9/7/2025","6:05:30 PM",0,9.4119,9.323
"6602","9/7/2025","6:20:30 PM",0,9.4125,9.33
"6603","9/7/2025","6:35:30 PM",0,9.4124,9.349
"6604","9/7/2025","6:50:30 PM",0,9.4113,9.324
"6605","9/7/2025","7:05:30 PM",0,9.4101,9.282
"6606","9/7/2025","7:20:30 PM",0,9.4098,9.243
"6607","9/7/2025","7:35:30 PM",0,9.4091,9.163
"6608","9/7/2025","7:50:30 PM",0,9.4084,9.087
"6609","9/7/2025","8:05:30 PM",0,9.4083,9.025
"6610","9/7/2025","8:20:30 PM",0,9.4095,8.983
"6611","9/7/2025","8:35:30 PM",0,9.4099,8.957
"6612","9/7/2025","8:50:30 PM",0,9.4097,8.942
"6613","9/7/2025","9:05:30 PM",0,9.4101,8.926
"6614","9/7/2025","9:20:30 PM",0,9.4092,8.91
"6615","9/7/2025","9:35:30 PM",0,9.408,8.896
"6616","9/7/2025","9:50:30 PM",0,9.408,8.877
"6617","9/7/2025","10:05:30 PM",0,9.408,8.862
"6618","9/7/2025","10:20:30 PM",0,9.4077,8.842
"6619","9/7/2025","10:35:30 PM",0,9.4078,8.827
"6620","9/7/2025","10:50:30 PM",0,9.4081,8.813
"6621","9/7/2025","11:05:30 PM",0,9.4074,8.801
"6622","9/7/2025","11:20:30 PM",0,9.4077,8.789
"6623","9/7/2025","11:35:30 PM",0,9.4067,8.782
"6624","9/7/2025","11:50:30 PM",0,9.4079,8.779
"6625","9/8/2025","12:05:30 AM",0,9.4073,8.774
"6626","9/8/2025","12:20:30 AM",0,9.4064,8.771
"6627","9/8/2025","12:35:30 AM",0,9.4069,8.773
"6628","9/8/2025","12:50:30 AM",0,9.4061,8.771
"6629","9/8/2025","1:05:30 AM",0,9.406,8.766
"6630","9/8/2025","1:20:30 AM",0,9.4056,8.762
"6631","9/8/2025","1:35:30 AM",0,9.4051,8.755
"6632","9/8/2025","1:50:30 AM",0,9.4046,8.75
"6633","9/8/2025","2:05:30 AM",0,9.4041,8.747
"6634","9/8/2025","2:20:30 AM",0,9.4035,8.742
"6635","9/8/2025","2:35:30 AM",0,9.4039,8.738
"6636","9/8/2025","2:50:30 AM",0,9.4027,8.733
"6637","9/8/2025","3:05:30 AM",0,9.4025,8.728
"6638","9/8/2025","3:20:30 AM",0,9.4025,8.731
"6639","9/8/2025","3:35:30 AM",0,9.4017,8.731
"6640","9/8/2025","3:50:30 AM",0,9.4019,8.724
"6641","9/8/2025","4:05:30 AM",0,9.4016,8.715
"6642","9/8/2025","4:20:30 AM",0,9.4012,8.708
"6643","9/8/2025","4:35:30 AM",0,9.4013,8.7
"6644","9/8/2025","4:50:30 AM",0,9.3999,8.693
"6645","9/8/2025","5:05:30 AM",0,9.3993,8.695
"6646","9/8/2025","5:20:30 AM",0,9.3997,8.692
"6647","9/8/2025","5:35:30 AM",0,9.3989,8.686
"6648","9/8/2025","5:50:30 AM",0,9.3987,8.682
"6649","9/8/2025","6:05:30 AM",0,9.3986,8.679
"6650","9/8/2025","6:20:30 AM",0,9.3985,8.674
"6651","9/8/2025","6:35:30 AM",0,9.3985,8.669
"6652","9/8/2025","6:50:30 AM",0,9.3999,8.668
"6653","9/8/2025","7:05:30 AM",0,9.3995,8.667
"6654","9/8/2025","7:20:30 AM",0,9.3997,8.671
"6655","9/8/2025","7:35:30 AM",0,9.3993,8.677
"6656","9/8/2025","7:50:30 AM",0,9.4006,8.702
"6657","9/8/2025","8:05:30 AM",0,9.4008,8.727
"6658","9/8/2025","8:20:30 AM",0,9.4006,8.756
"6659","9/8/2025","8:35:30 AM",0,9.4017,8.782
"6660","9/8/2025","8:50:30 AM",0,9.4011,8.795
"6661","9/8/2025","9:05:30 AM",0,9.4019,8.81
"6662","9/8/2025","9:20:30 AM",0,9.4027,8.856
"6663","9/8/2025","9:35:30 AM",0,9.4036,8.921
"6664","9/8/2025","9:50:30 AM",0,9.4055,9.004
"6665","9/8/2025","10:05:30 AM",0,9.4081,9.144
"6666","9/8/2025","10:20:30 AM",0,9.4093,9.257
"6667","9/8/2025","10:35:30 AM",0,9.4103,9.386
"6668","9/8/2025","10:50:30 AM",0,9.4105,9.429
"6669","9/8/2025","11:05:30 AM",0,9.4104,9.446
"6670","9/8/2025","11:20:30 AM",0,9.4095,9.458
"6671","9/8/2025","11:35:30 AM",0,9.411,9.62
"6672","9/8/2025","11:50:30 AM",0,9.4115,9.794
"6673","9/8/2025","12:05:30 PM",0,9.4108,9.935
"6674","9/8/2025","12:20:30 PM",0,9.4097,10.031
"6675","9/8/2025","12:35:30 PM",0,9.4086,10.079
"6676","9/8/2025","12:50:30 PM",0,9.4066,10.182
"6677","9/8/2025","1:05:30 PM",0,9.4077,10.214
"6678","9/8/2025","1:20:30 PM",0,9.4062,10.072
"6679","9/8/2025","1:35:30 PM",0,9.4056,9.973
"6680","9/8/2025","1:50:30 PM",0,9.4054,9.836
"6681","9/8/2025","2:05:30 PM",0,9.4029,9.709
"6682","9/8/2025","2:20:30 PM",0,9.4022,9.612
"6683","9/8/2025","2:35:30 PM",0,9.4004,9.486
"6684","9/8/2025","2:50:30 PM",0,9.3978,9.409
"6685","9/8/2025","3:05:30 PM",0,9.3949,9.363
"6686","9/8/2025","3:20:30 PM",0,9.3935,9.325
"6687","9/8/2025","3:35:30 PM",0,9.3922,9.296
"6688","9/8/2025","3:50:30 PM",0,9.3908,9.315
"6689","9/8/2025","4:05:30 PM",0,9.39,9.373
"6690","9/8/2025","4:20:30 PM",0,9.3893,9.479
"6691","9/8/2025","4:35:30 PM",0,9.3881,9.545
"6692","9/8/2025","4:50:30 PM",0,9.3858,9.596
"6693","9/8/2025","5:05:30 PM",0,9.3845,9.608
"6694","9/8/2025","5:20:30 PM",0,9.3857,9.652
"6695","9/8/2025","5:35:30 PM",0,9.3858,9.604
"6696","9/8/2025","5:50:30 PM",0,9.3854,9.486
"6697","9/8/2025","6:05:30 PM",0,9.3865,9.379
"6698","9/8/2025","6:20:30 PM",0,9.3843,9.297
"6699","9/8/2025","6:35:30 PM",0,9.3848,9.221
"6700","9/8/2025","6:50:30 PM",0,9.3851,9.201
"6701","9/8/2025","7:05:30 PM",0,9.3845,9.179
"6702","9/8/2025","7:20:30 PM",0,9.3839,9.142
"6703","9/8/2025","7:35:30 PM",0,9.3841,9.111
"6704","9/8/2025","7:50:30 PM",0,9.3854,9.1
"6705","9/8/2025","8:05:30 PM",0,9.3866,9.094
"6706","9/8/2025","8:20:30 PM",0,9.3863,9.079
"6707","9/8/2025","8:35:30 PM",0,9.3856,9.05
"6708","9/8/2025","8:50:30 PM",0,9.3852,8.996
"6709","9/8/2025","9:05:30 PM",0,9.3844,8.938
"6710","9/8/2025","9:20:30 PM",0,9.3847,8.912
"6711","9/8/2025","9:35:30 PM",0,9.3852,8.905
"6712","9/8/2025","9:50:30 PM",0,9.3849,8.904
"6713","9/8/2025","10:05:30 PM",0,9.3832,8.879
"6714","9/8/2025","10:20:30 PM",0,9.383,8.87
"6715","9/8/2025","10:35:30 PM",0,9.3845,8.879
"6716","9/8/2025","10:50:30 PM",0,9.3868,8.879
"6717","9/8/2025","11:05:30 PM",0,9.3898,8.896
"6718","9/8/2025","11:20:30 PM",0,9.3934,8.936
"6719","9/8/2025","11:35:30 PM",0,9.3937,8.95
"6720","9/8/2025","11:50:30 PM",0,9.3944,8.964
"6721","9/9/2025","12:05:30 AM",0,9.3928,9.013
"6722","9/9/2025","12:20:30 AM",0,9.3912,8.99
"6723","9/9/2025","12:35:30 AM",0,9.3889,8.955
"6724","9/9/2025","12:50:30 AM",0,9.3878,8.925
"6725","9/9/2025","1:05:30 AM",0,9.3882,8.888
"6726","9/9/2025","1:20:30 AM",0,9.3869,8.85
"6727","9/9/2025","1:35:30 AM",0,9.3864,8.827
"6728","9/9/2025","1:50:30 AM",0,9.3856,8.806
"6729","9/9/2025","2:05:30 AM",0,9.3851,8.791
"6730","9/9/2025","2:20:30 AM",0,9.3851,8.781
"6731","9/9/2025","2:35:30 AM",0,9.3849,8.777
"6732","9/9/2025","2:50:30 AM",0,9.3843,8.772
"6733","9/9/2025","3:05:30 AM",0,9.3834,8.77
"6734","9/9/2025","3:20:30 AM",0,9.3829,8.766
"6735","9/9/2025","3:35:30 AM",0,9.3828,8.761
"6736","9/9/2025","3:50:30 AM",0,9.3821,8.758
"6737","9/9/2025","4:05:30 AM",0,9.3821,8.767
"6738","9/9/2025","4:20:30 AM",0,9.3832,8.785
"6739","9/9/2025","4:35:30 AM",0,9.3838,8.785
"6740","9/9/2025","4:50:30 AM",0,9.3841,8.789
"6741","9/9/2025","5:05:30 AM",0,9.3836,8.788
"6742","9/9/2025","5:20:30 AM",0,9.3838,8.789
"6743","9/9/2025","5:35:30 AM",0,9.3831,8.784
"6744","9/9/2025","5:50:30 AM",0,9.3832,8.783
"6745","9/9/2025","6:05:30 AM",0,9.3835,8.787
"6746","9/9/2025","6:20:30 AM",0,9.383,8.787
"6747","9/9/2025","6:35:30 AM",0,9.3835,8.788
"6748","9/9/2025","6:50:30 AM",0,9.3834,8.789
"6749","9/9/2025","7:05:30 AM",0,9.3833,8.792
"6750","9/9/2025","7:20:30 AM",0,9.3842,8.8
"6751","9/9/2025","7:35:30 AM",0,9.3833,8.81
"6752","9/9/2025","7:50:30 AM",0,9.3829,8.808
"6753","9/9/2025","8:05:30 AM",0,9.3831,8.812
"6754","9/9/2025","8:20:30 AM",0,9.3838,8.843
"6755","9/9/2025","8:35:30 AM",0,9.3841,8.854
"6756","9/9/2025","8:50:30 AM",0,9.3845,8.884
"6757","9/9/2025","9:05:30 AM",0,9.3865,8.96
"6758","9/9/2025","9:20:30 AM",0,9.3878,9.031
"6759","9/9/2025","9:35:30 AM",0,9.3877,9.053
"6760","9/9/2025","9:50:30 AM",0,9.3888,9.05
"6761","9/9/2025","10:05:30 AM",0,9.3896,9.139
"6762","9/9/2025","10:20:30 AM",0,9.3887,9.111
"6763","9/9/2025","10:35:30 AM",0,9.3893,9.131
"6764","9/9/2025","10:50:30 AM",0,9.3892,9.14
"6765","9/9/2025","11:05:30 AM",0,9.3896,9.17
"6766","9/9/2025","11:20:30 AM",0,9.3895,9.182
"6767","9/9/2025","11:35:30 AM",0,9.3905,9.23
"6768","9/9/2025","11:50:30 AM",0,9.3919,9.331
"6769","9/9/2025","12:05:30 PM",0,9.3912,9.368
"6770","9/9/2025","12:20:30 PM",0,9.3913,9.392
"6771","9/9/2025","12:35:30 PM",0,9.3902,9.411
"6772","9/9/2025","12:50:30 PM",0,9.3898,9.418
"6773","9/9/2025","1:05:30 PM",0,9.3887,9.404
"6774","9/9/2025","1:20:30 PM",0,9.3878,9.383
"6775","9/9/2025","1:35:30 PM",0,9.3865,9.41
"6776","9/9/2025","1:50:30 PM",0,9.3865,9.462
"6777","9/9/2025","2:05:30 PM",0,9.3851,9.602
"6778","9/9/2025","2:20:30 PM",0,9.3828,9.615
"6779","9/9/2025","2:35:30 PM",0,9.3814,9.576
"6780","9/9/2025","2:50:30 PM",0,9.3808,9.511
"6781","9/9/2025","3:05:30 PM",0,9.3784,9.43
"6782","9/9/2025","3:20:30 PM",0,9.3769,9.38
"6783","9/9/2025","3:35:30 PM",0,9.3766,9.397
"6784","9/9/2025","3:50:30 PM",0,9.3758,9.411
"6785","9/9/2025","4:05:30 PM",0,9.3747,9.354
"6786","9/9/2025","4:20:30 PM",0,9.3742,9.339
"6787","9/9/2025","4:35:30 PM",0,9.373,9.398
"6788","9/9/2025","4:50:30 PM",0,9.3731,9.39
"6789","9/9/2025","5:05:30 PM",0,9.3721,9.43
"6790","9/9/2025","5:20:30 PM",0,9.3719,9.447
"6791","9/9/2025","5:35:30 PM",0,9.3728,9.405
"6792","9/9/2025","5:50:30 PM",0,9.372,9.336
"6793","9/9/2025","6:05:30 PM",0,9.3718,9.24
"6794","9/9/2025","6:20:30 PM",0,9.3713,9.145
"6795","9/9/2025","6:35:30 PM",0,9.3706,9.057
"6796","9/9/2025","6:50:30 PM",0,9.37,8.992
"6797","9/9/2025","7:05:30 PM",0,9.3698,8.959
"6798","9/9/2025","7:20:30 PM",0,9.3698,8.928
"6799","9/9/2025","7:35:30 PM",0,9.3696,8.89
"6800","9/9/2025","7:50:30 PM",0,9.3701,8.871
"6801","9/9/2025","8:05:30 PM",0,9.3708,8.86
"6802","9/9/2025","8:20:30 PM",0,9.372,8.852
"6803","9/9/2025","8:35:30 PM",0,9.3724,8.85
"6804","9/9/2025","8:50:30 PM",0,9.3731,8.843
"6805","9/9/2025","9:05:30 PM",0,9.3729,8.845
"6806","9/9/2025","9:20:30 PM",0,9.3731,8.835
"6807","9/9/2025","9:35:30 PM",0,9.3725,8.812
"6808","9/9/2025","9:50:30 PM",0,9.3724,8.795
"6809","9/9/2025","10:05:30 PM",0,9.3724,8.783
"6810","9/9/2025","10:20:30 PM",0,9.3719,8.77
"6811","9/9/2025","10:35:30 PM",0,9.3718,8.767
"6812","9/9/2025","10:50:30 PM",0,9.3717,8.759
"6813","9/9/2025","11:05:30 PM",0,9.3718,8.756
"6814","9/9/2025","11:20:30 PM",0,9.3713,8.745
"6815","9/9/2025","11:35:30 PM",0,9.3708,8.736
"6816","9/9/2025","11:50:30 PM",0,9.371,8.735
"6817","9/10/2025","12:05:30 AM",0,9.3706,8.737
"6818","9/10/2025","12:20:30 AM",0,9.3706,8.737
"6819","9/10/2025","12:35:30 AM",0,9.3702,8.731
"6820","9/10/2025","12:50:30 AM",0,9.3697,8.728
"6821","9/10/2025","1:05:30 AM",0,9.3701,8.716
"6822","9/10/2025","1:20:30 AM",0,9.3705,8.709
"6823","9/10/2025","1:35:30 AM",0,9.3696,8.698
"6824","9/10/2025","1:50:30 AM",0,9.3696,8.69
"6825","9/10/2025","2:05:30 AM",0,9.369,8.688
"6826","9/10/2025","2:20:30 AM",0,9.3692,8.689
"6827","9/10/2025","2:35:30 AM",0,9.3691,8.687
"6828","9/10/2025","2:50:30 AM",0,9.3695,8.689
"6829","9/10/2025","3:05:30 AM",0,9.3693,8.706
"6830","9/10/2025","3:20:30 AM",0,9.3698,8.727
"6831","9/10/2025","3:35:30 AM",0,9.3695,8.743
"6832","9/10/2025","3:50:30 AM",0,9.3693,8.744
"6833","9/10/2025","4:05:30 AM",0,9.3696,8.746
"6834","9/10/2025","4:20:30 AM",0,9.3694,8.741
"6835","9/10/2025","4:35:30 AM",0,9.3696,8.732
"6836","9/10/2025","4:50:30 AM",0,9.3689,8.724
"6837","9/10/2025","5:05:30 AM",0,9.369,8.716
"6838","9/10/2025","5:20:30 AM",0,9.3686,8.718
"6839","9/10/2025","5:35:30 AM",0,9.3685,8.728
"6840","9/10/2025","5:50:30 AM",0,9.3683,8.739
"6841","9/10/2025","6:05:30 AM",0,9.3688,8.736
"6842","9/10/2025","6:20:30 AM",0,9.3681,8.728
"6843","9/10/2025","6:35:30 AM",0,9.3682,8.717
"6844","9/10/2025","6:50:30 AM",0,9.3684,8.7
"6845","9/10/2025","7:05:30 AM",0,9.3677,8.688
"6846","9/10/2025","7:20:30 AM",0,9.3682,8.688
"6847","9/10/2025","7:35:30 AM",0,9.3687,8.687
"6848","9/10/2025","7:50:30 AM",0,9.3687,8.691
"6849","9/10/2025","8:05:30 AM",0,9.3699,8.698
"6850","9/10/2025","8:20:30 AM",0,9.3712,8.716
"6851","9/10/2025","8:35:30 AM",0,9.3711,8.737
"6852","9/10/2025","8:50:30 AM",0,9.3728,8.774
"6853","9/10/2025","9:05:30 AM",0,9.3737,8.839
"6854","9/10/2025","9:20:30 AM",0,9.3761,8.951
"6855","9/10/2025","9:35:30 AM",0,9.3784,9.07
"6856","9/10/2025","9:50:30 AM",0,9.3791,9.097
"6857","9/10/2025","10:05:30 AM",0,9.3797,9.124
"6858","9/10/2025","10:20:30 AM",0,9.3807,9.18
"6859","9/10/2025","10:35:30 AM",0,9.381,9.193
"6860","9/10/2025","10:50:30 AM",0,9.3812,9.219
"6861","9/10/2025","11:05:30 AM",0,9.3829,9.317
"6862","9/10/2025","11:20:30 AM",0,9.3841,9.408
"6863","9/10/2025","11:35:30 AM",0,9.3834,9.396
"6864","9/10/2025","11:50:30 AM",0,9.382,9.324
"6865","9/10/2025","12:05:30 PM",0,9.3799,9.25
"6866","9/10/2025","12:20:30 PM",0,9.3781,9.19
"6867","9/10/2025","12:35:30 PM",0,9.3782,9.185
"6868","9/10/2025","12:50:30 PM",0,9.3795,9.293
"6869","9/10/2025","1:05:30 PM",0,9.3801,9.345
"6870","9/10/2025","1:20:30 PM",0,9.3801,9.426
"6871","9/10/2025","1:35:30 PM",0,9.38,9.432
"6872","9/10/2025","1:50:30 PM",0,9.3791,9.443
"6873","9/10/2025","2:05:30 PM",0,9.3796,9.48
"6874","9/10/2025","2:20:30 PM",0,9.3789,9.524
"6875","9/10/2025","2:35:30 PM",0,9.378,9.467
"6876","9/10/2025","2:50:30 PM",0,9.3772,9.471
"6877","9/10/2025","3:05:30 PM",0,9.3767,9.542
"6878","9/10/2025","3:20:30 PM",0,9.3764,9.499
"6879","9/10/2025","3:35:30 PM",0,9.376,9.396
"6880","9/10/2025","3:50:30 PM",0,9.3751,9.33
"6881","9/10/2025","4:05:30 PM",0,9.3746,9.267
"6882","9/10/2025","4:20:30 PM",0,9.3729,9.226
"6883","9/10/2025","4:35:30 PM",0,9.373,9.202
"6884","9/10/2025","4:50:30 PM",0,9.3735,9.214
"6885","9/10/2025","5:05:30 PM",0,9.3746,9.282
"6886","9/10/2025","5:20:30 PM",0,9.375,9.308
"6887","9/10/2025","5:35:30 PM",0,9.3739,9.243
"6888","9/10/2025","5:50:30 PM",0,9.3717,9.169
"6889","9/10/2025","6:05:30 PM",0,9.3706,9.1
"6890","9/10/2025","6:20:30 PM",0,9.3697,9.056
"6891","9/10/2025","6:35:30 PM",0,9.3695,9.038
"6892","9/10/2025","6:50:30 PM",0,9.3698,9.009
"6893","9/10/2025","7:05:30 PM",0,9.3699,8.981
"6894","9/10/2025","7:20:30 PM",0,9.37,8.96
"6895","9/10/2025","7:35:30 PM",0,9.3706,8.944
"6896","9/10/2025","7:50:30 PM",0,9.3718,8.922
"6897","9/10/2025","8:05:30 PM",0,9.3733,8.908
"6898","9/10/2025","8:20:30 PM",0,9.3726,8.896
"6899","9/10/2025","8:35:30 PM",0,9.3736,8.887
"6900","9/10/2025","8:50:30 PM",0,9.3743,8.877
"6901","9/10/2025","9:05:30 PM",0,9.3746,8.869
"6902","9/10/2025","9:20:30 PM",0,9.375,8.864
"6903","9/10/2025","9:35:30 PM",0,9.3753,8.86
"6904","9/10/2025","9:50:30 PM",0,9.3753,8.861
"6905","9/10/2025","10:05:30 PM",0,9.3757,8.855
"6906","9/10/2025","10:20:30 PM",0,9.3765,8.855
"6907","9/10/2025","10:35:30 PM",0,9.3769,8.859
"6908","9/10/2025","10:50:30 PM",0,9.3764,8.859
"6909","9/10/2025","11:05:30 PM",0,9.3756,8.863
"6910","9/10/2025","11:20:30 PM",0,9.3755,8.859
"6911","9/10/2025","11:35:30 PM",0,9.3749,8.854
"6912","9/10/2025","11:50:30 PM",0,9.375,8.852
"6913","9/11/2025","12:05:30 AM",0,9.3748,8.853
"6914","9/11/2025","12:20:30 AM",0,9.375,8.852
"6915","9/11/2025","12:35:30 AM",0,9.3755,8.859
"6916","9/11/2025","12:50:30 AM",0,9.3766,8.852
"6917","9/11/2025","1:05:30 AM",0,9.3776,8.85
"6918","9/11/2025","1:20:30 AM",0,9.3774,8.847
"6919","9/11/2025","1:35:30 AM",0,9.3777,8.843
"6920","9/11/2025","1:50:30 AM",0,9.3784,8.842
"6921","9/11/2025","2:05:30 AM",0,9.3793,8.837
"6922","9/11/2025","2:20:30 AM",0,9.3802,8.843
"6923","9/11/2025","2:35:30 AM",0,9.38,8.838
"6924","9/11/2025","2:50:30 AM",0,9.3803,8.838
"6925","9/11/2025","3:05:30 AM",0,9.3805,8.836
"6926","9/11/2025","3:20:30 AM",0,9.3801,8.831
"6927","9/11/2025","3:35:30 AM",0,9.38,8.825
"6928","9/11/2025","3:50:30 AM",0,9.3805,8.823
"6929","9/11/2025","4:05:30 AM",0,9.3814,8.824
"6930","9/11/2025","4:20:30 AM",0,9.3815,8.823
"6931","9/11/2025","4:35:30 AM",0,9.3811,8.824
"6932","9/11/2025","4:50:30 AM",0,9.3819,8.824
"6933","9/11/2025","5:05:30 AM",0,9.3819,8.824
"6934","9/11/2025","5:20:30 AM",0,9.3822,8.825
"6935","9/11/2025","5:35:30 AM",0,9.3818,8.825
"6936","9/11/2025","5:50:30 AM",0,9.3823,8.822
"6937","9/11/2025","6:05:30 AM",0,9.3829,8.823
"6938","9/11/2025","6:20:30 AM",0,9.3834,8.83
"6939","9/11/2025","6:35:30 AM",0,9.3827,8.826
"6940","9/11/2025","6:50:30 AM",0,9.3828,8.824
"6941","9/11/2025","7:05:30 AM",0,9.3838,8.82
"6942","9/11/2025","7:20:30 AM",0,9.3845,8.817
"6943","9/11/2025","7:35:30 AM",0,9.3862,8.82
"6944","9/11/2025","7:50:30 AM",0,9.3872,8.824
"6945","9/11/2025","8:05:30 AM",0,9.389,8.833
"6946","9/11/2025","8:20:30 AM",0,9.3908,8.845
"6947","9/11/2025","8:35:30 AM",0,9.3904,8.861
"6948","9/11/2025","8:50:30 AM",0,9.3915,8.892
"6949","9/11/2025","9:05:30 AM",0,9.3936,8.906
"6950","9/11/2025","9:20:30 AM",0,9.3949,8.918
"6951","9/11/2025","9:35:30 AM",0,9.3961,8.95
"6952","9/11/2025","9:50:30 AM",0,9.398,8.964
"6953","9/11/2025","10:05:30 AM",0,9.3996,8.982
"6954","9/11/2025","10:20:30 AM",0,9.4003,9.02
"6955","9/11/2025","10:35:30 AM",0,9.4015,9.115
"6956","9/11/2025","10:50:30 AM",0,9.4018,9.196
"6957","9/11/2025","11:05:30 AM",0,9.4042,9.347
"6958","9/11/2025","11:20:30 AM",0,9.4048,9.377
"6959","9/11/2025","11:35:30 AM",0,9.4062,9.451
"6960","9/11/2025","11:50:30 AM",0,9.4066,9.527
"6961","9/11/2025","12:05:30 PM",0,9.4046,9.448
"6962","9/11/2025","12:20:30 PM",0,9.4029,9.334
"6963","9/11/2025","12:35:30 PM",0,9.4017,9.284
"6964","9/11/2025","12:50:30 PM",0,9.4019,9.296
"6965","9/11/2025","1:05:30 PM",0,9.4013,9.295
"6966","9/11/2025","1:20:30 PM",0,9.4005,9.276
"6967","9/11/2025","1:35:30 PM",0,9.4009,9.291
"6968","9/11/2025","1:50:30 PM",0,9.401,9.313
"6969","9/11/2025","2:05:30 PM",0,9.401,9.315
"6970","9/11/2025","2:20:30 PM",0,9.4022,9.372
"6971","9/11/2025","2:35:30 PM",0,9.4029,9.478
"6972","9/11/2025","2:50:30 PM",0,9.4017,9.515
"6973","9/11/2025","3:05:30 PM",0,9.4007,9.51
"6974","9/11/2025","3:20:30 PM",0,9.4024,9.605
"6975","9/11/2025","3:35:30 PM",0,9.4023,9.663
"6976","9/11/2025","3:50:30 PM",0,9.4007,9.601
"6977","9/11/2025","4:05:30 PM",0,9.3991,9.567
"6978","9/11/2025","4:20:30 PM",0,9.397,9.501
"6979","9/11/2025","4:35:30 PM",0,9.3959,9.43
"6980","9/11/2025","4:50:30 PM",0,9.395,9.376
"6981","9/11/2025","5:05:30 PM",0,9.3943,9.318
"6982","9/11/2025","5:20:30 PM",0,9.3933,9.289
"6983","9/11/2025","5:35:30 PM",0,9.3925,9.253
"6984","9/11/2025","5:50:30 PM",0,9.3916,9.226
"6985","9/11/2025","6:05:30 PM",0,9.3912,9.207
"6986","9/11/2025","6:20:30 PM",0,9.3911,9.172
"6987","9/11/2025","6:35:30 PM",0,9.3906,9.146
"6988","9/11/2025","6:50:30 PM",0,9.3896,9.13
"6989","9/11/2025","7:05:30 PM",0,9.3892,9.12
"6990","9/11/2025","7:20:30 PM",0,9.3899,9.104
"6991","9/11/2025","7:35:30 PM",0,9.3896,9.104
"6992","9/11/2025","7:50:30 PM",0,9.3909,9.087
"6993","9/11/2025","8:05:30 PM",0,9.3901,9.069
"6994","9/11/2025","8:20:30 PM",0,9.3907,9.032
"6995","9/11/2025","8:35:30 PM",0,9.3916,9.009
"6996","9/11/2025","8:50:30 PM",0,9.3924,8.986
"6997","9/11/2025","9:05:30 PM",0,9.3925,8.977
"6998","9/11/2025","9:20:30 PM",0,9.3943,8.955
"6999","9/11/2025","9:35:30 PM",0,9.3951,8.932
"7000","9/11/2025","9:50:30 PM",0,9.3955,8.919
"7001","9/11/2025","10:05:30 PM",0,9.3953,8.913
"7002","9/11/2025","10:20:30 PM",0,9.3957,8.897
"7003","9/11/2025","10:35:30 PM",0,9.3964,8.882
"7004","9/11/2025","10:50:30 PM",0,9.3959,8.866
"7005","9/11/2025","11:05:30 PM",0,9.397,8.849
"7006","9/11/2025","11:20:30 PM",0,9.3967,8.831
"7007","9/11/2025","11:35:30 PM",0,9.3971,8.818
"7008","9/11/2025","11:50:30 PM",0,9.3971,8.805
"7009","9/12/2025","12:05:30 AM",0,9.3973,8.798
"7010","9/12/2025","12:20:30 AM",0,9.3967,8.795
"7011","9/12/2025","12:35:30 AM",0,9.3971,8.792
"7012","9/12/2025","12:50:30 AM",0,9.3968,8.792
"7013","9/12/2025","1:05:30 AM",0,9.3969,8.788
"7014","9/12/2025","1:20:30 AM",0,9.3969,8.784
"7015","9/12/2025","1:35:30 AM",0,9.3971,8.78
"7016","9/12/2025","1:50:30 AM",0,9.3972,8.774
"7017","9/12/2025","2:05:30 AM",0,9.3983,8.768
"7018","9/12/2025","2:20:30 AM",0,9.3985,8.759
"7019","9/12/2025","2:35:30 AM",0,9.3989,8.75
"7020","9/12/2025","2:50:30 AM",0,9.3994,8.74
"7021","9/12/2025","3:05:30 AM",0,9.3984,8.734
"7022","9/12/2025","3:20:30 AM",0,9.3983,8.732
"7023","9/12/2025","3:35:30 AM",0,9.3982,8.726
"7024","9/12/2025","3:50:30 AM",0,9.3984,8.721
"7025","9/12/2025","4:05:30 AM",0,9.398,8.713
"7026","9/12/2025","4:20:30 AM",0,9.3984,8.707
"7027","9/12/2025","4:35:30 AM",0,9.4002,8.7
"7028","9/12/2025","4:50:30 AM",0,9.4005,8.697
"7029","9/12/2025","5:05:30 AM",0,9.4006,8.69
"7030","9/12/2025","5:20:30 AM",0,9.4014,8.684
"7031","9/12/2025","5:35:30 AM",0,9.4015,8.68
"7032","9/12/2025","5:50:30 AM",0,9.4018,8.675
"7033","9/12/2025","6:05:30 AM",0,9.4025,8.673
"7034","9/12/2025","6:20:30 AM",0,9.4021,8.669
"7035","9/12/2025","6:35:30 AM",0,9.402,8.662
"7036","9/12/2025","6:50:30 AM",0,9.4021,8.661
"7037","9/12/2025","7:05:30 AM",0,9.403,8.66
"7038","9/12/2025","7:20:30 AM",0,9.4055,8.665
"7039","9/12/2025","7:35:30 AM",0,9.4061,8.67
"7040","9/12/2025","7:50:30 AM",0,9.4081,8.682
"7041","9/12/2025","8:05:30 AM",0,9.4102,8.709
"7042","9/12/2025","8:20:30 AM",0,9.4111,8.739
"7043","9/12/2025","8:35:30 AM",0,9.4118,8.783
"7044","9/12/2025","8:50:30 AM",0,9.4116,8.84
"7045","9/12/2025","9:05:30 AM",0,9.4111,8.888
"7046","9/12/2025","9:20:30 AM",0,9.4132,8.943
"7047","9/12/2025","9:35:30 AM",0,9.4149,9.003
"7048","9/12/2025","9:50:30 AM",0,9.4156,9.076
"7049","9/12/2025","10:05:30 AM",0,9.4167,9.148
"7050","9/12/2025","10:20:30 AM",0,9.418,9.244
"7051","9/12/2025","10:35:30 AM",0,9.4175,9.316
"7052","9/12/2025","10:50:30 AM",0,9.417,9.38
"7053","9/12/2025","11:05:30 AM",0,9.4181,9.449
"7054","9/12/2025","11:20:30 AM",0,9.4181,9.501
"7055","9/12/2025","11:35:30 AM",0,9.4188,9.571
"7056","9/12/2025","11:50:30 AM",0,9.4185,9.636
"7057","9/12/2025","12:05:30 PM",0,9.4184,9.687
"7058","9/12/2025","12:20:30 PM",0,9.4167,9.736
"7059","9/12/2025","12:35:30 PM",0,9.416,9.788
"7060","9/12/2025","12:50:30 PM",0,9.4138,9.84
"7061","9/12/2025","1:05:30 PM",0,9.4138,9.872
"7062","9/12/2025","1:20:30 PM",0,9.413,9.895
"7063","9/12/2025","1:35:30 PM",0,9.412,9.922
"7064","9/12/2025","1:50:30 PM",0,9.4099,9.968
"7065","9/12/2025","2:05:30 PM",0,9.4094,9.976
"7066","9/12/2025","2:20:30 PM",0,9.4069,9.965
"7067","9/12/2025","2:35:30 PM",0,9.405,9.977
"7068","9/12/2025","2:50:30 PM",0,9.4035,9.963
"7069","9/12/2025","3:05:30 PM",0,9.4018,9.917
"7070","9/12/2025","3:20:30 PM",0,9.3998,9.87
"7071","9/12/2025","3:35:30 PM",0,9.3988,9.841
"7072","9/12/2025","3:50:30 PM",0,9.3984,9.795
"7073","9/12/2025","4:05:30 PM",0,9.3969,9.75
"7074","9/12/2025","4:20:30 PM",0,9.396,9.721
"7075","9/12/2025","4:35:30 PM",0,9.395,9.714
"7076","9/12/2025","4:50:30 PM",0,9.3942,9.658
"7077","9/12/2025","5:05:30 PM",0,9.3918,9.625
"7078","9/12/2025","5:20:30 PM",0,9.3913,9.58
"7079","9/12/2025","5:35:30 PM",0,9.3899,9.501
"7080","9/12/2025","5:50:30 PM",0,9.3894,9.411
"7081","9/12/2025","6:05:30 PM",0,9.3886,9.337
"7082","9/12/2025","6:20:30 PM",0,9.3888,9.304
"7083","9/12/2025","6:35:30 PM",0,9.3889,9.282
"7084","9/12/2025","6:50:30 PM",0,9.3894,9.259
"7085","9/12/2025","7:05:30 PM",0,9.3891,9.212
"7086","9/12/2025","7:20:30 PM",0,9.3886,9.159
"7087","9/12/2025","7:35:30 PM",0,9.3884,9.118
"7088","9/12/2025","7:50:30 PM",0,9.3885,9.09
"7089","9/12/2025","8:05:30 PM",0,9.3892,9.068
"7090","9/12/2025","8:20:30 PM",0,9.3897,9.037
"7091","9/12/2025","8:35:30 PM",0,9.3901,9.021
"7092","9/12/2025","8:50:30 PM",0,9.3911,9.011
"7093","9/12/2025","9:05:30 PM",0,9.3912,8.998
"7094","9/12/2025","9:20:30 PM",0,9.3912,8.984
"7095","9/12/2025","9:35:30 PM",0,9.3915,8.974
"7096","9/12/2025","9:50:30 PM",0,9.3913,8.973
"7097","9/12/2025","10:05:30 PM",0,9.3914,8.962
"7098","9/12/2025","10:20:30 PM",0,9.3914,8.95
"7099","9/12/2025","10:35:30 PM",0,9.3923,8.933
"7100","9/12/2025","10:50:30 PM",0,9.3923,8.909
"7101","9/12/2025","11:05:30 PM",0,9.3921,8.885
"7102","9/12/2025","11:20:30 PM",0,9.3921,8.872
"7103","9/12/2025","11:35:30 PM",0,9.3921,8.861
"7104","9/12/2025","11:50:30 PM",0,9.3927,8.848
"7105","9/13/2025","12:05:30 AM",0,9.3917,8.836
"7106","9/13/2025","12:20:30 AM",0,9.3922,8.823
"7107","9/13/2025","12:35:30 AM",0,9.3918,8.82
"7108","9/13/2025","12:50:30 AM",0,9.3914,8.816
"7109","9/13/2025","1:05:30 AM",0,9.3913,8.812
"7110","9/13/2025","1:20:30 AM",0,9.3907,8.806
"7111","9/13/2025","1:35:30 AM",0,9.3902,8.797
"7112","9/13/2025","1:50:30 AM",0,9.3906,8.789
"7113","9/13/2025","2:05:30 AM",0,9.3901,8.78
"7114","9/13/2025","2:20:30 AM",0,9.3904,8.777
"7115","9/13/2025","2:35:30 AM",0,9.3899,8.77
"7116","9/13/2025","2:50:30 AM",0,9.3899,8.766
"7117","9/13/2025","3:05:30 AM",0,9.3893,8.766
"7118","9/13/2025","3:20:30 AM",0,9.3895,8.76
"7119","9/13/2025","3:35:30 AM",0,9.3891,8.758
"7120","9/13/2025","3:50:30 AM",0,9.3895,8.759
"7121","9/13/2025","4:05:30 AM",0,9.3888,8.756
"7122","9/13/2025","4:20:30 AM",0,9.3883,8.751
"7123","9/13/2025","4:35:30 AM",0,9.3876,8.751
"7124","9/13/2025","4:50:30 AM",0,9.3878,8.747
"7125","9/13/2025","5:05:30 AM",0,9.3874,8.743
"7126","9/13/2025","5:20:30 AM",0,9.3877,8.736
"7127","9/13/2025","5:35:30 AM",0,9.388,8.731
"7128","9/13/2025","5:50:30 AM",0,9.3881,8.724
"7129","9/13/2025","6:05:30 AM",0,9.3878,8.715
"7130","9/13/2025","6:20:30 AM",0,9.3882,8.713
"7131","9/13/2025","6:35:30 AM",0,9.3889,8.706
"7132","9/13/2025","6:50:30 AM",0,9.3895,8.7
"7133","9/13/2025","7:05:30 AM",0,9.3893,8.694
"7134","9/13/2025","7:20:30 AM",0,9.3899,8.694
"7135","9/13/2025","7:35:30 AM",0,9.3897,8.694
"7136","9/13/2025","7:50:30 AM",0,9.3906,8.706
"7137","9/13/2025","8:05:30 AM",0,9.3908,8.733
"7138","9/13/2025","8:20:30 AM",0,9.3912,8.767
"7139","9/13/2025","8:35:30 AM",0,9.3921,8.804
"7140","9/13/2025","8:50:30 AM",0,9.3929,8.851
"7141","9/13/2025","9:05:30 AM",0,9.3936,8.904
"7142","9/13/2025","9:20:30 AM",0,9.3944,8.96
"7143","9/13/2025","9:35:30 AM",0,9.395,9.021
"7144","9/13/2025","9:50:30 AM",0,9.3959,9.091
"7145","9/13/2025","10:05:30 AM",0,9.3963,9.164
"7146","9/13/2025","10:20:30 AM",0,9.3976,9.243
"7147","9/13/2025","10:35:30 AM",0,9.3976,9.317
"7148","9/13/2025","10:50:30 AM",0,9.3979,9.391
"7149","9/13/2025","11:05:30 AM",0,9.3974,9.462
"7150","9/13/2025","11:20:30 AM",0,9.3967,9.525
"7151","9/13/2025","11:35:30 AM",0,9.3956,9.579
"7152","9/13/2025","11:50:30 AM",0,9.3942,9.634
"7153","9/13/2025","12:05:30 PM",0,9.3931,9.691
"7154","9/13/2025","12:20:30 PM",0,9.3908,9.739
"7155","9/13/2025","12:35:30 PM",0,9.3906,9.827
"7156","9/13/2025","12:50:30 PM",0,9.3906,9.913
"7157","9/13/2025","1:05:30 PM",0,9.3904,9.93
"7158","9/13/2025","1:20:30 PM",0,9.3885,9.94
"7159","9/13/2025","1:35:30 PM",0,9.3867,9.96
"7160","9/13/2025","1:50:30 PM",0,9.3849,9.993
"7161","9/13/2025","2:05:30 PM",0,9.384,10.006
"7162","9/13/2025","2:20:30 PM",0,9.3807,9.978
"7163","9/13/2025","2:35:30 PM",0,9.3782,9.948
"7164","9/13/2025","2:50:30 PM",0,9.3773,9.928
"7165","9/13/2025","3:05:30 PM",0,9.3677,9.911
"7166","9/13/2025","3:20:30 PM",0,9.3655,9.867
"7167","9/13/2025","3:35:30 PM",0,9.364,9.818
"7168","9/13/2025","3:50:30 PM",0,9.363,9.782
"7169","9/13/2025","4:05:30 PM",0,9.3607,9.737
"7170","9/13/2025","4:20:30 PM",0,9.3599,9.693
"7171","9/13/2025","4:35:30 PM",0,9.3579,9.639
"7172","9/13/2025","4:50:30 PM",0,9.3559,9.581
"7173","9/13/2025","5:05:30 PM",0,9.3549,9.552
"7174","9/13/2025","5:20:30 PM",0,9.3533,9.491
"7175","9/13/2025","5:35:30 PM",0,9.352,9.428
"7176","9/13/2025","5:50:30 PM",0,9.3516,9.396
"7177","9/13/2025","6:05:30 PM",0,9.3503,9.339
"7178","9/13/2025","6:20:30 PM",0,9.3506,9.317
"7179","9/13/2025","6:35:30 PM",0,9.3523,9.324
"7180","9/13/2025","6:50:30 PM",0,9.3522,9.274
"7181","9/13/2025","7:05:30 PM",0,9.3519,9.214
"7182","9/13/2025","7:20:30 PM",0,9.352,9.161
"7183","9/13/2025","7:35:30 PM",0,9.352,9.127
"7184","9/13/2025","7:50:30 PM",0,9.3539,9.102
"7185","9/13/2025","8:05:30 PM",0,9.355,9.087
"7186","9/13/2025","8:20:30 PM",0,9.3555,9.08
"7187","9/13/2025","8:35:30 PM",0,9.3561,9.092
"7188","9/13/2025","8:50:30 PM",0,9.3568,9.144
"7189","9/13/2025","9:05:30 PM",0,9.3559,9.153
"7190","9/13/2025","9:20:30 PM",0,9.3551,9.104
"7191","9/13/2025","9:35:30 PM",0,9.355,9.073
"7192","9/13/2025","9:50:30 PM",0,9.3536,9.057
"7193","9/13/2025","10:05:30 PM",0,9.3547,9.048
"7194","9/13/2025","10:20:30 PM",0,9.3573,9.061
"7195","9/13/2025","10:35:30 PM",0,9.3599,9.101
"7196","9/13/2025","10:50:30 PM",0,9.3587,9.083
"7197","9/13/2025","11:05:30 PM",0,9.3588,9.06
"7198","9/13/2025","11:20:30 PM",0,9.3562,9.046
"7199","9/13/2025","11:35:30 PM",0,9.3552,9.029
"7200","9/13/2025","11:50:30 PM",0,9.3556,9.015
"7201","9/14/2025","12:05:30 AM",0,9.3539,8.998
"7202","9/14/2025","12:20:30 AM",0,9.3525,8.983
"7203","9/14/2025","12:35:30 AM",0,9.3533,8.959
"7204","9/14/2025","12:50:30 AM",0,9.3515,8.929
"7205","9/14/2025","1:05:30 AM",0,9.3524,8.896
"7206","9/14/2025","1:20:30 AM",0,9.3542,8.877
"7207","9/14/2025","1:35:30 AM",0,9.3555,8.866
"7208","9/14/2025","1:50:30 AM",0,9.3562,8.856
"7209","9/14/2025","2:05:30 AM",0,9.3569,8.852
"7210","9/14/2025","2:20:30 AM",0,9.3583,8.852
"7211","9/14/2025","2:35:30 AM",0,9.3589,8.854
"7212","9/14/2025","2:50:30 AM",0,9.3591,8.839
"7213","9/14/2025","3:05:30 AM",0,9.3595,8.827
"7214","9/14/2025","3:20:30 AM",0,9.359,8.808
"7215","9/14/2025","3:35:30 AM",0,9.3582,8.785
"7216","9/14/2025","3:50:30 AM",0,9.3593,8.763
"7217","9/14/2025","4:05:30 AM",0,9.3594,8.741
"7218","9/14/2025","4:20:30 AM",0,9.36,8.723
"7219","9/14/2025","4:35:30 AM",0,9.3605,8.705
"7220","9/14/2025","4:50:30 AM",0,9.3609,8.705
"7221","9/14/2025","5:05:30 AM",0,9.3606,8.701
"7222","9/14/2025","5:20:30 AM",0,9.3614,8.695
"7223","9/14/2025","5:35:30 AM",0,9.3615,8.694
"7224","9/14/2025","5:50:30 AM",0,9.362,8.694
"7225","9/14/2025","6:05:30 AM",0,9.3637,8.694
"7226","9/14/2025","6:20:30 AM",0,9.3657,8.69
"7227","9/14/2025","6:35:30 AM",0,9.3666,8.686
"7228","9/14/2025","6:50:30 AM",0,9.3677,8.694
"7229","9/14/2025","7:05:30 AM",0,9.3689,8.713
"7230","9/14/2025","7:20:30 AM",0,9.3696,8.731
"7231","9/14/2025","7:35:30 AM",0,9.3715,8.745
"7232","9/14/2025","7:50:30 AM",0,9.3723,8.747
"7233","9/14/2025","8:05:30 AM",0,9.3739,8.748
"7234","9/14/2025","8:20:30 AM",0,9.3756,8.774
"7235","9/14/2025","8:35:30 AM",0,9.3766,8.801
"7236","9/14/2025","8:50:30 AM",0,9.3773,8.844
"7237","9/14/2025","9:05:30 AM",0,9.3788,8.895
"7238","9/14/2025","9:20:30 AM",0,9.3792,8.955
"7239","9/14/2025","9:35:30 AM",0,9.3814,9.018
"7240","9/14/2025","9:50:30 AM",0,9.3825,9.091
"7241","9/14/2025","10:05:30 AM",0,9.3847,9.173
"7242","9/14/2025","10:20:30 AM",0,9.3868,9.251
"7243","9/14/2025","10:35:30 AM",0,9.3897,9.395
"7244","9/14/2025","10:50:30 AM",0,9.3919,9.516
"7245","9/14/2025","11:05:30 AM",0,9.3916,9.495
"7246","9/14/2025","11:20:30 AM",0,9.391,9.473
"7247","9/14/2025","11:35:30 AM",0,9.3922,9.474
"7248","9/14/2025","11:50:30 AM",0,9.3917,9.458
"7249","9/14/2025","12:05:30 PM",0,9.3923,9.475
"7250","9/14/2025","12:20:30 PM",0,9.3953,9.639
"7251","9/14/2025","12:35:30 PM",0,9.3958,9.724
"7252","9/14/2025","12:50:30 PM",0,9.3981,9.836
"7253","9/14/2025","1:05:30 PM",0,9.399,9.906
"7254","9/14/2025","1:20:30 PM",0,9.3994,9.941
"7255","9/14/2025","1:35:30 PM",0,9.3984,9.966
"7256","9/14/2025","1:50:30 PM",0,9.3968,9.969
"7257","9/14/2025","2:05:30 PM",0,9.3958,9.948
"7258","9/14/2025","2:20:30 PM",0,9.3949,9.95
"7259","9/14/2025","2:35:30 PM",0,9.3946,9.941
"7260","9/14/2025","2:50:30 PM",0,9.3933,9.916
"7261","9/14/2025","3:05:30 PM",0,9.3918,9.876
"7262","9/14/2025","3:20:30 PM",0,9.391,9.819
"7263","9/14/2025","3:35:30 PM",0,9.3899,9.795
"7264","9/14/2025","3:50:30 PM",0,9.3889,9.776
"7265","9/14/2025","4:05:30 PM",0,9.3895,9.747
"7266","9/14/2025","4:20:30 PM",0,9.3893,9.727
"7267","9/14/2025","4:35:30 PM",0,9.3899,9.721
"7268","9/14/2025","4:50:30 PM",0,9.3885,9.651
"7269","9/14/2025","5:05:30 PM",0,9.3879,9.593
"7270","9/14/2025","5:20:30 PM",0,9.3859,9.527
"7271","9/14/2025","5:35:30 PM",0,9.3858,9.476
"7272","9/14/2025","5:50:30 PM",0,9.3844,9.428
"7273","9/14/2025","6:05:30 PM",0,9.3841,9.365
"7274","9/14/2025","6:20:30 PM",0,9.3835,9.315
"7275","9/14/2025","6:35:30 PM",0,9.3821,9.267
"7276","9/14/2025","6:50:30 PM",0,9.3818,9.211
"7277","9/14/2025","7:05:30 PM",0,9.3814,9.166
"7278","9/14/2025","7:20:30 PM",0,9.3812,9.117
"7279","9/14/2025","7:35:30 PM",0,9.3811,9.061
"7280","9/14/2025","7:50:30 PM",0,9.3828,9.018
"7281","9/14/2025","8:05:30 PM",0,9.3835,8.985
"7282","9/14/2025","8:20:30 PM",0,9.3853,8.96
"7283","9/14/2025","8:35:30 PM",0,9.3861,8.942
"7284","9/14/2025","8:50:30 PM",0,9.3874,8.928
"7285","9/14/2025","9:05:30 PM",0,9.3881,8.904
"7286","9/14/2025","9:20:30 PM",0,9.3882,8.88
"7287","9/14/2025","9:35:30 PM",0,9.3894,8.861
"7288","9/14/2025","9:50:30 PM",0,9.3905,8.852
"7289","9/14/2025","10:05:30 PM",0,9.3918,8.85
"7290","9/14/2025","10:20:30 PM",0,9.3919,8.841
"7291","9/14/2025","10:35:30 PM",0,9.3924,8.823
"7292","9/14/2025","10:50:30 PM",0,9.3943,8.805
"7293","9/14/2025","11:05:30 PM",0,9.3957,8.789
"7294","9/14/2025","11:20:30 PM",0,9.3965,8.772
"7295","9/14/2025","11:35:30 PM",0,9.3969,8.754
"7296","9/14/2025","11:50:30 PM",0,9.3971,8.741
"7297","9/15/2025","12:05:30 AM",0,9.397,8.735
"7298","9/15/2025","12:20:30 AM",0,9.3974,8.73
"7299","9/15/2025","12:35:30 AM",0,9.3978,8.725
"7300","9/15/2025","12:50:30 AM",0,9.3987,8.712
"7301","9/15/2025","1:05:30 AM",0,9.3991,8.7
"7302","9/15/2025","1:20:30 AM",0,9.3999,8.679
"7303","9/15/2025","1:35:30 AM",0,9.4006,8.67
"7304","9/15/2025","1:50:30 AM",0,9.4004,8.658
"7305","9/15/2025","2:05:30 AM",0,9.4005,8.642
"7306","9/15/2025","2:20:30 AM",0,9.401,8.639
"7307","9/15/2025","2:35:30 AM",0,9.4012,8.624
"7308","9/15/2025","2:50:30 AM",0,9.401,8.606
"7309","9/15/2025","3:05:30 AM",0,9.4009,8.594
"7310","9/15/2025","3:20:30 AM",0,9.402,8.584
"7311","9/15/2025","3:35:30 AM",0,9.402,8.576
"7312","9/15/2025","3:50:30 AM",0,9.4023,8.564
"7313","9/15/2025","4:05:30 AM",0,9.4029,8.559
"7314","9/15/2025","4:20:30 AM",0,9.4007,8.55
"7315","9/15/2025","4:35:30 AM",0,9.4012,8.547
"7316","9/15/2025","4:50:30 AM",0,9.4023,8.543
"7317","9/15/2025","5:05:30 AM",0,9.4022,8.542
"7318","9/15/2025","5:20:30 AM",0,9.4021,8.534
"7319","9/15/2025","5:35:30 AM",0,9.4019,8.525
"7320","9/15/2025","5:50:30 AM",0,9.4029,8.528
"7321","9/15/2025","6:05:30 AM",0,9.4044,8.531
"7322","9/15/2025","6:20:30 AM",0,9.4052,8.532
"7323","9/15/2025","6:35:30 AM",0,9.4054,8.527
"7324","9/15/2025","6:50:30 AM",0,9.4066,8.516
"7325","9/15/2025","7:05:30 AM",0,9.4084,8.516
"7326","9/15/2025","7:20:30 AM",0,9.4092,8.517
"7327","9/15/2025","7:35:30 AM",0,9.4111,8.515
"7328","9/15/2025","7:50:30 AM",0,9.4113,8.523
"7329","9/15/2025","8:05:30 AM",0,9.4134,8.555
"7330","9/15/2025","8:20:30 AM",0,9.4125,8.601
"7331","9/15/2025","8:35:30 AM",0,9.4132,8.653
"7332","9/15/2025","8:50:30 AM",0,9.4148,8.71
"7333","9/15/2025","9:05:30 AM",0,9.4162,8.776
"7334","9/15/2025","9:20:30 AM",0,9.4189,8.845
"7335","9/15/2025","9:35:30 AM",0,9.42,8.913
"7336","9/15/2025","9:50:30 AM",0,9.421,8.987
"7337","9/15/2025","10:05:30 AM",0,9.4223,9.064
"7338","9/15/2025","10:20:30 AM",0,9.4234,9.144
"7339","9/15/2025","10:35:30 AM",0,9.4237,9.222
"7340","9/15/2025","10:50:30 AM",0,9.4247,9.303
"7341","9/15/2025","11:05:30 AM",0,9.4254,9.37
"7342","9/15/2025","11:20:30 AM",0,9.425,9.438
"7343","9/15/2025","11:35:30 AM",0,9.426,9.494
"7344","9/15/2025","11:50:30 AM",0,9.4254,9.548
"7345","9/15/2025","12:05:30 PM",0,9.4249,9.607
"7346","9/15/2025","12:20:30 PM",0,9.425,9.673
"7347","9/15/2025","12:35:30 PM",0,9.4237,9.747
"7348","9/15/2025","12:50:30 PM",0,9.4217,9.819
"7349","9/15/2025","1:05:30 PM",0,9.4206,9.848
"7350","9/15/2025","1:20:30 PM",0,9.4193,9.857
"7351","9/15/2025","1:35:30 PM",0,9.4174,9.88
"7352","9/15/2025","1:50:30 PM",0,9.416,9.928
"7353","9/15/2025","2:05:30 PM",0,9.4142,9.919
"7354","9/15/2025","2:20:30 PM",0,9.4129,9.899
"7355","9/15/2025","2:35:30 PM",0,9.411,9.881
"7356","9/15/2025","2:50:30 PM",0,9.41,9.854
"7357","9/15/2025","3:05:30 PM",0,9.4081,9.827
"7358","9/15/2025","3:20:30 PM",0,9.4068,9.796
"7359","9/15/2025","3:35:30 PM",0,9.406,9.765
"7360","9/15/2025","3:50:30 PM",0,9.4047,9.731
"7361","9/15/2025","4:05:30 PM",0,9.4049,9.694
"7362","9/15/2025","4:20:30 PM",0,9.4031,9.666
"7363","9/15/2025","4:35:30 PM",0,9.4015,9.608
"7364","9/15/2025","4:50:30 PM",0,9.4004,9.558
"7365","9/15/2025","5:05:30 PM",0,9.3985,9.515
"7366","9/15/2025","5:20:30 PM",0,9.3984,9.444
"7367","9/15/2025","5:35:30 PM",0,9.3976,9.379
"7368","9/15/2025","5:50:30 PM",0,9.3977,9.317
"7369","9/15/2025","6:05:30 PM",0,9.3964,9.252
"7370","9/15/2025","6:20:30 PM",0,9.396,9.189
"7371","9/15/2025","6:35:30 PM",0,9.3956,9.131
"7372","9/15/2025","6:50:30 PM",0,9.3953,9.085
"7373","9/15/2025","7:05:30 PM",0,9.3948,9.049
"7374","9/15/2025","7:20:30 PM",0,9.3951,9.017
"7375","9/15/2025","7:35:30 PM",0,9.395,8.988
"7376","9/15/2025","7:50:30 PM",0,9.3953,8.964
"7377","9/15/2025","8:05:30 PM",0,9.3964,8.935
"7378","9/15/2025","8:20:30 PM",0,9.3966,8.916
"7379","9/15/2025","8:35:30 PM",0,9.3978,8.913
"7380","9/15/2025","8:50:30 PM",0,9.3982,8.897
"7381","9/15/2025","9:05:30 PM",0,9.3986,8.886
"7382","9/15/2025","9:20:30 PM",0,9.3986,8.872
"7383","9/15/2025","9:35:30 PM",0,9.3983,8.87
"7384","9/15/2025","9:50:30 PM",0,9.3991,8.875
"7385","9/15/2025","10:05:30 PM",0,9.3996,8.87
"7386","9/15/2025","10:20:30 PM",0,9.4001,8.862
"7387","9/15/2025","10:35:30 PM",0,9.4002,8.846
"7388","9/15/2025","10:50:30 PM",0,9.4016,8.834
"7389","9/15/2025","11:05:30 PM",0,9.4008,8.814
"7390","9/15/2025","11:20:30 PM",0,9.4005,8.8
"7391","9/15/2025","11:35:30 PM",0,9.4008,8.794
"7392","9/15/2025","11:50:30 PM",0,9.4014,8.791
"7393","9/16/2025","12:05:30 AM",0,9.4016,8.779
"7394","9/16/2025","12:20:30 AM",0,9.4021,8.764
"7395","9/16/2025","12:35:30 AM",0,9.4025,8.753
"7396","9/16/2025","12:50:30 AM",0,9.4028,8.747
"7397","9/16/2025","1:05:30 AM",0,9.4027,8.738
"7398","9/16/2025","1:20:30 AM",0,9.4029,8.727
"7399","9/16/2025","1:35:30 AM",0,9.4037,8.717
"7400","9/16/2025","1:50:30 AM",0,9.4036,8.708
"7401","9/16/2025","2:05:30 AM",0,9.4045,8.705
"7402","9/16/2025","2:20:30 AM",0,9.4035,8.691
"7403","9/16/2025","2:35:30 AM",0,9.4033,8.684
"7404","9/16/2025","2:50:30 AM",0,9.4032,8.676
"7405","9/16/2025","3:05:30 AM",0,9.403,8.674
"7406","9/16/2025","3:20:30 AM",0,9.4024,8.666
"7407","9/16/2025","3:35:30 AM",0,9.4023,8.659
"7408","9/16/2025","3:50:30 AM",0,9.4015,8.653
"7409","9/16/2025","4:05:30 AM",0,9.4009,8.642
"7410","9/16/2025","4:20:30 AM",0,9.4011,8.634
"7411","9/16/2025","4:35:30 AM",0,9.401,8.627
"7412","9/16/2025","4:50:30 AM",0,9.4009,8.62
"7413","9/16/2025","5:05:30 AM",0,9.4006,8.609
"7414","9/16/2025","5:20:30 AM",0,9.4023,8.605
"7415","9/16/2025","5:35:30 AM",0,9.4022,8.595
"7416","9/16/2025","5:50:30 AM",0,9.4022,8.592
"7417","9/16/2025","6:05:30 AM",0,9.4026,8.589
"7418","9/16/2025","6:20:30 AM",0,9.403,8.586
"7419","9/16/2025","6:35:30 AM",0,9.4032,8.582
"7420","9/16/2025","6:50:30 AM",0,9.4039,8.581
"7421","9/16/2025","7:05:30 AM",0,9.4046,8.58
"7422","9/16/2025","7:20:30 AM",0,9.4053,8.58
"7423","9/16/2025","7:35:30 AM",0,9.406,8.582
"7424","9/16/2025","7:50:30 AM",0,9.4072,8.596
"7425","9/16/2025","8:05:30 AM",0,9.4075,8.638
"7426","9/16/2025","8:20:30 AM",0,9.4083,8.68
"7427","9/16/2025","8:35:30 AM",0,9.4096,8.728
"7428","9/16/2025","8:50:30 AM",0,9.4111,8.785
"7429","9/16/2025","9:05:30 AM",0,9.4128,8.846
"7430","9/16/2025","9:20:30 AM",0,9.4135,8.904
"7431","9/16/2025","9:35:30 AM",0,9.4158,8.967
"7432","9/16/2025","9:50:30 AM",0,9.4175,9.04
"7433","9/16/2025","10:05:30 AM",0,9.4192,9.115
"7434","9/16/2025","10:20:30 AM",0,9.4204,9.193
"7435","9/16/2025","10:35:30 AM",0,9.4214,9.264
"7436","9/16/2025","10:50:30 AM",0,9.4221,9.34
"7437","9/16/2025","11:05:30 AM",0,9.4226,9.412
"7438","9/16/2025","11:20:30 AM",0,9.4234,9.482
"7439","9/16/2025","11:35:30 AM",0,9.4235,9.539
"7440","9/16/2025","11:50:30 AM",0,9.4237,9.596
"7441","9/16/2025","12:05:30 PM",0,9.4231,9.65
"7442","9/16/2025","12:20:30 PM",0,9.4231,9.705
"7443","9/16/2025","12:35:30 PM",0,9.4227,9.779
"7444","9/16/2025","12:50:30 PM",0,9.4218,9.827
"7445","9/16/2025","1:05:30 PM",0,9.421,9.865
"7446","9/16/2025","1:20:30 PM",0,9.4189,9.904
"7447","9/16/2025","1:35:30 PM",0,9.4177,9.934
"7448","9/16/2025","1:50:30 PM",0,9.4159,9.944
"7449","9/16/2025","2:05:30 PM",0,9.4158,9.936
"7450","9/16/2025","2:20:30 PM",0,9.4142,9.941
"7451","9/16/2025","2:35:30 PM",0,9.4137,9.932
"7452","9/16/2025","2:50:30 PM",0,9.4125,9.924
"7453","9/16/2025","3:05:30 PM",0,9.4112,9.889
"7454","9/16/2025","3:20:30 PM",0,9.4095,9.835
"7455","9/16/2025","3:35:30 PM",0,9.4076,9.801
"7456","9/16/2025","3:50:30 PM",0,9.4076,9.756
"7457","9/16/2025","4:05:30 PM",0,9.4051,9.726
"7458","9/16/2025","4:20:30 PM",0,9.4051,9.702
"7459","9/16/2025","4:35:30 PM",0,9.4044,9.654
"7460","9/16/2025","4:50:30 PM",0,9.4031,9.623
"7461","9/16/2025","5:05:30 PM",0,9.4029,9.586
"7462","9/16/2025","5:20:30 PM",0,9.4026,9.507
"7463","9/16/2025","5:35:30 PM",0,9.4026,9.452
"7464","9/16/2025","5:50:30 PM",0,9.4026,9.385
"7465","9/16/2025","6:05:30 PM",0,9.4015,9.325
"7466","9/16/2025","6:20:30 PM",0,9.4019,9.275
"7467","9/16/2025","6:35:30 PM",0,9.4015,9.232
"7468","9/16/2025","6:50:30 PM",0,9.4009,9.165
"7469","9/16/2025","7:05:30 PM",0,9.4008,9.117
"7470","9/16/2025","7:20:30 PM",0,9.4002,9.071
"7471","9/16/2025","7:35:30 PM",0,9.4012,9.045
"7472","9/16/2025","7:50:30 PM",0,9.4014,9.015
"7473","9/16/2025","8:05:30 PM",0,9.4024,8.998
"7474","9/16/2025","8:20:30 PM",0,9.4029,8.969
"7475","9/16/2025","8:35:30 PM",0,9.4033,8.951
"7476","9/16/2025","8:50:30 PM",0,9.4043,8.93
"7477","9/16/2025","9:05:30 PM",0,9.4042,8.909
"7478","9/16/2025","9:20:30 PM",0,9.4043,8.895
"7479","9/16/2025","9:35:30 PM",0,9.4053,8.883
"7480","9/16/2025","9:50:30 PM",0,9.4058,8.869
"7481","9/16/2025","10:05:30 PM",0,9.4064,8.86
"7482","9/16/2025","10:20:30 PM",0,9.407,8.848
"7483","9/16/2025","10:35:30 PM",0,9.4075,8.834
"7484","9/16/2025","10:50:30 PM",0,9.4076,8.826
"7485","9/16/2025","11:05:30 PM",0,9.4076,8.815
"7486","9/16/2025","11:20:30 PM",0,9.4079,8.806
"7487","9/16/2025","11:35:30 PM",0,9.4081,8.803
"7488","9/16/2025","11:50:30 PM",0,9.4076,8.794
"7489","9/17/2025","12:05:30 AM",0,9.4079,8.787
"7490","9/17/2025","12:20:30 AM",0,9.4082,8.78
"7491","9/17/2025","12:35:30 AM",0,9.4082,8.77
"7492","9/17/2025","12:50:30 AM",0,9.4086,8.762
"7493","9/17/2025","1:05:30 AM",0,9.4087,8.749
"7494","9/17/2025","1:20:30 AM",0,9.4092,8.743
"7495","9/17/2025","1:35:30 AM",0,9.4095,8.735
"7496","9/17/2025","1:50:30 AM",0,9.4091,8.729
"7497","9/17/2025","2:05:30 AM",0,9.4088,8.724
"7498","9/17/2025","2:20:30 AM",0,9.409,8.717
"7499","9/17/2025","2:35:30 AM",0,9.4093,8.71
"7500","9/17/2025","2:50:30 AM",0,9.4095,8.704
"7501","9/17/2025","3:05:30 AM",0,9.4093,8.695
"7502","9/17/2025","3:20:30 AM",0,9.4092,8.687
"7503","9/17/2025","3:35:30 AM",0,9.4092,8.689
"7504","9/17/2025","3:50:30 AM",0,9.4099,8.685
"7505","9/17/2025","4:05:30 AM",0,9.4096,8.677
"7506","9/17/2025","4:20:30 AM",0,9.4095,8.666
"7507","9/17/2025","4:35:30 AM",0,9.4098,8.659
"7508","9/17/2025","4:50:30 AM",0,9.4101,8.65
"7509","9/17/2025","5:05:30 AM",0,9.409,8.645
"7510","9/17/2025","5:20:30 AM",0,9.409,8.638
"7511","9/17/2025","5:35:30 AM",0,9.4099,8.63
"7512","9/17/2025","5:50:30 AM",0,9.4101,8.616
"7513","9/17/2025","6:05:30 AM",0,9.41,8.602
"7514","9/17/2025","6:20:30 AM",0,9.4096,8.611
"7515","9/17/2025","6:35:30 AM",0,9.4097,8.597
"7516","9/17/2025","6:50:30 AM",0,9.4112,8.586
"7517","9/17/2025","7:05:30 AM",0,9.4131,8.59
"7518","9/17/2025","7:20:30 AM",0,9.4132,8.592
"7519","9/17/2025","7:35:30 AM",0,9.4138,8.605
"7520","9/17/2025","7:50:30 AM",0,9.4141,8.614
"7521","9/17/2025","8:05:30 AM",0,9.4147,8.647
"7522","9/17/2025","8:20:30 AM",0,9.4161,8.693
"7523","9/17/2025","8:35:30 AM",0,9.4171,8.738
"7524","9/17/2025","8:50:30 AM",0,9.4179,8.795
"7525","9/17/2025","9:05:30 AM",0,9.4186,8.852
"7526","9/17/2025","9:20:30 AM",0,9.4195,8.908
"7527","9/17/2025","9:35:30 AM",0,9.4207,8.972
"7528","9/17/2025","9:50:30 AM",0,9.4219,9.043
"7529","9/17/2025","10:05:30 AM",0,9.4233,9.115
"7530","9/17/2025","10:20:30 AM",0,9.4242,9.197
"7531","9/17/2025","10:35:30 AM",0,9.4245,9.269
"7532","9/17/2025","10:50:30 AM",0,9.4256,9.342
"7533","9/17/2025","11:05:30 AM",0,9.4258,9.415
"7534","9/17/2025","11:20:30 AM",0,9.4265,9.499
"7535","9/17/2025","11:35:30 AM",0,9.4273,9.571
"7536","9/17/2025","11:50:30 AM",0,9.427,9.648
"7537","9/17/2025","12:05:30 PM",0,9.4271,9.726
"7538","9/17/2025","12:20:30 PM",0,9.4257,9.775
"7539","9/17/2025","12:35:30 PM",0,9.4244,9.847
"7540","9/17/2025","12:50:30 PM",0,9.4233,9.906
"7541","9/17/2025","1:05:30 PM",0,9.4203,9.927
"7542","9/17/2025","1:20:30 PM",0,9.4194,9.951
"7543","9/17/2025","1:35:30 PM",0,9.4173,9.962
"7544","9/17/2025","1:50:30 PM",0,9.4155,9.967
"7545","9/17/2025","2:05:30 PM",0,9.4155,9.979
"7546","9/17/2025","2:20:30 PM",0,9.4132,9.945
"7547","9/17/2025","2:35:30 PM",0,9.4111,9.923
"7548","9/17/2025","2:50:30 PM",0,9.409,9.921
"7549","9/17/2025","3:05:30 PM",0,9.4086,9.877
"7550","9/17/2025","3:20:30 PM",0,9.4068,9.83
"7551","9/17/2025","3:35:30 PM",0,9.404,9.796
"7552","9/17/2025","3:50:30 PM",0,9.403,9.768
"7553","9/17/2025","4:05:30 PM",0,9.4011,9.742
"7554","9/17/2025","4:20:30 PM",0,9.3999,9.719
"7555","9/17/2025","4:35:30 PM",0,9.3988,9.685
"7556","9/17/2025","4:50:30 PM",0,9.3969,9.615
"7557","9/17/2025","5:05:30 PM",0,9.3947,9.554
"7558","9/17/2025","5:20:30 PM",0,9.3936,9.497
"7559","9/17/2025","5:35:30 PM",0,9.3919,9.45
"7560","9/17/2025","5:50:30 PM",0,9.3908,9.37
"7561","9/17/2025","6:05:30 PM",0,9.3895,9.303
"7562","9/17/2025","6:20:30 PM",0,9.3884,9.245
"7563","9/17/2025","6:35:30 PM",0,9.3886,9.207
"7564","9/17/2025","6:50:30 PM",0,9.3884,9.167
"7565","9/17/2025","7:05:30 PM",0,9.3885,9.122
"7566","9/17/2025","7:20:30 PM",0,9.3879,9.099
"7567","9/17/2025","7:35:30 PM",0,9.3886,9.083
"7568","9/17/2025","7:50:30 PM",0,9.3892,9.076
"7569","9/17/2025","8:05:30 PM",0,9.3897,9.078
"7570","9/17/2025","8:20:30 PM",0,9.3907,9.102
"7571","9/17/2025","8:35:30 PM",0,9.3924,9.107
"7572","9/17/2025","8:50:30 PM",0,9.3921,9.087
"7573","9/17/2025","9:05:30 PM",0,9.3923,9.08
"7574","9/17/2025","9:20:30 PM",0,9.3932,9.07
"7575","9/17/2025","9:35:30 PM",0,9.3937,9.058
"7576","9/17/2025","9:50:30 PM",0,9.3947,9.043
"7577","9/17/2025","10:05:30 PM",0,9.3955,9.008
"7578","9/17/2025","10:20:30 PM",0,9.3954,8.977
"7579","9/17/2025","10:35:30 PM",0,9.3953,8.945
"7580","9/17/2025","10:50:30 PM",0,9.3954,8.921
"7581","9/17/2025","11:05:30 PM",0,9.3953,8.896
"7582","9/17/2025","11:20:30 PM",0,9.3944,8.878
"7583","9/17/2025","11:35:30 PM",0,9.3928,8.861
"7584","9/17/2025","11:50:30 PM",0,9.3928,8.849
"7585","9/18/2025","12:05:30 AM",0,9.392,8.839
"7586","9/18/2025","12:20:30 AM",0,9.3916,8.83
"7587","9/18/2025","12:35:30 AM",0,9.3918,8.821
"7588","9/18/2025","12:50:30 AM",0,9.3919,8.808
"7589","9/18/2025","1:05:30 AM",0,9.3916,8.802
"7590","9/18/2025","1:20:30 AM",0,9.3903,8.793
"7591","9/18/2025","1:35:30 AM",0,9.3908,8.785
"7592","9/18/2025","1:50:30 AM",0,9.3895,8.781
"7593","9/18/2025","2:05:30 AM",0,9.3893,8.78
"7594","9/18/2025","2:20:30 AM",0,9.3891,8.776
"7595","9/18/2025","2:35:30 AM",0,9.3891,8.771
"7596","9/18/2025","2:50:30 AM",0,9.3882,8.762
"7597","9/18/2025","3:05:30 AM",0,9.3877,8.758
"7598","9/18/2025","3:20:30 AM",0,9.3872,8.75
"7599","9/18/2025","3:35:30 AM",0,9.3872,8.746
"7600","9/18/2025","3:50:30 AM",0,9.3871,8.738
"7601","9/18/2025","4:05:30 AM",0,9.3873,8.736
"7602","9/18/2025","4:20:30 AM",0,9.3868,8.731
"7603","9/18/2025","4:35:30 AM",0,9.3871,8.723
"7604","9/18/2025","4:50:30 AM",0,9.3874,8.722
"7605","9/18/2025","5:05:30 AM",0,9.387,8.721
"7606","9/18/2025","5:20:30 AM",0,9.3866,8.712
"7607","9/18/2025","5:35:30 AM",0,9.3867,8.703
"7608","9/18/2025","5:50:30 AM",0,9.3866,8.699
"7609","9/18/2025","6:05:30 AM",0,9.3859,8.691
"7610","9/18/2025","6:20:30 AM",0,9.3859,8.686
"7611","9/18/2025","6:35:30 AM",0,9.386,8.682
"7612","9/18/2025","6:50:30 AM",0,9.3853,8.676
"7613","9/18/2025","7:05:30 AM",0,9.3855,8.669
"7614","9/18/2025","7:20:30 AM",0,9.3861,8.673
"7615","9/18/2025","7:35:30 AM",0,9.3861,8.675
"7616","9/18/2025","7:50:30 AM",0,9.3869,8.686
"7617","9/18/2025","8:05:30 AM",0,9.388,8.713
"7618","9/18/2025","8:20:30 AM",0,9.3886,8.75
"7619","9/18/2025","8:35:30 AM",0,9.3881,8.788
"7620","9/18/2025","8:50:30 AM",0,9.3893,8.837
"7621","9/18/2025","9:05:30 AM",0,9.389,8.887
"7622","9/18/2025","9:20:30 AM",0,9.3894,8.943
"7623","9/18/2025","9:35:30 AM",0,9.3898,9.007
"7624","9/18/2025","9:50:30 AM",0,9.3904,9.063
"7625","9/18/2025","10:05:30 AM",0,9.3903,9.133
"7626","9/18/2025","10:20:30 AM",0,9.3893,9.223
"7627","9/18/2025","10:35:30 AM",0,9.3885,9.311
"7628","9/18/2025","10:50:30 AM",0,9.3876,9.314
"7629","9/18/2025","11:05:30 AM",0,9.3864,9.255
"7630","9/18/2025","11:20:30 AM",0,9.3851,9.256
"7631","9/18/2025","11:35:30 AM",0,9.3834,9.282
"7632","9/18/2025","11:50:30 AM",0,9.381,9.396
"7633","9/18/2025","12:05:30 PM",0,9.3796,9.534
"7634","9/18/2025","12:20:30 PM",0,9.3705,9.663
"7635","9/18/2025","12:35:30 PM",0,9.371,9.746
"7636","9/18/2025","12:50:30 PM",0,9.3701,9.745
"7637","9/18/2025","1:05:30 PM",0,9.3705,9.82
"7638","9/18/2025","1:20:30 PM",0,9.3691,9.878
"7639","9/18/2025","1:35:30 PM",0,9.3671,9.923
"7640","9/18/2025","1:50:30 PM",0,9.366,9.961
"7641","9/18/2025","2:05:30 PM",0,9.364,9.927
"7642","9/18/2025","2:20:30 PM",0,9.3622,9.903
"7643","9/18/2025","2:35:30 PM",0,9.3609,9.905
"7644","9/18/2025","2:50:30 PM",0,9.36,9.875
"7645","9/18/2025","3:05:30 PM",0,9.3576,9.891
"7646","9/18/2025","3:20:30 PM",0,9.3554,9.816
"7647","9/18/2025","3:35:30 PM",0,9.3529,9.754
"7648","9/18/2025","3:50:30 PM",0,9.3518,9.761
"7649","9/18/2025","4:05:30 PM",0,9.3498,9.744
"7650","9/18/2025","4:20:30 PM",0,9.3489,9.709
"7651","9/18/2025","4:35:30 PM",0,9.3477,9.688
"7652","9/18/2025","4:50:30 PM",0,9.3463,9.633
"7653","9/18/2025","5:05:30 PM",0,9.3461,9.571
"7654","9/18/2025","5:20:30 PM",0,9.3451,9.52
"7655","9/18/2025","5:35:30 PM",0,9.3448,9.448
"7656","9/18/2025","5:50:30 PM",0,9.3452,9.397
"7657","9/18/2025","6:05:30 PM",0,9.3444,9.337
"7658","9/18/2025","6:20:30 PM",0,9.3439,9.28
"7659","9/18/2025","6:35:30 PM",0,9.3448,9.241
"7660","9/18/2025","6:50:30 PM",0,9.3447,9.204
"7661","9/18/2025","7:05:30 PM",0,9.3454,9.184
"7662","9/18/2025","7:20:30 PM",0,9.3459,9.187
"7663","9/18/2025","7:35:30 PM",0,9.3471,9.185
"7664","9/18/2025","7:50:30 PM",0,9.348,9.182
"7665","9/18/2025","8:05:30 PM",0,9.3484,9.166
"7666","9/18/2025","8:20:30 PM",0,9.3491,9.14
"7667","9/18/2025","8:35:30 PM",0,9.3499,9.133
"7668","9/18/2025","8:50:30 PM",0,9.3512,9.131
"7669","9/18/2025","9:05:30 PM",0,9.3512,9.111
"7670","9/18/2025","9:20:30 PM",0,9.3511,9.092
"7671","9/18/2025","9:35:30 PM",0,9.3517,9.07
"7672","9/18/2025","9:50:30 PM",0,9.3522,9.038
"7673","9/18/2025","10:05:30 PM",0,9.3524,9.015
"7674","9/18/2025","10:20:30 PM",0,9.3528,8.995
"7675","9/18/2025","10:35:30 PM",0,9.3535,8.984
"7676","9/18/2025","10:50:30 PM",0,9.3534,8.973
"7677","9/18/2025","11:05:30 PM",0,9.3536,8.962
"7678","9/18/2025","11:20:30 PM",0,9.3538,8.954
"7679","9/18/2025","11:35:30 PM",0,9.3538,8.945
"7680","9/18/2025","11:50:30 PM",0,9.3543,8.944
"7681","9/19/2025","12:05:30 AM",0,9.3538,8.935
"7682","9/19/2025","12:20:30 AM",0,9.3546,8.925
"7683","9/19/2025","12:35:30 AM",0,9.3551,8.915
"7684","9/19/2025","12:50:30 AM",0,9.3564,8.908
"7685","9/19/2025","1:05:30 AM",0,9.3574,8.898
"7686","9/19/2025","1:20:30 AM",0,9.3565,8.887
"7687","9/19/2025","1:35:30 AM",0,9.3567,8.872
"7688","9/19/2025","1:50:30 AM",0,9.3571,8.862
"7689","9/19/2025","2:05:30 AM",0,9.3571,8.857
"7690","9/19/2025","2:20:30 AM",0,9.3572,8.849
"7691","9/19/2025","2:35:30 AM",0,9.3569,8.845
"7692","9/19/2025","2:50:30 AM",0,9.3569,8.845
"7693","9/19/2025","3:05:30 AM",0,9.357,8.844
"7694","9/19/2025","3:20:30 AM",0,9.3567,8.84
"7695","9/19/2025","3:35:30 AM",0,9.3567,8.842
"7696","9/19/2025","3:50:30 AM",0,9.3564,8.85
"7697","9/19/2025","4:05:30 AM",0,9.3563,8.855
"7698","9/19/2025","4:20:30 AM",0,9.3566,8.857
"7699","9/19/2025","4:35:30 AM",0,9.3571,8.859
"7700","9/19/2025","4:50:30 AM",0,9.3566,8.856
"7701","9/19/2025","5:05:30 AM",0,9.357,8.85
"7702","9/19/2025","5:20:30 AM",0,9.3567,8.841
"7703","9/19/2025","5:35:30 AM",0,9.3575,8.835
"7704","9/19/2025","5:50:30 AM",0,9.357,8.833
"7705","9/19/2025","6:05:30 AM",0,9.3574,8.83
"7706","9/19/2025","6:20:30 AM",0,9.3572,8.832
"7707","9/19/2025","6:35:30 AM",0,9.3576,8.836
"7708","9/19/2025","6:50:30 AM",0,9.359,8.835
"7709","9/19/2025","7:05:30 AM",0,9.36,8.832
"7710","9/19/2025","7:20:30 AM",0,9.3605,8.829
"7711","9/19/2025","7:35:30 AM",0,9.3612,8.833
"7712","9/19/2025","7:50:30 AM",0,9.3628,8.836
"7713","9/19/2025","8:05:30 AM",0,9.3642,8.844
"7714","9/19/2025","8:20:30 AM",0,9.3644,8.861
"7715","9/19/2025","8:35:30 AM",0,9.3646,8.891
"7716","9/19/2025","8:50:30 AM",0,9.3649,8.93
"7717","9/19/2025","9:05:30 AM",0,9.3653,8.967
"7718","9/19/2025","9:20:30 AM",0,9.3661,9.002
"7719","9/19/2025","9:35:30 AM",0,9.3659,9.039
"7720","9/19/2025","9:50:30 AM",0,9.3662,9.074
"7721","9/19/2025","10:05:30 AM",0,9.3671,9.095
"7722","9/19/2025","10:20:30 AM",0,9.3683,9.135
"7723","9/19/2025","10:35:30 AM",0,9.3695,9.226
"7724","9/19/2025","10:50:30 AM",0,9.3714,9.335
"7725","9/19/2025","11:05:30 AM",0,9.3723,9.419
"7726","9/19/2025","11:20:30 AM",0,9.3734,9.475
"7727","9/19/2025","11:35:30 AM",0,9.3748,9.554
"7728","9/19/2025","11:50:30 AM",0,9.3764,9.648
"7729","9/19/2025","12:05:30 PM",0,9.3767,9.701
"7730","9/19/2025","12:20:30 PM",0,9.377,9.781
"7731","9/19/2025","12:35:30 PM",0,9.3784,9.877
"7732","9/19/2025","12:50:30 PM",0,9.3787,9.899
"7733","9/19/2025","1:05:30 PM",0,9.3776,9.928
"7734","9/19/2025","1:20:30 PM",0,9.3772,9.953
"7735","9/19/2025","1:35:30 PM",0,9.3745,9.89
"7736","9/19/2025","1:50:30 PM",0,9.3736,9.878
"7737","9/19/2025","2:05:30 PM",0,9.3728,9.886
"7738","9/19/2025","2:20:30 PM",0,9.3706,9.761
"7739","9/19/2025","2:35:30 PM",0,9.3691,9.699
"7740","9/19/2025","2:50:30 PM",0,9.3682,9.625
"7741","9/19/2025","3:05:30 PM",0,9.3668,9.589
"7742","9/19/2025","3:20:30 PM",0,9.3658,9.556
"7743","9/19/2025","3:35:30 PM",0,9.3639,9.515
"7744","9/19/2025","3:50:30 PM",0,9.3598,9.503
"7745","9/19/2025","4:05:30 PM",0,9.3599,9.511
"7746","9/19/2025","4:20:30 PM",0,9.3593,9.49
"7747","9/19/2025","4:35:30 PM",0,9.3585,9.474
"7748","9/19/2025","4:50:30 PM",0,9.3555,9.49
"7749","9/19/2025","5:05:30 PM",0,9.3539,9.49
"7750","9/19/2025","5:20:30 PM",0,9.3536,9.464
"7751","9/19/2025","5:35:30 PM",0,9.3534,9.407
"7752","9/19/2025","5:50:30 PM",0,9.3519,9.353
"7753","9/19/2025","6:05:30 PM",0,9.352,9.315
"7754","9/19/2025","6:20:30 PM",0,9.3526,9.271
"7755","9/19/2025","6:35:30 PM",0,9.3532,9.228
"7756","9/19/2025","6:50:30 PM",0,9.3529,9.193
"7757","9/19/2025","7:05:30 PM",0,9.3568,9.17
"7758","9/19/2025","7:20:30 PM",0,9.3585,9.172
"7759","9/19/2025","7:35:30 PM",0,9.3599,9.16
"7760","9/19/2025","7:50:30 PM",0,9.3601,9.139
"7761","9/19/2025","8:05:30 PM",0,9.362,9.138
"7762","9/19/2025","8:20:30 PM",0,9.3649,9.15
"7763","9/19/2025","8:35:30 PM",0,9.3668,9.168
"7764","9/19/2025","8:50:30 PM",0,9.3699,9.17
"7765","9/19/2025","9:05:30 PM",0,9.3719,9.148
"7766","9/19/2025","9:20:30 PM",0,9.3756,9.123
"7767","9/19/2025","9:35:30 PM",0,9.3774,9.094
"7768","9/19/2025","9:50:30 PM",0,9.3789,9.07
"7769","9/19/2025","10:05:30 PM",0,9.3847,9.023
"7770","9/19/2025","10:20:30 PM",0,9.3847,8.999
"7771","9/19/2025","10:35:30 PM",0,9.3842,8.983
"7772","9/19/2025","10:50:30 PM",0,9.3853,8.98
"7773","9/19/2025","11:05:30 PM",0,9.3849,8.977
"7774","9/19/2025","11:20:30 PM",0,9.3853,8.972
"7775","9/19/2025","11:35:30 PM",0,9.3843,8.972
"7776","9/19/2025","11:50:30 PM",0,9.3848,8.97
"7777","9/20/2025","12:05:30 AM",0,9.3854,8.968
"7778","9/20/2025","12:20:30 AM",0,9.3856,8.975
"7779","9/20/2025","12:35:30 AM",0,9.3858,8.975
"7780","9/20/2025","12:50:30 AM",0,9.3855,8.972
"7781","9/20/2025","1:05:30 AM",0,9.3863,8.97
"7782","9/20/2025","1:20:30 AM",0,9.3872,8.966
"7783","9/20/2025","1:35:30 AM",0,9.3881,8.966
"7784","9/20/2025","1:50:30 AM",0,9.3879,8.96
"7785","9/20/2025","2:05:30 AM",0,9.389,8.96
"7786","9/20/2025","2:20:30 AM",0,9.3884,8.957
"7787","9/20/2025","2:35:30 AM",0,9.3882,8.964
"7788","9/20/2025","2:50:30 AM",0,9.3867,8.958
"7789","9/20/2025","3:05:30 AM",0,9.3866,8.965
"7790","9/20/2025","3:20:30 AM",0,9.3877,8.965
"7791","9/20/2025","3:35:30 AM",0,9.3893,8.975
"7792","9/20/2025","3:50:30 AM",0,9.3902,8.991
"7793","9/20/2025","4:05:30 AM",0,9.3885,8.977
"7794","9/20/2025","4:20:30 AM",0,9.3889,8.959
"7795","9/20/2025","4:35:30 AM",0,9.3883,8.95
"7796","9/20/2025","4:50:30 AM",0,9.3875,8.942
"7797","9/20/2025","5:05:30 AM",0,9.3877,8.953
"7798","9/20/2025","5:20:30 AM",0,9.3888,8.949
"7799","9/20/2025","5:35:30 AM",0,9.3891,8.943
"7800","9/20/2025","5:50:30 AM",0,9.3896,8.939
"7801","9/20/2025","6:05:30 AM",0,9.3903,8.928
"7802","9/20/2025","6:20:30 AM",0,9.3915,8.921
"7803","9/20/2025","6:35:30 AM",0,9.392,8.917
"7804","9/20/2025","6:50:30 AM",0,9.3925,8.913
"7805","9/20/2025","7:05:30 AM",0,9.393,8.912
"7806","9/20/2025","7:20:30 AM",0,9.394,8.907
"7807","9/20/2025","7:35:30 AM",0,9.3958,8.928
"7808","9/20/2025","7:50:30 AM",0,9.3965,8.932
"7809","9/20/2025","8:05:30 AM",0,9.3976,8.935
"7810","9/20/2025","8:20:30 AM",0,9.399,8.953
"7811","9/20/2025","8:35:30 AM",0,9.3992,8.971
"7812","9/20/2025","8:50:30 AM",0,9.4008,8.993
"7813","9/20/2025","9:05:30 AM",0,9.4025,9.038
"7814","9/20/2025","9:20:30 AM",0,9.4049,9.126
"7815","9/20/2025","9:35:30 AM",0,9.4066,9.197
"7816","9/20/2025","9:50:30 AM",0,9.4072,9.233
"7817","9/20/2025","10:05:30 AM",0,9.4068,9.235
"7818","9/20/2025","10:20:30 AM",0,9.4078,9.268
"7819","9/20/2025","10:35:30 AM",0,9.4082,9.281
"7820","9/20/2025","10:50:30 AM",0,9.4089,9.344
"7821","9/20/2025","11:05:30 AM",0,9.4118,9.493
"7822","9/20/2025","11:20:30 AM",0,9.4123,9.579
"7823","9/20/2025","11:35:30 AM",0,9.4125,9.631
"7824","9/20/2025","11:50:30 AM",0,9.4122,9.705
"7825","9/20/2025","12:05:30 PM",0,9.4129,9.789
"7826","9/20/2025","12:20:30 PM",0,9.412,9.834
"7827","9/20/2025","12:35:30 PM",0,9.4115,9.89
"7828","9/20/2025","12:50:30 PM",0,9.411,9.952
"7829","9/20/2025","1:05:30 PM",0,9.4097,9.974
"7830","9/20/2025","1:20:30 PM",0,9.4089,10.007
"7831","9/20/2025","1:35:30 PM",0,9.4079,10.02
"7832","9/20/2025","1:50:30 PM",0,9.4062,10.03
"7833","9/20/2025","2:05:30 PM",0,9.4048,10.027
"7834","9/20/2025","2:20:30 PM",0,9.4029,10.027
"7835","9/20/2025","2:35:30 PM",0,9.4013,9.945
"7836","9/20/2025","2:50:30 PM",0,9.3983,9.849
"7837","9/20/2025","3:05:30 PM",0,9.3968,9.82
"7838","9/20/2025","3:20:30 PM",0,9.395,9.813
"7839","9/20/2025","3:35:30 PM",0,9.3935,9.81
"7840","9/20/2025","3:50:30 PM",0,9.3917,9.787
"7841","9/20/2025","4:05:30 PM",0,9.3908,9.769
"7842","9/20/2025","4:20:30 PM",0,9.3901,9.741
"7843","9/20/2025","4:35:30 PM",0,9.3887,9.652
"7844","9/20/2025","4:50:30 PM",0,9.3874,9.617
"7845","9/20/2025","5:05:30 PM",0,9.3861,9.594
"7846","9/20/2025","5:20:30 PM",0,9.3858,9.544
"7847","9/20/2025","5:35:30 PM",0,9.3851,9.521
"7848","9/20/2025","5:50:30 PM",0,9.3829,9.463
"7849","9/20/2025","6:05:30 PM",0,9.3816,9.414
"7850","9/20/2025","6:20:30 PM",0,9.3807,9.34
"7851","9/20/2025","6:35:30 PM",0,9.3803,9.269
"7852","9/20/2025","6:50:30 PM",0,9.3807,9.229
"7853","9/20/2025","7:05:30 PM",0,9.3815,9.205
"7854","9/20/2025","7:20:30 PM",0,9.3815,9.187
"7855","9/20/2025","7:35:30 PM",0,9.3823,9.159
"7856","9/20/2025","7:50:30 PM",0,9.3835,9.137
"7857","9/20/2025","8:05:30 PM",0,9.3843,9.13
"7858","9/20/2025","8:20:30 PM",0,9.3851,9.114
"7859","9/20/2025","8:35:30 PM",0,9.3856,9.091
"7860","9/20/2025","8:50:30 PM",0,9.3864,9.072
"7861","9/20/2025","9:05:30 PM",0,9.3872,9.057
"7862","9/20/2025","9:20:30 PM",0,9.388,9.048
"7863","9/20/2025","9:35:30 PM",0,9.3887,9.043
"7864","9/20/2025","9:50:30 PM",0,9.3893,9.036
"7865","9/20/2025","10:05:30 PM",0,9.3894,9.037
"7866","9/20/2025","10:20:30 PM",0,9.3896,9.033
"7867","9/20/2025","10:35:30 PM",0,9.3903,9.032
"7868","9/20/2025","10:50:30 PM",0,9.3895,9.028
"7869","9/20/2025","11:05:30 PM",0,9.3898,9.023
"7870","9/20/2025","11:20:30 PM",0,9.3896,9.021
"7871","9/20/2025","11:35:30 PM",0,9.3891,9.011
"7872","9/20/2025","11:50:30 PM",0,9.3881,8.997
"7873","9/21/2025","12:05:30 AM",0,9.3882,8.99
"7874","9/21/2025","12:20:30 AM",0,9.3874,8.984
"7875","9/21/2025","12:35:30 AM",0,9.3867,8.982
"7876","9/21/2025","12:50:30 AM",0,9.387,8.978
"7877","9/21/2025","1:05:30 AM",0,9.3869,8.968
"7878","9/21/2025","1:20:30 AM",0,9.3866,8.957
"7879","9/21/2025","1:35:30 AM",0,9.3858,8.937
"7880","9/21/2025","1:50:30 AM",0,9.3852,8.918
"7881","9/21/2025","2:05:30 AM",0,9.384,8.906
"7882","9/21/2025","2:20:30 AM",0,9.3843,8.899
"7883","9/21/2025","2:35:30 AM",0,9.383,8.895
"7884","9/21/2025","2:50:30 AM",0,9.383,8.89
"7885","9/21/2025","3:05:30 AM",0,9.3821,8.88
"7886","9/21/2025","3:20:30 AM",0,9.3816,8.867
"7887","9/21/2025","3:35:30 AM",0,9.3808,8.856
"7888","9/21/2025","3:50:30 AM",0,9.3807,8.844
"7889","9/21/2025","4:05:30 AM",0,9.3802,8.83
"7890","9/21/2025","4:20:30 AM",0,9.3795,8.819
"7891","9/21/2025","4:35:30 AM",0,9.3792,8.812
"7892","9/21/2025","4:50:30 AM",0,9.3785,8.806
"7893","9/21/2025","5:05:30 AM",0,9.3785,8.801
"7894","9/21/2025","5:20:30 AM",0,9.3786,8.797
"7895","9/21/2025","5:35:30 AM",0,9.3791,8.793
"7896","9/21/2025","5:50:30 AM",0,9.3803,8.788
"7897","9/21/2025","6:05:30 AM",0,9.3808,8.785
"7898","9/21/2025","6:20:30 AM",0,9.3839,8.784
"7899","9/21/2025","6:35:30 AM",0,9.3836,8.791
"7900","9/21/2025","6:50:30 AM",0,9.3835,8.809
"7901","9/21/2025","7:05:30 AM",0,9.3837,8.817
"7902","9/21/2025","7:20:30 AM",0,9.3837,8.833
"7903","9/21/2025","7:35:30 AM",0,9.385,8.853
"7904","9/21/2025","7:50:30 AM",0,9.3859,8.867
"7905","9/21/2025","8:05:30 AM",0,9.3862,8.878
"7906","9/21/2025","8:20:30 AM",0,9.3872,8.886
"7907","9/21/2025","8:35:30 AM",0,9.3863,8.915
"7908","9/21/2025","8:50:30 AM",0,9.3881,8.941
"7909","9/21/2025","9:05:30 AM",0,9.3874,8.957
"7910","9/21/2025","9:20:30 AM",0,9.3877,8.97
"7911","9/21/2025","9:35:30 AM",0,9.3878,8.995
"7912","9/21/2025","9:50:30 AM",0,9.3891,9.06
"7913","9/21/2025","10:05:30 AM",0,9.3902,9.136
"7914","9/21/2025","10:20:30 AM",0,9.3915,9.171
"7915","9/21/2025","10:35:30 AM",0,9.3934,9.277
"7916","9/21/2025","10:50:30 AM",0,9.3955,9.367
"7917","9/21/2025","11:05:30 AM",0,9.397,9.448
"7918","9/21/2025","11:20:30 AM",0,9.3978,9.504
"7919","9/21/2025","11:35:30 AM",0,9.3984,9.55
"7920","9/21/2025","11:50:30 AM",0,9.3994,9.62
"7921","9/21/2025","12:05:30 PM",0,9.4002,9.69
"7922","9/21/2025","12:20:30 PM",0,9.4012,9.739
"7923","9/21/2025","12:35:30 PM",0,9.4016,9.818
"7924","9/21/2025","12:50:30 PM",0,9.4012,9.864
"7925","9/21/2025","1:05:30 PM",0,9.4023,9.916
"7926","9/21/2025","1:20:30 PM",0,9.4009,9.917
"7927","9/21/2025","1:35:30 PM",0,9.398,9.93
"7928","9/21/2025","1:50:30 PM",0,9.3964,9.94
"7929","9/21/2025","2:05:30 PM",0,9.3948,9.918
"7930","9/21/2025","2:20:30 PM",0,9.3941,9.915
"7931","9/21/2025","2:35:30 PM",0,9.3931,9.921
"7932","9/21/2025","2:50:30 PM",0,9.3916,9.902
"7933","9/21/2025","3:05:30 PM",0,9.3898,9.859
"7934","9/21/2025","3:20:30 PM",0,9.388,9.82
"7935","9/21/2025","3:35:30 PM",0,9.3856,9.76
"7936","9/21/2025","3:50:30 PM",0,9.385,9.724
"7937","9/21/2025","4:05:30 PM",0,9.384,9.691
"7938","9/21/2025","4:20:30 PM",0,9.3836,9.667
"7939","9/21/2025","4:35:30 PM",0,9.3824,9.645
"7940","9/21/2025","4:50:30 PM",0,9.3823,9.635
"7941","9/21/2025","5:05:30 PM",0,9.381,9.592
"7942","9/21/2025","5:20:30 PM",0,9.3807,9.547
"7943","9/21/2025","5:35:30 PM",0,9.3805,9.481
"7944","9/21/2025","5:50:30 PM",0,9.3804,9.432
"7945","9/21/2025","6:05:30 PM",0,9.3805,9.38
"7946","9/21/2025","6:20:30 PM",0,9.3802,9.32
"7947","9/21/2025","6:35:30 PM",0,9.3799,9.275
"7948","9/21/2025","6:50:30 PM",0,9.3799,9.225
"7949","9/21/2025","7:05:30 PM",0,9.3792,9.183
"7950","9/21/2025","7:20:30 PM",0,9.3788,9.153
"7951","9/21/2025","7:35:30 PM",0,9.3783,9.122
"7952","9/21/2025","7:50:30 PM",0,9.3795,9.097
"7953","9/21/2025","8:05:30 PM",0,9.3797,9.066
"7954","9/21/2025","8:20:30 PM",0,9.3792,9.032
"7955","9/21/2025","8:35:30 PM",0,9.38,9.011
"7956","9/21/2025","8:50:30 PM",0,9.3802,8.987
"7957","9/21/2025","9:05:30 PM",0,9.3806,8.962
"7958","9/21/2025","9:20:30 PM",0,9.3816,8.942
"7959","9/21/2025","9:35:30 PM",0,9.3815,8.918
"7960","9/21/2025","9:50:30 PM",0,9.382,8.904
"7961","9/21/2025","10:05:30 PM",0,9.3811,8.892
"7962","9/21/2025","10:20:30 PM",0,9.3826,8.875
"7963","9/21/2025","10:35:30 PM",0,9.3835,8.865
"7964","9/21/2025","10:50:30 PM",0,9.3837,8.854
"7965","9/21/2025","11:05:30 PM",0,9.386,8.844
"7966","9/21/2025","11:20:30 PM",0,9.3886,8.829
"7967","9/21/2025","11:35:30 PM",0,9.3902,8.813
"7968","9/21/2025","11:50:30 PM",0,9.3921,8.793
"7969","9/22/2025","12:05:30 AM",0,9.3935,8.776
"7970","9/22/2025","12:20:30 AM",0,9.3949,8.759
"7971","9/22/2025","12:35:30 AM",0,9.395,8.747
"7972","9/22/2025","12:50:30 AM",0,9.3961,8.737
"7973","9/22/2025","1:05:30 AM",0,9.3968,8.737
"7974","9/22/2025","1:20:30 AM",0,9.398,8.73
"7975","9/22/2025","1:35:30 AM",0,9.3981,8.723
"7976","9/22/2025","1:50:30 AM",0,9.3995,8.714
"7977","9/22/2025","2:05:30 AM",0,9.4004,8.71
"7978","9/22/2025","2:20:30 AM",0,9.4012,8.702
"7979","9/22/2025","2:35:30 AM",0,9.4017,8.693
"7980","9/22/2025","2:50:30 AM",0,9.4018,8.692
"7981","9/22/2025","3:05:30 AM",0,9.4034,8.685
"7982","9/22/2025","3:20:30 AM",0,9.4028,8.682
"7983","9/22/2025","3:35:30 AM",0,9.4035,8.679
"7984","9/22/2025","3:50:30 AM",0,9.4044,8.673
"7985","9/22/2025","4:05:30 AM",0,9.4035,8.673
"7986","9/22/2025","4:20:30 AM",0,9.4034,8.668
"7987","9/22/2025","4:35:30 AM",0,9.4036,8.667
"7988","9/22/2025","4:50:30 AM",0,9.4048,8.664
"7989","9/22/2025","5:05:30 AM",0,9.4058,8.661
"7990","9/22/2025","5:20:30 AM",0,9.4058,8.656
"7991","9/22/2025","5:35:30 AM",0,9.4078,8.644
"7992","9/22/2025","5:50:30 AM",0,9.408,8.633
"7993","9/22/2025","6:05:30 AM",0,9.4098,8.632
"7994","9/22/2025","6:20:30 AM",0,9.4106,8.63
"7995","9/22/2025","6:35:30 AM",0,9.4115,8.636
"7996","9/22/2025","6:50:30 AM",0,9.4115,8.632
"7997","9/22/2025","7:05:30 AM",0,9.4141,8.625
"7998","9/22/2025","7:20:30 AM",0,9.4156,8.616
"7999","9/22/2025","7:35:30 AM",0,9.4162,8.618
"8000","9/22/2025","7:50:30 AM",0,9.4174,8.623
"8001","9/22/2025","8:05:30 AM",0,9.4194,8.646
"8002","9/22/2025","8:20:30 AM",0,9.4203,8.681
"8003","9/22/2025","8:35:30 AM",0,9.4213,8.726
"8004","9/22/2025","8:50:30 AM",0,9.4234,8.775
"8005","9/22/2025","9:05:30 AM",0,9.4243,8.825
"8006","9/22/2025","9:20:30 AM",0,9.4254,8.883
"8007","9/22/2025","9:35:30 AM",0,9.4262,8.948
"8008","9/22/2025","9:50:30 AM",0,9.4282,9.028
"8009","9/22/2025","10:05:30 AM",0,9.4308,9.103
"8010","9/22/2025","10:20:30 AM",0,9.4313,9.162
"8011","9/22/2025","10:35:30 AM",0,9.4328,9.222
"8012","9/22/2025","10:50:30 AM",0,9.4327,9.284
"8013","9/22/2025","11:05:30 AM",0,9.4327,9.346
"8014","9/22/2025","11:20:30 AM",0,9.4331,9.4
"8015","9/22/2025","11:35:30 AM",0,9.4339,9.459
"8016","9/22/2025","11:50:30 AM",0,9.4333,9.522
"8017","9/22/2025","12:05:30 PM",0,9.4326,9.566
"8018","9/22/2025","12:20:30 PM",0,9.4318,9.631
"8019","9/22/2025","12:35:30 PM",0,9.4293,9.698
"8020","9/22/2025","12:50:30 PM",0,9.4272,9.755
"8021","9/22/2025","1:05:30 PM",0,9.4263,9.799
"8022","9/22/2025","1:20:30 PM",0,9.4243,9.811
"8023","9/22/2025","1:35:30 PM",0,9.4227,9.815
"8024","9/22/2025","1:50:30 PM",0,9.4205,9.844
"8025","9/22/2025","2:05:30 PM",0,9.4168,9.847
"8026","9/22/2025","2:20:30 PM",0,9.4151,9.815
"8027","9/22/2025","2:35:30 PM",0,9.412,9.828
"8028","9/22/2025","2:50:30 PM",0,9.4096,9.802
"8029","9/22/2025","3:05:30 PM",0,9.4084,9.771
"8030","9/22/2025","3:20:30 PM",0,9.4064,9.742
"8031","9/22/2025","3:35:30 PM",0,9.4034,9.709
"8032","9/22/2025","3:50:30 PM",0,9.4029,9.682
"8033","9/22/2025","4:05:30 PM",0,9.4009,9.62
"8034","9/22/2025","4:20:30 PM",0,9.3986,9.583
"8035","9/22/2025","4:35:30 PM",0,9.3981,9.557
"8036","9/22/2025","4:50:30 PM",0,9.3979,9.521
"8037","9/22/2025","5:05:30 PM",0,9.3966,9.469
"8038","9/22/2025","5:20:30 PM",0,9.3961,9.429
"8039","9/22/2025","5:35:30 PM",0,9.3941,9.365
"8040","9/22/2025","5:50:30 PM",0,9.394,9.298
"8041","9/22/2025","6:05:30 PM",0,9.3937,9.234
"8042","9/22/2025","6:20:30 PM",0,9.3946,9.178
"8043","9/22/2025","6:35:30 PM",0,9.3942,9.133
"8044","9/22/2025","6:50:30 PM",0,9.3941,9.093
"8045","9/22/2025","7:05:30 PM",0,9.3943,9.047
"8046","9/22/2025","7:20:30 PM",0,9.3941,9.012
"8047","9/22/2025","7:35:30 PM",0,9.3947,8.98
"8048","9/22/2025","7:50:30 PM",0,9.3956,8.963
"8049","9/22/2025","8:05:30 PM",0,9.3969,8.947
"8050","9/22/2025","8:20:30 PM",0,9.3974,8.928
"8051","9/22/2025","8:35:30 PM",0,9.3981,8.908
"8052","9/22/2025","8:50:30 PM",0,9.399,8.902
"8053","9/22/2025","9:05:30 PM",0,9.3997,8.891
"8054","9/22/2025","9:20:30 PM",0,9.4003,8.882
"8055","9/22/2025","9:35:30 PM",0,9.4007,8.867
"8056","9/22/2025","9:50:30 PM",0,9.4022,8.856
"8057","9/22/2025","10:05:30 PM",0,9.4021,8.841
"8058","9/22/2025","10:20:30 PM",0,9.4022,8.835
"8059","9/22/2025","10:35:30 PM",0,9.4016,8.819
"8060","9/22/2025","10:50:30 PM",0,9.4017,8.812
"8061","9/22/2025","11:05:30 PM",0,9.4019,8.81
"8062","9/22/2025","11:20:30 PM",0,9.4026,8.799
"8063","9/22/2025","11:35:30 PM",0,9.4027,8.794
"8064","9/22/2025","11:50:30 PM",0,9.4028,8.787
"8065","9/23/2025","12:05:30 AM",0,9.4024,8.777
"8066","9/23/2025","12:20:30 AM",0,9.4024,8.764
"8067","9/23/2025","12:35:30 AM",0,9.402,8.756
"8068","9/23/2025","12:50:30 AM",0,9.4029,8.754
"8069","9/23/2025","1:05:30 AM",0,9.4029,8.737
"8070","9/23/2025","1:20:30 AM",0,9.4033,8.727
"8071","9/23/2025","1:35:30 AM",0,9.4035,8.724
"8072","9/23/2025","1:50:30 AM",0,9.4042,8.714
"8073","9/23/2025","2:05:30 AM",0,9.4051,8.705
"8074","9/23/2025","2:20:30 AM",0,9.4045,8.696
"8075","9/23/2025","2:35:30 AM",0,9.4042,8.69
"8076","9/23/2025","2:50:30 AM",0,9.4038,8.68
"8077","9/23/2025","3:05:30 AM",0,9.404,8.676
"8078","9/23/2025","3:20:30 AM",0,9.4035,8.672
"8079","9/23/2025","3:35:30 AM",0,9.4035,8.667
"8080","9/23/2025","3:50:30 AM",0,9.4034,8.661
"8081","9/23/2025","4:05:30 AM",0,9.4037,8.648
"8082","9/23/2025","4:20:30 AM",0,9.404,8.652
"8083","9/23/2025","4:35:30 AM",0,9.4041,8.652
"8084","9/23/2025","4:50:30 AM",0,9.4047,8.654
"8085","9/23/2025","5:05:30 AM",0,9.4043,8.646
"8086","9/23/2025","5:20:30 AM",0,9.4044,8.635
"8087","9/23/2025","5:35:30 AM",0,9.4043,8.621
"8088","9/23/2025","5:50:30 AM",0,9.405,8.607
"8089","9/23/2025","6:05:30 AM",0,9.4046,8.595
"8090","9/23/2025","6:20:30 AM",0,9.4054,8.578
"8091","9/23/2025","6:35:30 AM",0,9.4062,8.57
"8092","9/23/2025","6:50:30 AM",0,9.4065,8.559
"8093","9/23/2025","7:05:30 AM",0,9.4072,8.547
"8094","9/23/2025","7:20:30 AM",0,9.4078,8.557
"8095","9/23/2025","7:35:30 AM",0,9.4084,8.565
"8096","9/23/2025","7:50:30 AM",0,9.4099,8.588
"8097","9/23/2025","8:05:30 AM",0,9.4108,8.623
"8098","9/23/2025","8:20:30 AM",0,9.4116,8.665
"8099","9/23/2025","8:35:30 AM",0,9.4125,8.71
"8100","9/23/2025","8:50:30 AM",0,9.4144,8.762
"8101","9/23/2025","9:05:30 AM",0,9.4153,8.822
"8102","9/23/2025","9:20:30 AM",0,9.4165,8.885
"8103","9/23/2025","9:35:30 AM",0,9.4172,8.949
"8104","9/23/2025","9:50:30 AM",0,9.4183,9.028
"8105","9/23/2025","10:05:30 AM",0,9.42,9.102
"8106","9/23/2025","10:20:30 AM",0,9.421,9.168
"8107","9/23/2025","10:35:30 AM",0,9.4216,9.234
"8108","9/23/2025","10:50:30 AM",0,9.4224,9.296
"8109","9/23/2025","11:05:30 AM",0,9.4229,9.357
"8110","9/23/2025","11:20:30 AM",0,9.4233,9.408
"8111","9/23/2025","11:35:30 AM",0,9.4227,9.466
"8112","9/23/2025","11:50:30 AM",0,9.4224,9.529
"8113","9/23/2025","12:05:30 PM",0,9.4224,9.595
"8114","9/23/2025","12:20:30 PM",0,9.4216,9.655
"8115","9/23/2025","12:35:30 PM",0,9.4199,9.725
"8116","9/23/2025","12:50:30 PM",0,9.4186,9.792
"8117","9/23/2025","1:05:30 PM",0,9.416,9.84
"8118","9/23/2025","1:20:30 PM",0,9.4148,9.873
"8119","9/23/2025","1:35:30 PM",0,9.4113,9.873
"8120","9/23/2025","1:50:30 PM",0,9.4097,9.881
"8121","9/23/2025","2:05:30 PM",0,9.4079,9.89
"8122","9/23/2025","2:20:30 PM",0,9.4062,9.87
"8123","9/23/2025","2:35:30 PM",0,9.405,9.875
"8124","9/23/2025","2:50:30 PM",0,9.4032,9.867
"8125","9/23/2025","3:05:30 PM",0,9.4019,9.816
"8126","9/23/2025","3:20:30 PM",0,9.4008,9.803
"8127","9/23/2025","3:35:30 PM",0,9.3993,9.78
"8128","9/23/2025","3:50:30 PM",0,9.3975,9.735
"8129","9/23/2025","4:05:30 PM",0,9.397,9.678
"8130","9/23/2025","4:20:30 PM",0,9.3951,9.635
"8131","9/23/2025","4:35:30 PM",0,9.3947,9.605
"8132","9/23/2025","4:50:30 PM",0,9.3946,9.548
"8133","9/23/2025","5:05:30 PM",0,9.394,9.508
"8134","9/23/2025","5:20:30 PM",0,9.3937,9.449
"8135","9/23/2025","5:35:30 PM",0,9.3927,9.409
"8136","9/23/2025","5:50:30 PM",0,9.394,9.342
"8137","9/23/2025","6:05:30 PM",0,9.3932,9.29
"8138","9/23/2025","6:20:30 PM",0,9.3936,9.233
"8139","9/23/2025","6:35:30 PM",0,9.3934,9.176
"8140","9/23/2025","6:50:30 PM",0,9.393,9.138
"8141","9/23/2025","7:05:30 PM",0,9.3928,9.097
"8142","9/23/2025","7:20:30 PM",0,9.3926,9.067
"8143","9/23/2025","7:35:30 PM",0,9.3933,9.034
"8144","9/23/2025","7:50:30 PM",0,9.394,9.004
"8145","9/23/2025","8:05:30 PM",0,9.3946,8.985
"8146","9/23/2025","8:20:30 PM",0,9.3955,8.964
"8147","9/23/2025","8:35:30 PM",0,9.3964,8.944
"8148","9/23/2025","8:50:30 PM",0,9.397,8.936
"8149","9/23/2025","9:05:30 PM",0,9.3973,8.915
"8150","9/23/2025","9:20:30 PM",0,9.3971,8.909
"8151","9/23/2025","9:35:30 PM",0,9.3977,8.896
"8152","9/23/2025","9:50:30 PM",0,9.3984,8.892
"8153","9/23/2025","10:05:30 PM",0,9.3991,8.881
"8154","9/23/2025","10:20:30 PM",0,9.3998,8.871
"8155","9/23/2025","10:35:30 PM",0,9.4002,8.858
"8156","9/23/2025","10:50:30 PM",0,9.4003,8.854
"8157","9/23/2025","11:05:30 PM",0,9.4006,8.845
"8158","9/23/2025","11:20:30 PM",0,9.4005,8.839
"8159","9/23/2025","11:35:30 PM",0,9.401,8.83
"8160","9/23/2025","11:50:30 PM",0,9.4013,8.822
"8161","9/24/2025","12:05:30 AM",0,9.4009,8.81
"8162","9/24/2025","12:20:30 AM",0,9.4012,8.805
"8163","9/24/2025","12:35:30 AM",0,9.4011,8.796
"8164","9/24/2025","12:50:30 AM",0,9.4005,8.79
"8165","9/24/2025","1:05:30 AM",0,9.4013,8.783
"8166","9/24/2025","1:20:30 AM",0,9.402,8.777
"8167","9/24/2025","1:35:30 AM",0,9.4027,8.765
"8168","9/24/2025","1:50:30 AM",0,9.4031,8.748
"8169","9/24/2025","2:05:30 AM",0,9.4039,8.743
"8170","9/24/2025","2:20:30 AM",0,9.403,8.731
"8171","9/24/2025","2:35:30 AM",0,9.4032,8.721
"8172","9/24/2025","2:50:30 AM",0,9.4029,8.712
"8173","9/24/2025","3:05:30 AM",0,9.4035,8.699
"8174","9/24/2025","3:20:30 AM",0,9.4034,8.687
"8175","9/24/2025","3:35:30 AM",0,9.4028,8.673
"8176","9/24/2025","3:50:30 AM",0,9.4023,8.661
"8177","9/24/2025","4:05:30 AM",0,9.4034,8.665
"8178","9/24/2025","4:20:30 AM",0,9.4022,8.652
"8179","9/24/2025","4:35:30 AM",0,9.4025,8.642
"8180","9/24/2025","4:50:30 AM",0,9.4024,8.632
"8181","9/24/2025","5:05:30 AM",0,9.4025,8.622
"8182","9/24/2025","5:20:30 AM",0,9.4018,8.61
"8183","9/24/2025","5:35:30 AM",0,9.4019,8.6
"8184","9/24/2025","5:50:30 AM",0,9.4026,8.589
"8185","9/24/2025","6:05:30 AM",0,9.4027,8.579
"8186","9/24/2025","6:20:30 AM",0,9.402,8.568
"8187","9/24/2025","6:35:30 AM",0,9.4022,8.569
"8188","9/24/2025","6:50:30 AM",0,9.4022,8.571
"8189","9/24/2025","7:05:30 AM",0,9.4029,8.564
"8190","9/24/2025","7:20:30 AM",0,9.403,8.577
"8191","9/24/2025","7:35:30 AM",0,9.4041,8.588
"8192","9/24/2025","7:50:30 AM",0,9.4045,8.591
"8193","9/24/2025","8:05:30 AM",0,9.4054,8.618
"8194","9/24/2025","8:20:30 AM",0,9.4057,8.665
"8195","9/24/2025","8:35:30 AM",0,9.4065,8.706
"8196","9/24/2025","8:50:30 AM",0,9.4074,8.756
"8197","9/24/2025","9:05:30 AM",0,9.4088,8.819
"8198","9/24/2025","9:20:30 AM",0,9.4111,8.882
"8199","9/24/2025","9:35:30 AM",0,9.4137,8.96
"8200","9/24/2025","9:50:30 AM",0,9.4142,9.034
"8201","9/24/2025","10:05:30 AM",0,9.4157,9.1
"8202","9/24/2025","10:20:30 AM",0,9.4166,9.163
"8203","9/24/2025","10:35:30 AM",0,9.4174,9.224
"8204","9/24/2025","10:50:30 AM",0,9.4185,9.303
"8205","9/24/2025","11:05:30 AM",0,9.4186,9.374
"8206","9/24/2025","11:20:30 AM",0,9.4196,9.432
"8207","9/24/2025","11:35:30 AM",0,9.418,9.482
"8208","9/24/2025","11:50:30 AM",0,9.4182,9.548
"8209","9/24/2025","12:05:30 PM",0,9.4179,9.608
"8210","9/24/2025","12:20:30 PM",0,9.4166,9.671
"8211","9/24/2025","12:35:30 PM",0,9.4153,9.76
"8212","9/24/2025","12:50:30 PM",0,9.4142,9.831
"8213","9/24/2025","1:05:30 PM",0,9.4139,9.87
"8214","9/24/2025","1:20:30 PM",0,9.4121,9.871
"8215","9/24/2025","1:35:30 PM",0,9.4097,9.864
"8216","9/24/2025","1:50:30 PM",0,9.4089,9.863
"8217","9/24/2025","2:05:30 PM",0,9.4058,9.841
"8218","9/24/2025","2:20:30 PM",0,9.4045,9.832
"8219","9/24/2025","2:35:30 PM",0,9.4024,9.831
"8220","9/24/2025","2:50:30 PM",0,9.4017,9.829
"8221","9/24/2025","3:05:30 PM",0,9.3998,9.798
"8222","9/24/2025","3:20:30 PM",0,9.3996,9.77
"8223","9/24/2025","3:35:30 PM",0,9.3974,9.728
"8224","9/24/2025","3:50:30 PM",0,9.3951,9.696
"8225","9/24/2025","4:05:30 PM",0,9.3945,9.649
"8226","9/24/2025","4:20:30 PM",0,9.3936,9.65
"8227","9/24/2025","4:35:30 PM",0,9.3931,9.582
"8228","9/24/2025","4:50:30 PM",0,9.393,9.54
"8229","9/24/2025","5:05:30 PM",0,9.3926,9.505
"8230","9/24/2025","5:20:30 PM",0,9.3917,9.447
"8231","9/24/2025","5:35:30 PM",0,9.3911,9.389
"8232","9/24/2025","5:50:30 PM",0,9.3907,9.339
"8233","9/24/2025","6:05:30 PM",0,9.3901,9.278
"8234","9/24/2025","6:20:30 PM",0,9.3894,9.232
"8235","9/24/2025","6:35:30 PM",0,9.3893,9.176
"8236","9/24/2025","6:50:30 PM",0,9.3893,9.143
"8237","9/24/2025","7:05:30 PM",0,9.3893,9.101
"8238","9/24/2025","7:20:30 PM",0,9.3894,9.071
"8239","9/24/2025","7:35:30 PM",0,9.3902,9.039
"8240","9/24/2025","7:50:30 PM",0,9.3919,9.012
"8241","9/24/2025","8:05:30 PM",0,9.393,8.983
"8242","9/24/2025","8:20:30 PM",0,9.3943,8.959
"8243","9/24/2025","8:35:30 PM",0,9.3943,8.939
"8244","9/24/2025","8:50:30 PM",0,9.3952,8.924
"8245","9/24/2025","9:05:30 PM",0,9.3961,8.909
"8246","9/24/2025","9:20:30 PM",0,9.3968,8.893
"8247","9/24/2025","9:35:30 PM",0,9.3964,8.887
"8248","9/24/2025","9:50:30 PM",0,9.3962,8.875
"8249","9/24/2025","10:05:30 PM",0,9.3964,8.864
"8250","9/24/2025","10:20:30 PM",0,9.3972,8.857
"8251","9/24/2025","10:35:30 PM",0,9.3976,8.848
"8252","9/24/2025","10:50:30 PM",0,9.3981,8.844
"8253","9/24/2025","11:05:30 PM",0,9.399,8.827
"8254","9/24/2025","11:20:30 PM",0,9.4,8.815
"8255","9/24/2025","11:35:30 PM",0,9.4008,8.808
"8256","9/24/2025","11:50:30 PM",0,9.4014,8.801
"8257","9/25/2025","12:05:30 AM",0,9.401,8.797
"8258","9/25/2025","12:20:30 AM",0,9.4012,8.797
"8259","9/25/2025","12:35:30 AM",0,9.4013,8.789
"8260","9/25/2025","12:50:30 AM",0,9.4011,8.783
"8261","9/25/2025","1:05:30 AM",0,9.4009,8.772
"8262","9/25/2025","1:20:30 AM",0,9.4012,8.768
"8263","9/25/2025","1:35:30 AM",0,9.4008,8.766
"8264","9/25/2025","1:50:30 AM",0,9.4009,8.763
"8265","9/25/2025","2:05:30 AM",0,9.4008,8.756
"8266","9/25/2025","2:20:30 AM",0,9.4004,8.747
"8267","9/25/2025","2:35:30 AM",0,9.4002,8.736
"8268","9/25/2025","2:50:30 AM",0,9.4,8.732
"8269","9/25/2025","3:05:30 AM",0,9.4002,8.722
"8270","9/25/2025","3:20:30 AM",0,9.3998,8.712
"8271","9/25/2025","3:35:30 AM",0,9.3998,8.704
"8272","9/25/2025","3:50:30 AM",0,9.3996,8.692
"8273","9/25/2025","4:05:30 AM",0,9.4003,8.686
"8274","9/25/2025","4:20:30 AM",0,9.4003,8.675
"8275","9/25/2025","4:35:30 AM",0,9.4003,8.672
"8276","9/25/2025","4:50:30 AM",0,9.4004,8.67
"8277","9/25/2025","5:05:30 AM",0,9.4003,8.667
"8278","9/25/2025","5:20:30 AM",0,9.401,8.663
"8279","9/25/2025","5:35:30 AM",0,9.4011,8.654
"8280","9/25/2025","5:50:30 AM",0,9.4015,8.653
"8281","9/25/2025","6:05:30 AM",0,9.4026,8.649
"8282","9/25/2025","6:20:30 AM",0,9.4023,8.641
"8283","9/25/2025","6:35:30 AM",0,9.4031,8.637
"8284","9/25/2025","6:50:30 AM",0,9.4031,8.629
"8285","9/25/2025","7:05:30 AM",0,9.4034,8.631
"8286","9/25/2025","7:20:30 AM",0,9.4047,8.631
"8287","9/25/2025","7:35:30 AM",0,9.4054,8.63
"8288","9/25/2025","7:50:30 AM",0,9.4079,8.641
"8289","9/25/2025","8:05:30 AM",0,9.4097,8.673
"8290","9/25/2025","8:20:30 AM",0,9.4102,8.712
"8291","9/25/2025","8:35:30 AM",0,9.4116,8.751
"8292","9/25/2025","8:50:30 AM",0,9.4125,8.803
"8293","9/25/2025","9:05:30 AM",0,9.4121,8.855
"8294","9/25/2025","9:20:30 AM",0,9.4126,8.916
"8295","9/25/2025","9:35:30 AM",0,9.4139,8.981
"8296","9/25/2025","9:50:30 AM",0,9.4152,9.053
"8297","9/25/2025","10:05:30 AM",0,9.4162,9.117
"8298","9/25/2025","10:20:30 AM",0,9.4166,9.186
"8299","9/25/2025","10:35:30 AM",0,9.4176,9.245
"8300","9/25/2025","10:50:30 AM",0,9.4192,9.312
"8301","9/25/2025","11:05:30 AM",0,9.4188,9.388
"8302","9/25/2025","11:20:30 AM",0,9.4185,9.452
"8303","9/25/2025","11:35:30 AM",0,9.4187,9.502
"8304","9/25/2025","11:50:30 AM",0,9.4184,9.564
"8305","9/25/2025","12:05:30 PM",0,9.4181,9.627
"8306","9/25/2025","12:20:30 PM",0,9.418,9.698
"8307","9/25/2025","12:35:30 PM",0,9.4181,9.775
"8308","9/25/2025","12:50:30 PM",0,9.416,9.852
"8309","9/25/2025","1:05:30 PM",0,9.4157,9.878
"8310","9/25/2025","1:20:30 PM",0,9.4129,9.876
"8311","9/25/2025","1:35:30 PM",0,9.4137,9.886
"8312","9/25/2025","1:50:30 PM",0,9.4116,9.916
"8313","9/25/2025","2:05:30 PM",0,9.4105,9.94
"8314","9/25/2025","2:20:30 PM",0,9.4074,9.948
"8315","9/25/2025","2:35:30 PM",0,9.4077,9.97
"8316","9/25/2025","2:50:30 PM",0,9.4069,9.961
"8317","9/25/2025","3:05:30 PM",0,9.4052,9.921
"8318","9/25/2025","3:20:30 PM",0,9.4037,9.884
"8319","9/25/2025","3:35:30 PM",0,9.4026,9.865
"8320","9/25/2025","3:50:30 PM",0,9.4034,9.86
"8321","9/25/2025","4:05:30 PM",0,9.4029,9.853
"8322","9/25/2025","4:20:30 PM",0,9.4024,9.822
"8323","9/25/2025","4:35:30 PM",0,9.4024,9.811
"8324","9/25/2025","4:50:30 PM",0,9.4022,9.774
"8325","9/25/2025","5:05:30 PM",0,9.4017,9.75
"8326","9/25/2025","5:20:30 PM",0,9.4024,9.681
"8327","9/25/2025","5:35:30 PM",0,9.4027,9.63
"8328","9/25/2025","5:50:30 PM",0,9.4013,9.526
"8329","9/25/2025","6:05:30 PM",0,9.4001,9.453
"8330","9/25/2025","6:20:30 PM",0,9.399,9.412
"8331","9/25/2025","6:35:30 PM",0,9.4006,9.386
"8332","9/25/2025","6:50:30 PM",0,9.3999,9.309
"8333","9/25/2025","7:05:30 PM",0,9.3992,9.214
"8334","9/25/2025","7:20:30 PM",0,9.399,9.162
"8335","9/25/2025","7:35:30 PM",0,9.3991,9.123
"8336","9/25/2025","7:50:30 PM",0,9.3988,9.11
"8337","9/25/2025","8:05:30 PM",0,9.3996,9.116
"8338","9/25/2025","8:20:30 PM",0,9.3993,9.112
"8339","9/25/2025","8:35:30 PM",0,9.4001,9.108
"8340","9/25/2025","8:50:30 PM",0,9.4009,9.087
"8341","9/25/2025","9:05:30 PM",0,9.401,9.065
"8342","9/25/2025","9:20:30 PM",0,9.401,9.08
"8343","9/25/2025","9:35:30 PM",0,9.403,9.067
"8344","9/25/2025","9:50:30 PM",0,9.4049,9.06
"8345","9/25/2025","10:05:30 PM",0,9.4043,9.043
"8346","9/25/2025","10:20:30 PM",0,9.405,9.026
"8347","9/25/2025","10:35:30 PM",0,9.404,9.005
"8348","9/25/2025","10:50:30 PM",0,9.4031,8.985
"8349","9/25/2025","11:05:30 PM",0,9.4018,8.959
"8350","9/25/2025","11:20:30 PM",0,9.4037,8.945
"8351","9/25/2025","11:35:30 PM",0,9.405,8.936
"8352","9/25/2025","11:50:30 PM",0,9.4048,8.912
"8353","9/26/2025","12:05:30 AM",0,9.4043,8.887
"8354","9/26/2025","12:20:30 AM",0,9.4027,8.866
"8355","9/26/2025","12:35:30 AM",0,9.4023,8.844
"8356","9/26/2025","12:50:30 AM",0,9.4021,8.823
"8357","9/26/2025","1:05:30 AM",0,9.4017,8.806
"8358","9/26/2025","1:20:30 AM",0,9.4015,8.793
"8359","9/26/2025","1:35:30 AM",0,9.4017,8.783
"8360","9/26/2025","1:50:30 AM",0,9.4015,8.76
"8361","9/26/2025","2:05:30 AM",0,9.4017,8.75
"8362","9/26/2025","2:20:30 AM",0,9.4024,8.734
"8363","9/26/2025","2:35:30 AM",0,9.4043,8.714
"8364","9/26/2025","2:50:30 AM",0,9.4041,8.69
"8365","9/26/2025","3:05:30 AM",0,9.4029,8.677
"8366","9/26/2025","3:20:30 AM",0,9.4028,8.671
"8367","9/26/2025","3:35:30 AM",0,9.4047,8.661
"8368","9/26/2025","3:50:30 AM",0,9.4048,8.649
"8369","9/26/2025","4:05:30 AM",0,9.4034,8.64
"8370","9/26/2025","4:20:30 AM",0,9.4031,8.636
"8371","9/26/2025","4:35:30 AM",0,9.4028,8.626
"8372","9/26/2025","4:50:30 AM",0,9.4027,8.606
"8373","9/26/2025","5:05:30 AM",0,9.4033,8.6
"8374","9/26/2025","5:20:30 AM",0,9.4036,8.591
"8375","9/26/2025","5:35:30 AM",0,9.4044,8.591
"8376","9/26/2025","5:50:30 AM",0,9.4054,8.589
"8377","9/26/2025","6:05:30 AM",0,9.4052,8.589
"8378","9/26/2025","6:20:30 AM",0,9.4074,8.58
"8379","9/26/2025","6:35:30 AM",0,9.4079,8.576
"8380","9/26/2025","6:50:30 AM",0,9.4089,8.562
"8381","9/26/2025","7:05:30 AM",0,9.4105,8.547
"8382","9/26/2025","7:20:30 AM",0,9.4105,8.527
"8383","9/26/2025","7:35:30 AM",0,9.4113,8.515
"8384","9/26/2025","7:50:30 AM",0,9.4128,8.52
"8385","9/26/2025","8:05:30 AM",0,9.4147,8.544
"8386","9/26/2025","8:20:30 AM",0,9.4154,8.585
"8387","9/26/2025","8:35:30 AM",0,9.4164,8.632
"8388","9/26/2025","8:50:30 AM",0,9.4171,8.69
"8389","9/26/2025","9:05:30 AM",0,9.4185,8.752
"8390","9/26/2025","9:20:30 AM",0,9.4198,8.821
"8391","9/26/2025","9:35:30 AM",0,9.4204,8.899
"8392","9/26/2025","9:50:30 AM",0,9.4216,8.975
"8393","9/26/2025","10:05:30 AM",0,9.4233,9.054
"8394","9/26/2025","10:20:30 AM",0,9.4251,9.119
"8395","9/26/2025","10:35:30 AM",0,9.4249,9.176
"8396","9/26/2025","10:50:30 AM",0,9.426,9.245
"8397","9/26/2025","11:05:30 AM",0,9.4264,9.292
"8398","9/26/2025","11:20:30 AM",0,9.4258,9.343
"8399","9/26/2025","11:35:30 AM",0,9.4261,9.407
"8400","9/26/2025","11:50:30 AM",0,9.426,9.475
"8401","9/26/2025","12:05:30 PM",0,9.4252,9.533
"8402","9/26/2025","12:20:30 PM",0,9.4242,9.573
"8403","9/26/2025","12:35:30 PM",0,9.4216,9.617
"8404","9/26/2025","12:50:30 PM",0,9.4206,9.686
"8405","9/26/2025","1:05:30 PM",0,9.4198,9.723
"8406","9/26/2025","1:20:30 PM",0,9.4169,9.751
"8407","9/26/2025","1:35:30 PM",0,9.4155,9.765
"8408","9/26/2025","1:50:30 PM",0,9.4126,9.762
"8409","9/26/2025","2:05:30 PM",0,9.4104,9.776
"8410","9/26/2025","2:20:30 PM",0,9.4081,9.78
"8411","9/26/2025","2:35:30 PM",0,9.4069,9.784
"8412","9/26/2025","2:50:30 PM",0,9.4034,9.772
"8413","9/26/2025","3:05:30 PM",0,9.4014,9.73
"8414","9/26/2025","3:20:30 PM",0,9.3992,9.698
"8415","9/26/2025","3:35:30 PM",0,9.398,9.651
"8416","9/26/2025","3:50:30 PM",0,9.396,9.611
"8417","9/26/2025","4:05:30 PM",0,9.3949,9.564
"8418","9/26/2025","4:20:30 PM",0,9.3933,9.529
"8419","9/26/2025","4:35:30 PM",0,9.3928,9.476
"8420","9/26/2025","4:50:30 PM",0,9.3914,9.433
"8421","9/26/2025","5:05:30 PM",0,9.3903,9.388
"8422","9/26/2025","5:20:30 PM",0,9.389,9.375
"8423","9/26/2025","5:35:30 PM",0,9.3894,9.361
"8424","9/26/2025","5:50:30 PM",0,9.3885,9.34
"8425","9/26/2025","6:05:30 PM",0,9.3858,9.313
"8426","9/26/2025","6:20:30 PM",0,9.3864,9.294
"8427","9/26/2025","6:35:30 PM",0,9.3836,9.23
"8428","9/26/2025","6:50:30 PM",0,9.3834,9.193
"8429","9/26/2025","7:05:30 PM",0,9.3821,9.144
"8430","9/26/2025","7:20:30 PM",0,9.38,9.1
"8431","9/26/2025","7:35:30 PM",0,9.3809,9.065
"8432","9/26/2025","7:50:30 PM",0,9.3815,9.076
"8433","9/26/2025","8:05:30 PM",0,9.3809,9.064
"8434","9/26/2025","8:20:30 PM",0,9.3806,9.043
"8435","9/26/2025","8:35:30 PM",0,9.381,9.019
"8436","9/26/2025","8:50:30 PM",0,9.3816,9.018
"8437","9/26/2025","9:05:30 PM",0,9.3801,8.992
"8438","9/26/2025","9:20:30 PM",0,9.3802,8.985
"8439","9/26/2025","9:35:30 PM",0,9.3807,8.985
"8440","9/26/2025","9:50:30 PM",0,9.3791,8.965
"8441","9/26/2025","10:05:30 PM",0,9.3801,8.951
"8442","9/26/2025","10:20:30 PM",0,9.3804,8.924
"8443","9/26/2025","10:35:30 PM",0,9.3801,8.9
"8444","9/26/2025","10:50:30 PM",0,9.3794,8.87
"8445","9/26/2025","11:05:30 PM",0,9.3797,8.847
"8446","9/26/2025","11:20:30 PM",0,9.3786,8.832
"8447","9/26/2025","11:35:30 PM",0,9.3781,8.81
"8448","9/26/2025","11:50:30 PM",0,9.3772,8.796
"8449","9/27/2025","12:05:30 AM",0,9.3765,8.778
"8450","9/27/2025","12:20:30 AM",0,9.3784,8.765
"8451","9/27/2025","12:35:30 AM",0,9.3784,8.755
"8452","9/27/2025","12:50:30 AM",0,9.3776,8.737
"8453","9/27/2025","1:05:30 AM",0,9.3786,8.724
"8454","9/27/2025","1:20:30 AM",0,9.3772,8.713
"8455","9/27/2025","1:35:30 AM",0,9.3767,8.702
"8456","9/27/2025","1:50:30 AM",0,9.3766,8.706
"8457","9/27/2025","2:05:30 AM",0,9.377,8.699
"8458","9/27/2025","2:20:30 AM",0,9.3762,8.679
"8459","9/27/2025","2:35:30 AM",0,9.3761,8.657
"8460","9/27/2025","2:50:30 AM",0,9.3755,8.646
"8461","9/27/2025","3:05:30 AM",0,9.3745,8.634
"8462","9/27/2025","3:20:30 AM",0,9.3738,8.636
"8463","9/27/2025","3:35:30 AM",0,9.3728,8.627
"8464","9/27/2025","3:50:30 AM",0,9.3715,8.607
"8465","9/27/2025","4:05:30 AM",0,9.3718,8.591
"8466","9/27/2025","4:20:30 AM",0,9.3716,8.576
"8467","9/27/2025","4:35:30 AM",0,9.3711,8.564
"8468","9/27/2025","4:50:30 AM",0,9.3697,8.561
"8469","9/27/2025","5:05:30 AM",0,9.3687,8.556
"8470","9/27/2025","5:20:30 AM",0,9.369,8.548
"8471","9/27/2025","5:35:30 AM",0,9.3689,8.545
"8472","9/27/2025","5:50:30 AM",0,9.3681,8.543
"8473","9/27/2025","6:05:30 AM",0,9.3679,8.544
"8474","9/27/2025","6:20:30 AM",0,9.3684,8.554
"8475","9/27/2025","6:35:30 AM",0,9.3691,8.557
"8476","9/27/2025","6:50:30 AM",0,9.369,8.551
"8477","9/27/2025","7:05:30 AM",0,9.3687,8.551
"8478","9/27/2025","7:20:30 AM",0,9.3679,8.555
"8479","9/27/2025","7:35:30 AM",0,9.3673,8.54
"8480","9/27/2025","7:50:30 AM",0,9.3682,8.545
"8481","9/27/2025","8:05:30 AM",0,9.3682,8.568
"8482","9/27/2025","8:20:30 AM",0,9.3689,8.607
"8483","9/27/2025","8:35:30 AM",0,9.3681,8.65
"8484","9/27/2025","8:50:30 AM",0,9.3661,8.703
"8485","9/27/2025","9:05:30 AM",0,9.3657,8.765
"8486","9/27/2025","9:20:30 AM",0,9.3646,8.836
"8487","9/27/2025","9:35:30 AM",0,9.3646,8.911
"8488","9/27/2025","9:50:30 AM",0,9.3647,8.987
"8489","9/27/2025","10:05:30 AM",0,9.3648,9.061
"8490","9/27/2025","10:20:30 AM",0,9.3642,9.124
"8491","9/27/2025","10:35:30 AM",0,9.3547,9.186
"8492","9/27/2025","10:50:30 AM",0,9.3561,9.251
"8493","9/27/2025","11:05:30 AM",0,9.3566,9.31
"8494","9/27/2025","11:20:30 AM",0,9.3567,9.366
"8495","9/27/2025","11:35:30 AM",0,9.3564,9.425
"8496","9/27/2025","11:50:30 AM",0,9.3556,9.484
"8497","9/27/2025","12:05:30 PM",0,9.3549,9.548
"8498","9/27/2025","12:20:30 PM",0,9.3535,9.615
"8499","9/27/2025","12:35:30 PM",0,9.3531,9.676
"8500","9/27/2025","12:50:30 PM",0,9.3516,9.733
"8501","9/27/2025","1:05:30 PM",0,9.351,9.756
"8502","9/27/2025","1:20:30 PM",0,9.3494,9.776
"8503","9/27/2025","1:35:30 PM",0,9.3478,9.785
"8504","9/27/2025","1:50:30 PM",0,9.3462,9.787
"8505","9/27/2025","2:05:30 PM",0,9.3454,9.785
"8506","9/27/2025","2:20:30 PM",0,9.3428,9.772
"8507","9/27/2025","2:35:30 PM",0,9.3413,9.775
"8508","9/27/2025","2:50:30 PM",0,9.3393,9.765
"8509","9/27/2025","3:05:30 PM",0,9.3369,9.735
"8510","9/27/2025","3:20:30 PM",0,9.3343,9.701
"8511","9/27/2025","3:35:30 PM",0,9.3335,9.65
"8512","9/27/2025","3:50:30 PM",0,9.3314,9.606
"8513","9/27/2025","4:05:30 PM",0,9.3306,9.565
"8514","9/27/2025","4:20:30 PM",0,9.3292,9.531
"8515","9/27/2025","4:35:30 PM",0,9.3279,9.493
"8516","9/27/2025","4:50:30 PM",0,9.326,9.445
"8517","9/27/2025","5:05:30 PM",0,9.3248,9.411
"8518","9/27/2025","5:20:30 PM",0,9.3247,9.367
"8519","9/27/2025","5:35:30 PM",0,9.324,9.321
"8520","9/27/2025","5:50:30 PM",0,9.3226,9.27
"8521","9/27/2025","6:05:30 PM",0,9.3235,9.22
"8522","9/27/2025","6:20:30 PM",0,9.3231,9.178
"8523","9/27/2025","6:35:30 PM",0,9.3222,9.135
"8524","9/27/2025","6:50:30 PM",0,9.322,9.1
"8525","9/27/2025","7:05:30 PM",0,9.3223,9.065
"8526","9/27/2025","7:20:30 PM",0,9.3237,9.039
"8527","9/27/2025","7:35:30 PM",0,9.3241,9.018
"8528","9/27/2025","7:50:30 PM",0,9.3252,9.006
"8529","9/27/2025","8:05:30 PM",0,9.3271,8.997
"8530","9/27/2025","8:20:30 PM",0,9.3287,8.994
"8531","9/27/2025","8:35:30 PM",0,9.3299,8.973
"8532","9/27/2025","8:50:30 PM",0,9.3317,8.946
"8533","9/27/2025","9:05:30 PM",0,9.3325,8.921
"8534","9/27/2025","9:20:30 PM",0,9.3337,8.908
"8535","9/27/2025","9:35:30 PM",0,9.3344,8.889
"8536","9/27/2025","9:50:30 PM",0,9.3352,8.877
"8537","9/27/2025","10:05:30 PM",0,9.3353,8.865
"8538","9/27/2025","10:20:30 PM",0,9.3356,8.854
"8539","9/27/2025","10:35:30 PM",0,9.3364,8.841
"8540","9/27/2025","10:50:30 PM",0,9.3366,8.829
"8541","9/27/2025","11:05:30 PM",0,9.3377,8.829
"8542","9/27/2025","11:20:30 PM",0,9.3379,8.822
"8543","9/27/2025","11:35:30 PM",0,9.3371,8.82
"8544","9/27/2025","11:50:30 PM",0,9.3371,8.817
"8545","9/28/2025","12:05:30 AM",0,9.3375,8.813
"8546","9/28/2025","12:20:30 AM",0,9.3377,8.813
"8547","9/28/2025","12:35:30 AM",0,9.3376,8.817
"8548","9/28/2025","12:50:30 AM",0,9.3378,8.817
"8549","9/28/2025","1:05:30 AM",0,9.3387,8.814
"8550","9/28/2025","1:20:30 AM",0,9.3393,8.813
"8551","9/28/2025","1:35:30 AM",0,9.3398,8.803
"8552","9/28/2025","1:50:30 AM",0,9.3396,8.796
"8553","9/28/2025","2:05:30 AM",0,9.3395,8.794
"8554","9/28/2025","2:20:30 AM",0,9.3409,8.79
"8555","9/28/2025","2:35:30 AM",0,9.3409,8.796
"8556","9/28/2025","2:50:30 AM",0,9.3418,8.797
"8557","9/28/2025","3:05:30 AM",0,9.3414,8.798
"8558","9/28/2025","3:20:30 AM",0,9.3412,8.801
"8559","9/28/2025","3:35:30 AM",0,9.3419,8.808
"8560","9/28/2025","3:50:30 AM",0,9.3421,8.808
"8561","9/28/2025","4:05:30 AM",0,9.3429,8.811
"8562","9/28/2025","4:20:30 AM",0,9.343,8.824
"8563","9/28/2025","4:35:30 AM",0,9.3429,8.835
"8564","9/28/2025","4:50:30 AM",0,9.3432,8.833
"8565","9/28/2025","5:05:30 AM",0,9.3421,8.832
"8566","9/28/2025","5:20:30 AM",0,9.3424,8.83
"8567","9/28/2025","5:35:30 AM",0,9.3427,8.828
"8568","9/28/2025","5:50:30 AM",0,9.3429,8.825
"8569","9/28/2025","6:05:30 AM",0,9.343,8.822
"8570","9/28/2025","6:20:30 AM",0,9.3442,8.815
"8571","9/28/2025","6:35:30 AM",0,9.3445,8.809
"8572","9/28/2025","6:50:30 AM",0,9.3443,8.817
"8573","9/28/2025","7:05:30 AM",0,9.345,8.827
"8574","9/28/2025","7:20:30 AM",0,9.3457,8.824
"8575","9/28/2025","7:35:30 AM",0,9.3462,8.82
"8576","9/28/2025","7:50:30 AM",0,9.3477,8.821
"8577","9/28/2025","8:05:30 AM",0,9.348,8.825
"8578","9/28/2025","8:20:30 AM",0,9.3489,8.839
"8579","9/28/2025","8:35:30 AM",0,9.3487,8.858
"8580","9/28/2025","8:50:30 AM",0,9.3496,8.895
"8581","9/28/2025","9:05:30 AM",0,9.3511,8.934
"8582","9/28/2025","9:20:30 AM",0,9.3526,8.987
"8583","9/28/2025","9:35:30 AM",0,9.3543,9.055
"8584","9/28/2025","9:50:30 AM",0,9.3559,9.155
"8585","9/28/2025","10:05:30 AM",0,9.3572,9.231
"8586","9/28/2025","10:20:30 AM",0,9.3592,9.33
"8587","9/28/2025","10:35:30 AM",0,9.3601,9.404
"8588","9/28/2025","10:50:30 AM",0,9.3615,9.543
"8589","9/28/2025","11:05:30 AM",0,9.3625,9.64
"8590","9/28/2025","11:20:30 AM",0,9.3629,9.716
"8591","9/28/2025","11:35:30 AM",0,9.3609,9.644
"8592","9/28/2025","11:50:30 AM",0,9.3621,9.697
"8593","9/28/2025","12:05:30 PM",0,9.3622,9.725
"8594","9/28/2025","12:20:30 PM",0,9.3634,9.856
"8595","9/28/2025","12:35:30 PM",0,9.3641,9.962
"8596","9/28/2025","12:50:30 PM",0,9.3652,10.053
"8597","9/28/2025","1:05:30 PM",0,9.366,10.098
"8598","9/28/2025","1:20:30 PM",0,9.3658,10.107
"8599","9/28/2025","1:35:30 PM",0,9.3656,10.115
"8600","9/28/2025","1:50:30 PM",0,9.3637,10.136
"8601","9/28/2025","2:05:30 PM",0,9.362,10.125
"8602","9/28/2025","2:20:30 PM",0,9.3612,10.118
"8603","9/28/2025","2:35:30 PM",0,9.3598,10.079
"8604","9/28/2025","2:50:30 PM",0,9.3605,10.089
"8605","9/28/2025","3:05:30 PM",0,9.3605,10.057
"8606","9/28/2025","3:20:30 PM",0,9.3594,9.918
"8607","9/28/2025","3:35:30 PM",0,9.3591,9.827
"8608","9/28/2025","3:50:30 PM",0,9.358,9.738
"8609","9/28/2025","4:05:30 PM",0,9.358,9.701
"8610","9/28/2025","4:20:30 PM",0,9.3568,9.67
"8611","9/28/2025","4:35:30 PM",0,9.3561,9.66
"8612","9/28/2025","4:50:30 PM",0,9.3553,9.66
"8613","9/28/2025","5:05:30 PM",0,9.355,9.647
"8614","9/28/2025","5:20:30 PM",0,9.3543,9.621
"8615","9/28/2025","5:35:30 PM",0,9.3532,9.589
"8616","9/28/2025","5:50:30 PM",0,9.3532,9.544
"8617","9/28/2025","6:05:30 PM",0,9.3532,9.511
"8618","9/28/2025","6:20:30 PM",0,9.3525,9.467
"8619","9/28/2025","6:35:30 PM",0,9.3529,9.415
"8620","9/28/2025","6:50:30 PM",0,9.3516,9.359
"8621","9/28/2025","7:05:30 PM",0,9.3525,9.325
"8622","9/28/2025","7:20:30 PM",0,9.353,9.31
"8623","9/28/2025","7:35:30 PM",0,9.3532,9.277
"8624","9/28/2025","7:50:30 PM",0,9.3543,9.248
"8625","9/28/2025","8:05:30 PM",0,9.354,9.241
"8626","9/28/2025","8:20:30 PM",0,9.3548,9.23
"8627","9/28/2025","8:35:30 PM",0,9.3558,9.231
"8628","9/28/2025","8:50:30 PM",0,9.3566,9.228
"8629","9/28/2025","9:05:30 PM",0,9.3566,9.219
"8630","9/28/2025","9:20:30 PM",0,9.3565,9.204
"8631","9/28/2025","9:35:30 PM",0,9.3555,9.213
"8632","9/28/2025","9:50:30 PM",0,9.3545,9.177
"8633","9/28/2025","10:05:30 PM",0,9.3561,9.162
"8634","9/28/2025","10:20:30 PM",0,9.3568,9.173
"8635","9/28/2025","10:35:30 PM",0,9.3572,9.166
"8636","9/28/2025","10:50:30 PM",0,9.3579,9.161
"8637","9/28/2025","11:05:30 PM",0,9.358,9.15
"8638","9/28/2025","11:20:30 PM",0,9.3595,9.13
"8639","9/28/2025","11:35:30 PM",0,9.3582,9.141
"8640","9/28/2025","11:50:30 PM",0,9.3577,9.153
"8641","9/29/2025","12:05:30 AM",0,9.356,9.145
"8642","9/29/2025","12:20:30 AM",0,9.354,9.145
"8643","9/29/2025","12:35:30 AM",0,9.3532,9.113
"8644","9/29/2025","12:50:30 AM",0,9.3534,9.056
"8645","9/29/2025","1:05:30 AM",0,9.3547,9.045
"8646","9/29/2025","1:20:30 AM",0,9.3554,9.043
"8647","9/29/2025","1:35:30 AM",0,9.3553,9.062
"8648","9/29/2025","1:50:30 AM",0,9.355,9.071
"8649","9/29/2025","2:05:30 AM",0,9.3552,9.035
"8650","9/29/2025","2:20:30 AM",0,9.3563,9.02
"8651","9/29/2025","2:35:30 AM",0,9.3557,9.032
"8652","9/29/2025","2:50:30 AM",0,9.3562,9.05
"8653","9/29/2025","3:05:30 AM",0,9.3563,9.039
"8654","9/29/2025","3:20:30 AM",0,9.3543,9.053
"8655","9/29/2025","3:35:30 AM",0,9.3544,9.084
"8656","9/29/2025","3:50:30 AM",0,9.3505,9.103
"8657","9/29/2025","4:05:30 AM",0,9.3471,9.097
"8658","9/29/2025","4:20:30 AM",0,9.3486,9.077
"8659","9/29/2025","4:35:30 AM",0,9.3479,9.049
"8660","9/29/2025","4:50:30 AM",0,9.3491,9.051
"8661","9/29/2025","5:05:30 AM",0,9.3501,9.068
"8662","9/29/2025","5:20:30 AM",0,9.3475,9.053
"8663","9/29/2025","5:35:30 AM",0,9.3468,9.049
"8664","9/29/2025","5:50:30 AM",0,9.3465,9.061
"8665","9/29/2025","6:05:30 AM",0,9.3466,9.059
"8666","9/29/2025","6:20:30 AM",0,9.3467,9.056
"8667","9/29/2025","6:35:30 AM",0,9.3471,9.054
"8668","9/29/2025","6:50:30 AM",0,9.3468,9.054
"8669","9/29/2025","7:05:30 AM",0,9.3463,9.051
"8670","9/29/2025","7:20:30 AM",0,9.3477,9.04
"8671","9/29/2025","7:35:30 AM",0,9.3456,9.043
"8672","9/29/2025","7:50:30 AM",0,9.3471,9.032
"8673","9/29/2025","8:05:30 AM",0,9.3461,9.037
"8674","9/29/2025","8:20:30 AM",0,9.3471,9.066
"8675","9/29/2025","8:35:30 AM",0,9.3464,9.096
"8676","9/29/2025","8:50:30 AM",0,9.3473,9.134
"8677","9/29/2025","9:05:30 AM",0,9.3473,9.151
"8678","9/29/2025","9:20:30 AM",0,9.3481,9.192
"8679","9/29/2025","9:35:30 AM",0,9.3486,9.221
"8680","9/29/2025","9:50:30 AM",0,9.3485,9.242
"8681","9/29/2025","10:05:30 AM",0,9.3478,9.267
"8682","9/29/2025","10:20:30 AM",0,9.3497,9.28
"8683","9/29/2025","10:35:30 AM",0,9.3482,9.274
"8684","9/29/2025","10:50:30 AM",0,9.3474,9.279
"8685","9/29/2025","11:05:30 AM",0,9.3476,9.265
"8686","9/29/2025","11:20:30 AM",0,9.3462,9.274
"8687","9/29/2025","11:35:30 AM",0,9.347,9.252
"8688","9/29/2025","11:50:30 AM",0,9.3492,9.269
"8689","9/29/2025","12:05:30 PM",0,9.3479,9.3
"8690","9/29/2025","12:20:30 PM",0,9.3478,9.302
"8691","9/29/2025","12:35:30 PM",0,9.3482,9.322
"8692","9/29/2025","12:50:30 PM",0,9.3502,9.34
"8693","9/29/2025","1:05:30 PM",0,9.3499,9.316
"8694","9/29/2025","1:20:30 PM",0,9.3504,9.29
"8695","9/29/2025","1:35:30 PM",0,9.3502,9.258
"8696","9/29/2025","1:50:30 PM",0,9.3505,9.216
"8697","9/29/2025","2:05:30 PM",0,9.351,9.151
"8698","9/29/2025","2:20:30 PM",0,9.3531,9.118
"8699","9/29/2025","2:35:30 PM",0,9.3535,9.086
"8700","9/29/2025","2:50:30 PM",0,9.3539,9.071
"8701","9/29/2025","3:05:30 PM",0,9.3559,9.056
"8702","9/29/2025","3:20:30 PM",0,9.3579,9.061
"8703","9/29/2025","3:35:30 PM",0,9.3586,9.05
"8704","9/29/2025","3:50:30 PM",0,9.3585,9.05
"8705","9/29/2025","4:05:30 PM",0,9.3598,9.077
"8706","9/29/2025","4:20:30 PM",0,9.3602,9.084
"8707","9/29/2025","4:35:30 PM",0,9.3575,9.063
"8708","9/29/2025","4:50:30 PM",0,9.3564,9.068
"8709","9/29/2025","5:05:30 PM",0,9.3556,9.053
"8710","9/29/2025","5:20:30 PM",0,9.3531,9.041
"8711","9/29/2025","5:35:30 PM",0,9.3527,9.015
"8712","9/29/2025","5:50:30 PM",0,9.3525,8.994
"8713","9/29/2025","6:05:30 PM",0,9.3495,8.969
"8714","9/29/2025","6:20:30 PM",0,9.3501,8.945
"8715","9/29/2025","6:35:30 PM",0,9.3507,8.934
"8716","9/29/2025","6:50:30 PM",0,9.3507,8.911
"8717","9/29/2025","7:05:30 PM",0,9.3497,8.892
"8718","9/29/2025","7:20:30 PM",0,9.3492,8.861
"8719","9/29/2025","7:35:30 PM",0,9.3491,8.834
"8720","9/29/2025","7:50:30 PM",0,9.3479,8.816
"8721","9/29/2025","8:05:30 PM",0,9.3479,8.804
"8722","9/29/2025","8:20:30 PM",0,9.3478,8.802
"8723","9/29/2025","8:35:30 PM",0,9.3471,8.799
"8724","9/29/2025","8:50:30 PM",0,9.3465,8.788
"8725","9/29/2025","9:05:30 PM",0,9.3469,8.776
"8726","9/29/2025","9:20:30 PM",0,9.3464,8.755
"8727","9/29/2025","9:35:30 PM",0,9.3464,8.734
"8728","9/29/2025","9:50:30 PM",0,9.3466,8.72
"8729","9/29/2025","10:05:30 PM",0,9.3471,8.712
"8730","9/29/2025","10:20:30 PM",0,9.348,8.71
"8731","9/29/2025","10:35:30 PM",0,9.3485,8.721
"8732","9/29/2025","10:50:30 PM",0,9.3487,8.733
"8733","9/29/2025","11:05:30 PM",0,9.3482,8.748
"8734","9/29/2025","11:20:30 PM",0,9.3484,8.76
"8735","9/29/2025","11:35:30 PM",0,9.3482,8.765
"8736","9/29/2025","11:50:30 PM",0,9.3488,8.764
"8737","9/30/2025","12:05:30 AM",0,9.3479,8.763
"8738","9/30/2025","12:20:30 AM",0,9.3489,8.768
"8739","9/30/2025","12:35:30 AM",0,9.3484,8.77
"8740","9/30/2025","12:50:30 AM",0,9.3481,8.776
"8741","9/30/2025","1:05:30 AM",0,9.3491,8.789
"8742","9/30/2025","1:20:30 AM",0,9.3486,8.791
"8743","9/30/2025","1:35:30 AM",0,9.3484,8.791
"8744","9/30/2025","1:50:30 AM",0,9.3489,8.793
"8745","9/30/2025","2:05:30 AM",0,9.3486,8.792
"8746","9/30/2025","2:20:30 AM",0,9.3479,8.789
"8747","9/30/2025","2:35:30 AM",0,9.3472,8.78
"8748","9/30/2025","2:50:30 AM",0,9.3465,8.768
"8749","9/30/2025","3:05:30 AM",0,9.3451,8.751
"8750","9/30/2025","3:20:30 AM",0,9.3437,8.726
"8751","9/30/2025","3:35:30 AM",0,9.3435,8.709
"8752","9/30/2025","3:50:30 AM",0,9.3436,8.69
"8753","9/30/2025","4:05:30 AM",0,9.3424,8.666
"8754","9/30/2025","4:20:30 AM",0,9.3407,8.65
"8755","9/30/2025","4:35:30 AM",0,9.3417,8.639
"8756","9/30/2025","4:50:30 AM",0,9.341,8.624
"8757","9/30/2025","5:05:30 AM",0,9.3411,8.611
"8758","9/30/2025","5:20:30 AM",0,9.3405,8.596
"8759","9/30/2025","5:35:30 AM",0,9.3406,8.587
"8760","9/30/2025","5:50:30 AM",0,9.3402,8.577
"8761","9/30/2025","6:05:30 AM",0,9.3381,8.565
"8762","9/30/2025","6:20:30 AM",0,9.338,8.552
"8763","9/30/2025","6:35:30 AM",0,9.3375,8.538
"8764","9/30/2025","6:50:30 AM",0,9.3376,8.519
"8765","9/30/2025","7:05:30 AM",0,9.3372,8.504
"8766","9/30/2025","7:20:30 AM",0,9.3373,8.498
"8767","9/30/2025","7:35:30 AM",0,9.3367,8.504
"8768","9/30/2025","7:50:30 AM",0,9.3365,8.533
"8769","9/30/2025","8:05:30 AM",0,9.3368,8.553
"8770","9/30/2025","8:20:30 AM",0,9.3363,8.584
"8771","9/30/2025","8:35:30 AM",0,9.3383,8.611
"8772","9/30/2025","8:50:30 AM",0,9.3386,8.673
"8773","9/30/2025","9:05:30 AM",0,9.338,8.738
"8774","9/30/2025","9:20:30 AM",0,9.34,8.831
"8775","9/30/2025","9:35:30 AM",0,9.3417,8.873
"8776","9/30/2025","9:50:30 AM",0,9.3442,8.934
"8777","9/30/2025","10:05:30 AM",0,9.3452,9.033
"8778","9/30/2025","10:20:30 AM",0,9.3466,9.085
"8779","9/30/2025","10:35:30 AM",0,9.3478,9.195
"8780","9/30/2025","10:50:30 AM",0,9.3491,9.239
"8781","9/30/2025","11:05:30 AM",0,9.3501,9.295
"8782","9/30/2025","11:20:30 AM",0,9.3493,9.298
"8783","9/30/2025","11:35:30 AM",0,9.3483,9.266
"8784","9/30/2025","11:50:30 AM",0,9.3468,9.222
"8785","9/30/2025","12:05:30 PM",0,9.345,9.186
"8786","9/30/2025","12:20:30 PM",0,9.3432,9.135
"8787","9/30/2025","12:35:30 PM",0,9.3433,9.112
"8788","9/30/2025","12:50:30 PM",0,9.3442,9.14
"8789","9/30/2025","1:05:30 PM",0,9.3456,9.187
"8790","9/30/2025","1:20:30 PM",0,9.3461,9.193
"8791","9/30/2025","1:35:30 PM",0,9.346,9.213
"8792","9/30/2025","1:50:30 PM",0,9.3475,9.225
"8793","9/30/2025","2:05:30 PM",0,9.346,9.185
"8794","9/30/2025","2:20:30 PM",0,9.3453,9.16
"8795","9/30/2025","2:35:30 PM",0,9.3477,9.149
"8796","9/30/2025","2:50:30 PM",0,9.3477,9.139
"8797","9/30/2025","3:05:30 PM",0,9.3488,9.126
"8798","9/30/2025","3:20:30 PM",0,9.3476,9.093
"8799","9/30/2025","3:35:30 PM",0,9.3473,9.111
"8800","9/30/2025","3:50:30 PM",0,9.3475,9.156
"8801","9/30/2025","4:05:30 PM",0,9.3479,9.143
"8802","9/30/2025","4:20:30 PM",0,9.3469,9.13
"8803","9/30/2025","4:35:30 PM",0,9.3481,9.127
"8804","9/30/2025","4:50:30 PM",0,9.3466,9.105
"8805","9/30/2025","5:05:30 PM",0,9.3478,9.084
"8806","9/30/2025","5:20:30 PM",0,9.3479,9.069
"8807","9/30/2025","5:35:30 PM",0,9.3479,9.06
"8808","9/30/2025","5:50:30 PM",0,9.3478,9.048
"8809","9/30/2025","6:05:30 PM",0,9.347,9.037
"8810","9/30/2025","6:20:30 PM",0,9.3469,9.019
"8811","9/30/2025","6:35:30 PM",0,9.3476,9.012
"8812","9/30/2025","6:50:30 PM",0,9.3467,8.985
"8813","9/30/2025","7:05:30 PM",0,9.3463,8.977
"8814","9/30/2025","7:20:30 PM",0,9.3477,8.966
"8815","9/30/2025","7:35:30 PM",0,9.3496,8.969
"8816","9/30/2025","7:50:30 PM",0,9.351,8.966
"8817","9/30/2025","8:05:30 PM",0,9.3531,8.964
"8818","9/30/2025","8:20:30 PM",0,9.355,8.944
"8819","9/30/2025","8:35:30 PM",0,9.3559,8.934
"8820","9/30/2025","8:50:30 PM",0,9.3554,8.919
"8821","9/30/2025","9:05:30 PM",0,9.356,8.91
"8822","9/30/2025","9:20:30 PM",0,9.3568,8.9
"8823","9/30/2025","9:35:30 PM",0,9.358,8.893
"8824","9/30/2025","9:50:30 PM",0,9.3571,8.888
"8825","9/30/2025","10:05:30 PM",0,9.3576,8.886
"8826","9/30/2025","10:20:30 PM",0,9.3569,8.875
"8827","9/30/2025","10:35:30 PM",0,9.3583,8.86
"8828","9/30/2025","10:50:30 PM",0,9.3586,8.851
"8829","9/30/2025","11:05:30 PM",0,9.3595,8.846
"8830","9/30/2025","11:20:30 PM",0,9.3595,8.848
"8831","9/30/2025","11:35:30 PM",0,9.3599,8.841
"8832","9/30/2025","11:50:30 PM",0,9.3593,8.829
